GRANT SELECT, INSERT, UPDATE, DELETE ON TABLE account TO ssbd05mok;
GRANT SELECT, INSERT, UPDATE, DELETE ON TABLE access_level TO ssbd05mok;
GRANT SELECT, INSERT, UPDATE, DELETE ON TABLE account_data TO ssbd05mok;
GRANT SELECT, INSERT, UPDATE, DELETE ON TABLE admin_data TO ssbd05mok;
GRANT SELECT, INSERT, UPDATE, DELETE ON TABLE manager_data TO ssbd05mok;
GRANT SELECT, INSERT, UPDATE, DELETE ON TABLE owner_data TO ssbd05mok;
GRANT SELECT, INSERT, DELETE ON TABLE token TO ssbd05mok;

CREATE VIEW auth_view AS SELECT login, password, level FROM account a, access_level al WHERE (a.id = al.account_id) AND a.active = TRUE AND a.verified = TRUE AND al.active = TRUE;

GRANT SELECT ON auth_view TO ssbd05auth;

GRANT SELECT, INSERT, UPDATE ON TABLE building TO ssbd05mow;
GRANT SELECT ON TABLE category TO ssbd05mow;
GRANT SELECT, INSERT, UPDATE, DELETE ON TABLE cost TO ssbd05mow;
GRANT SELECT, INSERT, UPDATE ON TABLE forecast TO ssbd05mow;
GRANT SELECT, INSERT ON TABLE meter TO ssbd05mow;
GRANT SELECT, INSERT, UPDATE ON TABLE place TO ssbd05mow;
GRANT SELECT, INSERT, DELETE ON TABLE place_owner TO ssbd05mow;
GRANT SELECT, INSERT, DELETE ON TABLE place_rate TO ssbd05mow;
GRANT SELECT, INSERT, DELETE ON TABLE rate TO ssbd05mow;
GRANT SELECT, INSERT ON TABLE reading TO ssbd05mow;
GRANT SELECT, INSERT ON TABLE report TO ssbd05mow;

GRANT SELECT ON TABLE account TO ssbd05mow;
GRANT SELECT ON TABLE account_data TO ssbd05mow;
GRANT SELECT ON TABLE access_level TO ssbd05mow;
GRANT SELECT ON TABLE owner_data TO ssbd05mow;
GRANT SELECT ON TABLE manager_data TO ssbd05mow;

GRANT SELECT, UPDATE ON SEQUENCE access_level_id_seq TO ssbd05mok;
GRANT SELECT, UPDATE ON SEQUENCE account_id_seq TO ssbd05mok;
GRANT SELECT, UPDATE ON SEQUENCE token_id_seq TO ssbd05mok;

GRANT SELECT, UPDATE ON SEQUENCE building_id_seq TO ssbd05mow;
GRANT SELECT, UPDATE ON SEQUENCE category_id_seq TO ssbd05mow;
GRANT SELECT, UPDATE ON SEQUENCE cost_id_seq TO ssbd05mow;
GRANT SELECT, UPDATE ON SEQUENCE forecast_id_seq TO ssbd05mow;
GRANT SELECT, UPDATE ON SEQUENCE meter_id_seq TO ssbd05mow;
GRANT SELECT, UPDATE ON SEQUENCE place_id_seq TO ssbd05mow;
GRANT SELECT, UPDATE ON SEQUENCE rate_id_seq TO ssbd05mow;
GRANT SELECT, UPDATE ON SEQUENCE reading_id_seq TO ssbd05mow;
GRANT SELECT, UPDATE ON SEQUENCE report_id_seq TO ssbd05mow;

CREATE INDEX access_level_account_id ON access_level USING btree (account_id);
CREATE INDEX cost_category_id ON cost USING btree (category_id);
CREATE INDEX forecast_place_id ON forecast USING btree (place_id);
CREATE INDEX forecast_rate_id ON forecast USING btree (rate_id);
CREATE INDEX meter_category_id ON meter USING btree (category_id);
CREATE INDEX meter_place_id ON meter USING btree (place_id);
CREATE INDEX place_building_id ON place USING btree (building_id);
CREATE INDEX place_owner_owner_id ON place_owner USING btree (owner_id);
CREATE INDEX place_owner_place_id ON place_owner USING btree (place_id);
CREATE INDEX place_rate_place_id ON place_rate USING btree (place_id);
CREATE INDEX place_rate_rate_id ON place_rate USING btree (rate_id);
CREATE INDEX rate_category_id ON rate USING btree (category_id);
CREATE INDEX reading_meter_id ON reading USING btree (meter_id);
CREATE INDEX report_category_id ON report USING btree (category_id);
CREATE INDEX report_place_id ON report USING btree (place_id);
CREATE INDEX token_account_id ON token USING btree (account_id);

insert into public.account (id, active, email, language, login, password, verified, version, last_successful_login, last_successful_login_ip, last_unsuccessful_login, last_unsuccessful_login_ip, unsuccessful_login_chain_counter) values (-1, true, 'ikaminski@gmail.local', 'PL', 'ikaminski', '$2a$10$47RnVSSBePYgtBVtERuu8.6Z3vVoBq4oriZgy.LAvB0dL2UuVV6RW', true, 0, null, null, null, null, 0);
insert into public.account (id, active, email, language, login, password, verified, version, last_successful_login, last_successful_login_ip, last_unsuccessful_login, last_unsuccessful_login_ip, unsuccessful_login_chain_counter) values (-2, true, 'lnowicki@gmail.local', 'PL', 'lnowicki', '$2a$10$47RnVSSBePYgtBVtERuu8.6Z3vVoBq4oriZgy.LAvB0dL2UuVV6RW', true, 0, null, null, null, null, 0);
insert into public.account (id, active, email, language, login, password, verified, version, last_successful_login, last_successful_login_ip, last_unsuccessful_login, last_unsuccessful_login_ip, unsuccessful_login_chain_counter) values (-3, true, 'pzielinski@gmail.local', 'PL', 'pzielinski', '$2a$10$47RnVSSBePYgtBVtERuu8.6Z3vVoBq4oriZgy.LAvB0dL2UuVV6RW', true, 0, null, null, null, null, 0);
insert into public.account (id, active, email, language, login, password, verified, version, last_successful_login, last_successful_login_ip, last_unsuccessful_login, last_unsuccessful_login_ip, unsuccessful_login_chain_counter) values (-4, true, 'pduda@gmail.local', 'PL', 'pduda', '$2a$10$47RnVSSBePYgtBVtERuu8.6Z3vVoBq4oriZgy.LAvB0dL2UuVV6RW', true, 0, null, null, null, null, 0);
insert into public.account (id, active, email, language, login, password, verified, version, last_successful_login, last_successful_login_ip, last_unsuccessful_login, last_unsuccessful_login_ip, unsuccessful_login_chain_counter) values (-5, true, 'dchmielewski@gmail.local', 'PL', 'dchmielewski', '$2a$10$47RnVSSBePYgtBVtERuu8.6Z3vVoBq4oriZgy.LAvB0dL2UuVV6RW', true, 0, null, null, null, null, 0);
insert into public.account (id, active, email, language, login, password, verified, version, last_successful_login, last_successful_login_ip, last_unsuccessful_login, last_unsuccessful_login_ip, unsuccessful_login_chain_counter) values (-6, true, 'bjaworski@gmail.local', 'PL', 'bjaworski', '$2a$10$47RnVSSBePYgtBVtERuu8.6Z3vVoBq4oriZgy.LAvB0dL2UuVV6RW', true, 0, null, null, null, null, 0);

-- Account Data
insert into public.account_data (id, first_name, last_name) values (-1, 'Ignacy', 'Kamiński');
insert into public.account_data (id, first_name, last_name) values (-2, 'Ludwik', 'Nowicki');
insert into public.account_data (id, first_name, last_name) values (-3, 'Przemysław', 'Zieliński');
insert into public.account_data (id, first_name, last_name) values (-4, 'Patryk', 'Duda');
insert into public.account_data (id, first_name, last_name) values (-5, 'Dominik', 'Chmielewski');
insert into public.account_data (id, first_name, last_name) values (-6, 'Bartosz', 'Jaworski');

-- Access Levels
insert into public.access_level (id, level, version, account_id, active) values (-1, 'OWNER', 0, -1, TRUE);

insert into public.access_level (id, level, version, account_id, active) values (-2, 'OWNER', 0, -2, TRUE);

insert into public.access_level (id, level, version, account_id, active) values (-3, 'OWNER', 0, -3, TRUE);

insert into public.access_level (id, level, version, account_id, active) values (-4, 'OWNER', 0, -4, TRUE);
insert into public.access_level (id, level, version, account_id, active) values (-5, 'MANAGER', 0, -4, TRUE);

insert into public.access_level (id, level, version, account_id, active) values (-6, 'MANAGER', 0, -5, TRUE);

insert into public.access_level (id, level, version, account_id, active) values (-7, 'ADMIN', 0, -6, TRUE);
insert into public.access_level (id, level, version, account_id, active) values (-8, 'ADMIN', 0, -5, TRUE);
insert into public.access_level (id, level, version, account_id, active) values (-9, 'ADMIN', 0, -1, TRUE);


-- Owner Data
insert into public.owner_data (id, building_number, city, postal_code, street) values (-1, 131, 'Poznań', '61-168', 'Rataje');
insert into public.owner_data (id, building_number, city, postal_code, street) values (-2, 103, 'Jaworzno', '43-607', 'Anny');
insert into public.owner_data (id, building_number, city, postal_code, street) values (-3, 92, 'Warszawa', '01-191', 'Żytnia');
insert into public.owner_data (id, building_number, city, postal_code, street) values (-4, 110, 'Bydgoszcz', '85-609', 'Chodkiewicza');

-- Manager Data
insert into public.manager_data (id, license_number, building_number, city, postal_code, street) values (-5, '4738543', 110, 'Bydgoszcz', '85-609', 'Chodkiewicza');
insert into public.manager_data (id, license_number, building_number, city, postal_code, street) values (-6, '5748295', 65, 'Katowice', '40-559', 'Kościuszki');

-- Admin Data
insert into public.admin_data (id) values (-7);
insert into public.admin_data (id) values (-8);
insert into public.admin_data (id) values (-9);

--region building
-- Building
insert into public.building (version, building_number, city, postal_code, street) values (1, 90, 'Łódź', '90-339', 'Wilcza');
insert into public.building (version, building_number, city, postal_code, street) values (1, 91, 'Łódź', '90-339', 'Wilcza');
--endregion

--region place
-- Place
insert into public.place (active, place_number, residents_number, square_footage, version, building_id) values (true, 1, 4, 54, 1, 1);
insert into public.place (active, place_number, residents_number, square_footage, version, building_id) values (true, 2, 3, 40, 1, 1);
insert into public.place (active, place_number, residents_number, square_footage, version, building_id) values (true, 3, 1, 32, 1, 1);
insert into public.place (active, place_number, residents_number, square_footage, version, building_id) values (true, 1, 5, 117, 1, 2);
insert into public.place (active, place_number, residents_number, square_footage, version, building_id) values (true, 2, 2, 68, 1, 2);
insert into public.place (active, place_number, residents_number, square_footage, version, building_id) values (true, 3, 3, 97, 1, 2);
--endregion

--region place_owner
-- Place Owner
insert into public.place_owner (place_id, owner_id) values (1, -1);
insert into public.place_owner (place_id, owner_id) values (2, -1);
insert into public.place_owner (place_id, owner_id) values (3, -2);
insert into public.place_owner (place_id, owner_id) values (3, -3);
insert into public.place_owner (place_id, owner_id) values (4, -3);
insert into public.place_owner (place_id, owner_id) values (5, -4);
insert into public.place_owner (place_id, owner_id) values (6, -4);
--endregion

--region categories
-- Categories
INSERT INTO public.category (name, version) VALUES ('Opłata eksploatacyjna', 1);
INSERT INTO public.category (name, version) VALUES ('Opłata remontowa', 1);
INSERT INTO public.category (name, version) VALUES ('Ogrzewanie', 1);
INSERT INTO public.category (name, version) VALUES ('Woda ciepła', 1);
INSERT INTO public.category (name, version) VALUES ('Woda zimna', 1);
INSERT INTO public.category (name, version) VALUES ('Domofon', 1);
INSERT INTO public.category (name, version) VALUES ('Śmieci', 1);
INSERT INTO public.category (name, version) VALUES ('Winda', 1);
INSERT INTO public.category (name, version) VALUES ('Telewizja satelitarna', 1);
INSERT INTO public.category (name, version) VALUES ('Parking', 1);
--endregion

--region rates
-- Rates
insert into public.rate (accounting_rule, effective_date, value, version, category_id) values ('UNIT', '2023-01-01', 100, 1, 1);
insert into public.rate (accounting_rule, effective_date, value, version, category_id) values ('UNIT', '2023-01-01', 50, 1, 2);
insert into public.rate (accounting_rule, effective_date, value, version, category_id) values ('SURFACE', '2023-01-01', 5, 1, 3);
insert into public.rate (accounting_rule, effective_date, value, version, category_id) values ('METER', '2023-01-01', 7, 1, 4);
insert into public.rate (accounting_rule, effective_date, value, version, category_id) values ('METER', '2023-01-01', 4, 1, 5);
insert into public.rate (accounting_rule, effective_date, value, version, category_id) values ('UNIT', '2023-01-01', 20, 1, 6);
insert into public.rate (accounting_rule, effective_date, value, version, category_id) values ('PERSON', '2023-01-01', 28, 1, 7);
insert into public.rate (accounting_rule, effective_date, value, version, category_id) values ('PERSON', '2023-01-01', 5, 1, 8);
insert into public.rate (accounting_rule, effective_date, value, version, category_id) values ('UNIT', '2023-01-01', 9, 1, 9);
insert into public.rate (accounting_rule, effective_date, value, version, category_id) values ('UNIT', '2023-01-01', 250, 1, 10);
--endregion

--region place_rate
-- Place Rate
insert into public.place_rate (place_id, rate_id) values (1, 1);
insert into public.place_rate (place_id, rate_id) values (1, 2);
insert into public.place_rate (place_id, rate_id) values (1, 3);
insert into public.place_rate (place_id, rate_id) values (1, 4);
insert into public.place_rate (place_id, rate_id) values (1, 5);
insert into public.place_rate (place_id, rate_id) values (1, 6);
insert into public.place_rate (place_id, rate_id) values (1, 7);
insert into public.place_rate (place_id, rate_id) values (1, 10);

insert into public.place_rate (place_id, rate_id) values (2, 1);
insert into public.place_rate (place_id, rate_id) values (2, 2);
insert into public.place_rate (place_id, rate_id) values (2, 3);
insert into public.place_rate (place_id, rate_id) values (2, 4);
insert into public.place_rate (place_id, rate_id) values (2, 5);
insert into public.place_rate (place_id, rate_id) values (2, 6);
insert into public.place_rate (place_id, rate_id) values (2, 7);
insert into public.place_rate (place_id, rate_id) values (2, 10);

insert into public.place_rate (place_id, rate_id) values (3, 1);
insert into public.place_rate (place_id, rate_id) values (3, 2);
insert into public.place_rate (place_id, rate_id) values (3, 3);
insert into public.place_rate (place_id, rate_id) values (3, 5);
insert into public.place_rate (place_id, rate_id) values (3, 6);
insert into public.place_rate (place_id, rate_id) values (3, 7);
insert into public.place_rate (place_id, rate_id) values (3, 9);

insert into public.place_rate (place_id, rate_id) values (4, 1);
insert into public.place_rate (place_id, rate_id) values (4, 2);
insert into public.place_rate (place_id, rate_id) values (4, 3);
insert into public.place_rate (place_id, rate_id) values (4, 5);
insert into public.place_rate (place_id, rate_id) values (4, 7);
insert into public.place_rate (place_id, rate_id) values (4, 8);
insert into public.place_rate (place_id, rate_id) values (4, 9);

insert into public.place_rate (place_id, rate_id) values (5, 1);
insert into public.place_rate (place_id, rate_id) values (5, 2);
insert into public.place_rate (place_id, rate_id) values (5, 3);
insert into public.place_rate (place_id, rate_id) values (5, 4);
insert into public.place_rate (place_id, rate_id) values (5, 5);
insert into public.place_rate (place_id, rate_id) values (5, 7);
insert into public.place_rate (place_id, rate_id) values (5, 8);
insert into public.place_rate (place_id, rate_id) values (5, 10);

insert into public.place_rate (place_id, rate_id) values (6, 1);
insert into public.place_rate (place_id, rate_id) values (6, 2);
insert into public.place_rate (place_id, rate_id) values (6, 3);
insert into public.place_rate (place_id, rate_id) values (6, 4);
insert into public.place_rate (place_id, rate_id) values (6, 5);
insert into public.place_rate (place_id, rate_id) values (6, 7);
insert into public.place_rate (place_id, rate_id) values (6, 8);
insert into public.place_rate (place_id, rate_id) values (6, 9);
--endregion

--region meters
-- Meters
INSERT INTO public.meter (version, category_id, place_id) VALUES (1, 4, 1);
INSERT INTO public.meter (version, category_id, place_id) VALUES (1, 5, 1);
INSERT INTO public.meter (version, category_id, place_id) VALUES (1, 4, 2);
INSERT INTO public.meter (version, category_id, place_id) VALUES (1, 5, 2);
INSERT INTO public.meter (version, category_id, place_id) VALUES (1, 5, 3);
INSERT INTO public.meter (version, category_id, place_id) VALUES (1, 5, 4);
INSERT INTO public.meter (version, category_id, place_id) VALUES (1, 4, 5);
INSERT INTO public.meter (version, category_id, place_id) VALUES (1, 5, 5);
INSERT INTO public.meter (version, category_id, place_id) VALUES (1, 4, 6);
INSERT INTO public.meter (version, category_id, place_id) VALUES (1, 5, 6);
--endregion

--region reading
-- Readings
INSERT INTO public.reading (date, value, meter_id, version) VALUES ('2021-12-01 12:22:03.000000', 0.000, 1, 1);
INSERT INTO public.reading (date, value, meter_id, version) VALUES ('2021-12-31 12:22:03.000000', 59.844, 1, 1);
INSERT INTO public.reading (date, value, meter_id, version) VALUES ('2022-01-05 12:22:03.000000', 111.070, 1, 1);
INSERT INTO public.reading (date, value, meter_id, version) VALUES ('2022-02-05 12:22:03.000000', 136.684, 1, 1);
INSERT INTO public.reading (date, value, meter_id, version) VALUES ('2022-03-05 12:22:03.000000', 199.529, 1, 1);
INSERT INTO public.reading (date, value, meter_id, version) VALUES ('2022-04-05 12:22:03.000000', 256.581, 1, 1);
INSERT INTO public.reading (date, value, meter_id, version) VALUES ('2022-05-05 12:22:03.000000', 323.361, 1, 1);
INSERT INTO public.reading (date, value, meter_id, version) VALUES ('2022-06-05 12:22:03.000000', 365.977, 1, 1);
INSERT INTO public.reading (date, value, meter_id, version) VALUES ('2022-07-05 12:22:03.000000', 407.087, 1, 1);
INSERT INTO public.reading (date, value, meter_id, version) VALUES ('2022-08-05 12:22:03.000000', 466.571, 1, 1);
INSERT INTO public.reading (date, value, meter_id, version) VALUES ('2022-09-05 12:22:03.000000', 518.273, 1, 1);
INSERT INTO public.reading (date, value, meter_id, version) VALUES ('2022-10-05 12:22:03.000000', 550.252, 1, 1);
INSERT INTO public.reading (date, value, meter_id, version) VALUES ('2022-11-05 12:22:03.000000', 612.945, 1, 1);
INSERT INTO public.reading (date, value, meter_id, version) VALUES ('2022-12-05 12:22:03.000000', 641.785, 1, 1);
INSERT INTO public.reading (date, value, meter_id, version) VALUES ('2022-12-31 12:22:03.000000', 713.971, 1, 1);

INSERT INTO public.reading (date, value, meter_id, version) VALUES ('2021-12-01 12:22:03.000000', 0.000, 2, 1);
INSERT INTO public.reading (date, value, meter_id, version) VALUES ('2021-12-31 12:22:03.000000', 65.849, 2, 1);
INSERT INTO public.reading (date, value, meter_id, version) VALUES ('2022-01-05 12:22:03.000000', 140.063, 2, 1);
INSERT INTO public.reading (date, value, meter_id, version) VALUES ('2022-02-05 12:22:03.000000', 175.632, 2, 1);
INSERT INTO public.reading (date, value, meter_id, version) VALUES ('2022-03-05 12:22:03.000000', 218.057, 2, 1);
INSERT INTO public.reading (date, value, meter_id, version) VALUES ('2022-04-05 12:22:03.000000', 273.290, 2, 1);
INSERT INTO public.reading (date, value, meter_id, version) VALUES ('2022-05-05 12:22:03.000000', 327.470, 2, 1);
INSERT INTO public.reading (date, value, meter_id, version) VALUES ('2022-06-05 12:22:03.000000', 357.484, 2, 1);
INSERT INTO public.reading (date, value, meter_id, version) VALUES ('2022-07-05 12:22:03.000000', 417.962, 2, 1);
INSERT INTO public.reading (date, value, meter_id, version) VALUES ('2022-08-05 12:22:03.000000', 483.852, 2, 1);
INSERT INTO public.reading (date, value, meter_id, version) VALUES ('2022-09-05 12:22:03.000000', 527.443, 2, 1);
INSERT INTO public.reading (date, value, meter_id, version) VALUES ('2022-10-05 12:22:03.000000', 561.508, 2, 1);
INSERT INTO public.reading (date, value, meter_id, version) VALUES ('2022-11-05 12:22:03.000000', 630.617, 2, 1);
INSERT INTO public.reading (date, value, meter_id, version) VALUES ('2022-12-05 12:22:03.000000', 690.862, 2, 1);
INSERT INTO public.reading (date, value, meter_id, version) VALUES ('2022-12-31 12:22:03.000000', 761.499, 2, 1);

INSERT INTO public.reading (date, value, meter_id, version) VALUES ('2021-12-01 12:22:03.000000', 0.000, 3, 1);
INSERT INTO public.reading (date, value, meter_id, version) VALUES ('2021-12-31 12:22:03.000000', 52.580, 3, 1);
INSERT INTO public.reading (date, value, meter_id, version) VALUES ('2022-01-05 12:22:03.000000', 107.466, 3, 1);
INSERT INTO public.reading (date, value, meter_id, version) VALUES ('2022-02-05 12:22:03.000000', 180.781, 3, 1);
INSERT INTO public.reading (date, value, meter_id, version) VALUES ('2022-03-05 12:22:03.000000', 237.200, 3, 1);
INSERT INTO public.reading (date, value, meter_id, version) VALUES ('2022-04-05 12:22:03.000000', 277.307, 3, 1);
INSERT INTO public.reading (date, value, meter_id, version) VALUES ('2022-05-05 12:22:03.000000', 340.283, 3, 1);
INSERT INTO public.reading (date, value, meter_id, version) VALUES ('2022-06-05 12:22:03.000000', 407.587, 3, 1);
INSERT INTO public.reading (date, value, meter_id, version) VALUES ('2022-07-05 12:22:03.000000', 475.507, 3, 1);
INSERT INTO public.reading (date, value, meter_id, version) VALUES ('2022-08-05 12:22:03.000000', 535.796, 3, 1);
INSERT INTO public.reading (date, value, meter_id, version) VALUES ('2022-09-05 12:22:03.000000', 576.621, 3, 1);
INSERT INTO public.reading (date, value, meter_id, version) VALUES ('2022-10-05 12:22:03.000000', 640.667, 3, 1);
INSERT INTO public.reading (date, value, meter_id, version) VALUES ('2022-11-05 12:22:03.000000', 668.891, 3, 1);
INSERT INTO public.reading (date, value, meter_id, version) VALUES ('2022-12-05 12:22:03.000000', 696.191, 3, 1);
INSERT INTO public.reading (date, value, meter_id, version) VALUES ('2022-12-31 12:22:03.000000', 741.430, 3, 1);

INSERT INTO public.reading (date, value, meter_id, version) VALUES ('2021-12-01 12:22:03.000000', 0.000, 4, 1);
INSERT INTO public.reading (date, value, meter_id, version) VALUES ('2021-12-31 12:22:03.000000', 63.621, 4, 1);
INSERT INTO public.reading (date, value, meter_id, version) VALUES ('2022-01-05 12:22:03.000000', 118.614, 4, 1);
INSERT INTO public.reading (date, value, meter_id, version) VALUES ('2022-02-05 12:22:03.000000', 162.933, 4, 1);
INSERT INTO public.reading (date, value, meter_id, version) VALUES ('2022-03-05 12:22:03.000000', 197.607, 4, 1);
INSERT INTO public.reading (date, value, meter_id, version) VALUES ('2022-04-05 12:22:03.000000', 243.579, 4, 1);
INSERT INTO public.reading (date, value, meter_id, version) VALUES ('2022-05-05 12:22:03.000000', 281.249, 4, 1);
INSERT INTO public.reading (date, value, meter_id, version) VALUES ('2022-06-05 12:22:03.000000', 316.146, 4, 1);
INSERT INTO public.reading (date, value, meter_id, version) VALUES ('2022-07-05 12:22:03.000000', 362.640, 4, 1);
INSERT INTO public.reading (date, value, meter_id, version) VALUES ('2022-08-05 12:22:03.000000', 421.291, 4, 1);
INSERT INTO public.reading (date, value, meter_id, version) VALUES ('2022-09-05 12:22:03.000000', 463.587, 4, 1);
INSERT INTO public.reading (date, value, meter_id, version) VALUES ('2022-10-05 12:22:03.000000', 505.717, 4, 1);
INSERT INTO public.reading (date, value, meter_id, version) VALUES ('2022-11-05 12:22:03.000000', 547.250, 4, 1);
INSERT INTO public.reading (date, value, meter_id, version) VALUES ('2022-12-05 12:22:03.000000', 619.394, 4, 1);
INSERT INTO public.reading (date, value, meter_id, version) VALUES ('2022-12-31 12:22:03.000000', 654.469, 4, 1);

INSERT INTO public.reading (date, value, meter_id, version) VALUES ('2021-12-01 12:22:03.000000', 0.000, 5, 1);
INSERT INTO public.reading (date, value, meter_id, version) VALUES ('2021-12-31 12:22:03.000000', 50.297, 5, 1);
INSERT INTO public.reading (date, value, meter_id, version) VALUES ('2022-01-05 12:22:03.000000', 75.717, 5, 1);
INSERT INTO public.reading (date, value, meter_id, version) VALUES ('2022-02-05 12:22:03.000000', 118.131, 5, 1);
INSERT INTO public.reading (date, value, meter_id, version) VALUES ('2022-03-05 12:22:03.000000', 156.490, 5, 1);
INSERT INTO public.reading (date, value, meter_id, version) VALUES ('2022-04-05 12:22:03.000000', 208.944, 5, 1);
INSERT INTO public.reading (date, value, meter_id, version) VALUES ('2022-05-05 12:22:03.000000', 268.500, 5, 1);
INSERT INTO public.reading (date, value, meter_id, version) VALUES ('2022-06-05 12:22:03.000000', 313.260, 5, 1);
INSERT INTO public.reading (date, value, meter_id, version) VALUES ('2022-07-05 12:22:03.000000', 360.317, 5, 1);
INSERT INTO public.reading (date, value, meter_id, version) VALUES ('2022-08-05 12:22:03.000000', 435.085, 5, 1);
INSERT INTO public.reading (date, value, meter_id, version) VALUES ('2022-09-05 12:22:03.000000', 496.354, 5, 1);
INSERT INTO public.reading (date, value, meter_id, version) VALUES ('2022-10-05 12:22:03.000000', 556.748, 5, 1);
INSERT INTO public.reading (date, value, meter_id, version) VALUES ('2022-11-05 12:22:03.000000', 597.434, 5, 1);
INSERT INTO public.reading (date, value, meter_id, version) VALUES ('2022-12-05 12:22:03.000000', 664.825, 5, 1);
INSERT INTO public.reading (date, value, meter_id, version) VALUES ('2022-12-31 12:22:03.000000', 729.885, 5, 1);

INSERT INTO public.reading (date, value, meter_id, version) VALUES ('2021-12-01 12:22:03.000000', 0.000, 6, 1);
INSERT INTO public.reading (date, value, meter_id, version) VALUES ('2021-12-31 12:22:03.000000', 32.758, 6, 1);
INSERT INTO public.reading (date, value, meter_id, version) VALUES ('2022-01-05 12:22:03.000000', 92.005, 6, 1);
INSERT INTO public.reading (date, value, meter_id, version) VALUES ('2022-02-05 12:22:03.000000', 142.639, 6, 1);
INSERT INTO public.reading (date, value, meter_id, version) VALUES ('2022-03-05 12:22:03.000000', 195.771, 6, 1);
INSERT INTO public.reading (date, value, meter_id, version) VALUES ('2022-04-05 12:22:03.000000', 244.494, 6, 1);
INSERT INTO public.reading (date, value, meter_id, version) VALUES ('2022-05-05 12:22:03.000000', 289.992, 6, 1);
INSERT INTO public.reading (date, value, meter_id, version) VALUES ('2022-06-05 12:22:03.000000', 326.813, 6, 1);
INSERT INTO public.reading (date, value, meter_id, version) VALUES ('2022-07-05 12:22:03.000000', 393.337, 6, 1);
INSERT INTO public.reading (date, value, meter_id, version) VALUES ('2022-08-05 12:22:03.000000', 423.864, 6, 1);
INSERT INTO public.reading (date, value, meter_id, version) VALUES ('2022-09-05 12:22:03.000000', 493.571, 6, 1);
INSERT INTO public.reading (date, value, meter_id, version) VALUES ('2022-10-05 12:22:03.000000', 550.365, 6, 1);
INSERT INTO public.reading (date, value, meter_id, version) VALUES ('2022-11-05 12:22:03.000000', 625.322, 6, 1);
INSERT INTO public.reading (date, value, meter_id, version) VALUES ('2022-12-05 12:22:03.000000', 667.259, 6, 1);
INSERT INTO public.reading (date, value, meter_id, version) VALUES ('2022-12-31 12:22:03.000000', 719.054, 6, 1);

INSERT INTO public.reading (date, value, meter_id, version) VALUES ('2021-12-01 12:22:03.000000', 0.000, 7, 1);
INSERT INTO public.reading (date, value, meter_id, version) VALUES ('2021-12-31 12:22:03.000000', 61.539, 7, 1);
INSERT INTO public.reading (date, value, meter_id, version) VALUES ('2022-01-05 12:22:03.000000', 102.470, 7, 1);
INSERT INTO public.reading (date, value, meter_id, version) VALUES ('2022-02-05 12:22:03.000000', 167.893, 7, 1);
INSERT INTO public.reading (date, value, meter_id, version) VALUES ('2022-03-05 12:22:03.000000', 229.644, 7, 1);
INSERT INTO public.reading (date, value, meter_id, version) VALUES ('2022-04-05 12:22:03.000000', 279.871, 7, 1);
INSERT INTO public.reading (date, value, meter_id, version) VALUES ('2022-05-05 12:22:03.000000', 322.658, 7, 1);
INSERT INTO public.reading (date, value, meter_id, version) VALUES ('2022-06-05 12:22:03.000000', 367.152, 7, 1);
INSERT INTO public.reading (date, value, meter_id, version) VALUES ('2022-07-05 12:22:03.000000', 427.036, 7, 1);
INSERT INTO public.reading (date, value, meter_id, version) VALUES ('2022-08-05 12:22:03.000000', 460.101, 7, 1);
INSERT INTO public.reading (date, value, meter_id, version) VALUES ('2022-09-05 12:22:03.000000', 497.047, 7, 1);
INSERT INTO public.reading (date, value, meter_id, version) VALUES ('2022-10-05 12:22:03.000000', 536.069, 7, 1);
INSERT INTO public.reading (date, value, meter_id, version) VALUES ('2022-11-05 12:22:03.000000', 563.888, 7, 1);
INSERT INTO public.reading (date, value, meter_id, version) VALUES ('2022-12-05 12:22:03.000000', 615.295, 7, 1);
INSERT INTO public.reading (date, value, meter_id, version) VALUES ('2022-12-31 12:22:03.000000', 652.939, 7, 1);

INSERT INTO public.reading (date, value, meter_id, version) VALUES ('2021-12-01 12:22:03.000000', 0.000, 8, 1);
INSERT INTO public.reading (date, value, meter_id, version) VALUES ('2021-12-31 12:22:03.000000', 74.903, 8, 1);
INSERT INTO public.reading (date, value, meter_id, version) VALUES ('2022-01-05 12:22:03.000000', 141.246, 8, 1);
INSERT INTO public.reading (date, value, meter_id, version) VALUES ('2022-02-05 12:22:03.000000', 187.860, 8, 1);
INSERT INTO public.reading (date, value, meter_id, version) VALUES ('2022-03-05 12:22:03.000000', 230.815, 8, 1);
INSERT INTO public.reading (date, value, meter_id, version) VALUES ('2022-04-05 12:22:03.000000', 257.566, 8, 1);
INSERT INTO public.reading (date, value, meter_id, version) VALUES ('2022-05-05 12:22:03.000000', 295.243, 8, 1);
INSERT INTO public.reading (date, value, meter_id, version) VALUES ('2022-06-05 12:22:03.000000', 332.476, 8, 1);
INSERT INTO public.reading (date, value, meter_id, version) VALUES ('2022-07-05 12:22:03.000000', 392.116, 8, 1);
INSERT INTO public.reading (date, value, meter_id, version) VALUES ('2022-08-05 12:22:03.000000', 457.337, 8, 1);
INSERT INTO public.reading (date, value, meter_id, version) VALUES ('2022-09-05 12:22:03.000000', 526.259, 8, 1);
INSERT INTO public.reading (date, value, meter_id, version) VALUES ('2022-10-05 12:22:03.000000', 568.905, 8, 1);
INSERT INTO public.reading (date, value, meter_id, version) VALUES ('2022-11-05 12:22:03.000000', 618.488, 8, 1);
INSERT INTO public.reading (date, value, meter_id, version) VALUES ('2022-12-05 12:22:03.000000', 656.025, 8, 1);
INSERT INTO public.reading (date, value, meter_id, version) VALUES ('2022-12-31 12:22:03.000000', 683.806, 8, 1);

INSERT INTO public.reading (date, value, meter_id, version) VALUES ('2021-12-01 12:22:03.000000', 0.000, 9, 1);
INSERT INTO public.reading (date, value, meter_id, version) VALUES ('2021-12-31 12:22:03.000000', 41.022, 9, 1);
INSERT INTO public.reading (date, value, meter_id, version) VALUES ('2022-01-05 12:22:03.000000', 97.220, 9, 1);
INSERT INTO public.reading (date, value, meter_id, version) VALUES ('2022-02-05 12:22:03.000000', 132.004, 9, 1);
INSERT INTO public.reading (date, value, meter_id, version) VALUES ('2022-03-05 12:22:03.000000', 171.078, 9, 1);
INSERT INTO public.reading (date, value, meter_id, version) VALUES ('2022-04-05 12:22:03.000000', 212.023, 9, 1);
INSERT INTO public.reading (date, value, meter_id, version) VALUES ('2022-05-05 12:22:03.000000', 281.137, 9, 1);
INSERT INTO public.reading (date, value, meter_id, version) VALUES ('2022-06-05 12:22:03.000000', 317.833, 9, 1);
INSERT INTO public.reading (date, value, meter_id, version) VALUES ('2022-07-05 12:22:03.000000', 343.233, 9, 1);
INSERT INTO public.reading (date, value, meter_id, version) VALUES ('2022-08-05 12:22:03.000000', 382.059, 9, 1);
INSERT INTO public.reading (date, value, meter_id, version) VALUES ('2022-09-05 12:22:03.000000', 421.453, 9, 1);
INSERT INTO public.reading (date, value, meter_id, version) VALUES ('2022-10-05 12:22:03.000000', 451.825, 9, 1);
INSERT INTO public.reading (date, value, meter_id, version) VALUES ('2022-11-05 12:22:03.000000', 505.216, 9, 1);
INSERT INTO public.reading (date, value, meter_id, version) VALUES ('2022-12-05 12:22:03.000000', 571.952, 9, 1);
INSERT INTO public.reading (date, value, meter_id, version) VALUES ('2022-12-31 12:22:03.000000', 641.403, 9, 1);

INSERT INTO public.reading (date, value, meter_id, version) VALUES ('2021-12-01 12:22:03.000000', 0.000, 10, 1);
INSERT INTO public.reading (date, value, meter_id, version) VALUES ('2021-12-31 12:22:03.000000', 59.440, 10, 1);
INSERT INTO public.reading (date, value, meter_id, version) VALUES ('2022-01-05 12:22:03.000000', 105.003, 10, 1);
INSERT INTO public.reading (date, value, meter_id, version) VALUES ('2022-02-05 12:22:03.000000', 147.304, 10, 1);
INSERT INTO public.reading (date, value, meter_id, version) VALUES ('2022-03-05 12:22:03.000000', 180.250, 10, 1);
INSERT INTO public.reading (date, value, meter_id, version) VALUES ('2022-04-05 12:22:03.000000', 250.959, 10, 1);
INSERT INTO public.reading (date, value, meter_id, version) VALUES ('2022-05-05 12:22:03.000000', 313.673, 10, 1);
INSERT INTO public.reading (date, value, meter_id, version) VALUES ('2022-06-05 12:22:03.000000', 363.325, 10, 1);
INSERT INTO public.reading (date, value, meter_id, version) VALUES ('2022-07-05 12:22:03.000000', 400.699, 10, 1);
INSERT INTO public.reading (date, value, meter_id, version) VALUES ('2022-08-05 12:22:03.000000', 473.812, 10, 1);
INSERT INTO public.reading (date, value, meter_id, version) VALUES ('2022-09-05 12:22:03.000000', 509.077, 10, 1);
INSERT INTO public.reading (date, value, meter_id, version) VALUES ('2022-10-05 12:22:03.000000', 564.240, 10, 1);
INSERT INTO public.reading (date, value, meter_id, version) VALUES ('2022-11-05 12:22:03.000000', 596.717, 10, 1);
INSERT INTO public.reading (date, value, meter_id, version) VALUES ('2022-12-05 12:22:03.000000', 671.657, 10, 1);
INSERT INTO public.reading (date, value, meter_id, version) VALUES ('2022-12-31 12:22:03.000000', 714.643, 10, 1);

--endregion

--region forecast
-- Forecast
INSERT INTO public.forecast (amount, month, real_value, value, version, year, place_id, rate_id) VALUES (1.000, 0, 48.315, 50.000, 2, 2022, 1, 2);
INSERT INTO public.forecast (amount, month, real_value, value, version, year, place_id, rate_id) VALUES (54.000, 0, 266.203, 270.000, 2, 2022, 1, 3);
INSERT INTO public.forecast (amount, month, real_value, value, version, year, place_id, rate_id) VALUES (1.000, 0, 99.847, 100.000, 2, 2022, 1, 1);
INSERT INTO public.forecast (amount, month, real_value, value, version, year, place_id, rate_id) VALUES (20.181, 0, 143.963, 141.267, 2, 2022, 1, 4);
INSERT INTO public.forecast (amount, month, real_value, value, version, year, place_id, rate_id) VALUES (54.000, 1, 262.463, 270.000, 2, 2022, 1, 3);
INSERT INTO public.forecast (amount, month, real_value, value, version, year, place_id, rate_id) VALUES (1.000, 0, 239.223, 250.000, 2, 2022, 1, 10);
INSERT INTO public.forecast (amount, month, real_value, value, version, year, place_id, rate_id) VALUES (22.196, 0, 91.435, 88.784, 2, 2022, 1, 5);
INSERT INTO public.forecast (amount, month, real_value, value, version, year, place_id, rate_id) VALUES (1.000, 1, 49.001, 50.000, 2, 2022, 1, 2);
INSERT INTO public.forecast (amount, month, real_value, value, version, year, place_id, rate_id) VALUES (4.000, 0, 111.094, 112.000, 2, 2022, 1, 7);
INSERT INTO public.forecast (amount, month, real_value, value, version, year, place_id, rate_id) VALUES (1.000, 1, 103.890, 100.000, 2, 2022, 1, 1);
INSERT INTO public.forecast (amount, month, real_value, value, version, year, place_id, rate_id) VALUES (1.000, 0, 19.605, 20.000, 2, 2022, 1, 6);
INSERT INTO public.forecast (amount, month, real_value, value, version, year, place_id, rate_id) VALUES (33.824, 1, 247.654, 236.768, 2, 2022, 1, 4);
INSERT INTO public.forecast (amount, month, real_value, value, version, year, place_id, rate_id) VALUES (1.000, 2, 49.607, 50.000, 2, 2022, 1, 2);
INSERT INTO public.forecast (amount, month, real_value, value, version, year, place_id, rate_id) VALUES (1.000, 1, 19.641, 20.000, 2, 2022, 1, 6);
INSERT INTO public.forecast (amount, month, real_value, value, version, year, place_id, rate_id) VALUES (1.000, 2, 100.388, 100.000, 2, 2022, 1, 1);
INSERT INTO public.forecast (amount, month, real_value, value, version, year, place_id, rate_id) VALUES (4.000, 1, 115.842, 112.000, 2, 2022, 1, 7);
INSERT INTO public.forecast (amount, month, real_value, value, version, year, place_id, rate_id) VALUES (54.000, 2, 266.077, 270.000, 2, 2022, 1, 3);
INSERT INTO public.forecast (amount, month, real_value, value, version, year, place_id, rate_id) VALUES (42.644, 1, 171.758, 170.576, 2, 2022, 1, 5);
INSERT INTO public.forecast (amount, month, real_value, value, version, year, place_id, rate_id) VALUES (1.000, 1, 246.259, 250.000, 2, 2022, 1, 10);
INSERT INTO public.forecast (amount, month, real_value, value, version, year, place_id, rate_id) VALUES (47.089, 2, 349.840, 329.623, 2, 2022, 1, 4);
INSERT INTO public.forecast (amount, month, real_value, value, version, year, place_id, rate_id) VALUES (1.000, 2, 258.807, 250.000, 2, 2022, 1, 10);
INSERT INTO public.forecast (amount, month, real_value, value, version, year, place_id, rate_id) VALUES (1.000, 3, 105.032, 100.000, 2, 2022, 1, 1);
INSERT INTO public.forecast (amount, month, real_value, value, version, year, place_id, rate_id) VALUES (54.000, 3, 260.699, 270.000, 2, 2022, 1, 3);
INSERT INTO public.forecast (amount, month, real_value, value, version, year, place_id, rate_id) VALUES (1.000, 3, 47.820, 50.000, 2, 2022, 1, 2);
INSERT INTO public.forecast (amount, month, real_value, value, version, year, place_id, rate_id) VALUES (1.000, 2, 20.107, 20.000, 2, 2022, 1, 6);
INSERT INTO public.forecast (amount, month, real_value, value, version, year, place_id, rate_id) VALUES (60.512, 2, 238.290, 242.048, 2, 2022, 1, 5);
INSERT INTO public.forecast (amount, month, real_value, value, version, year, place_id, rate_id) VALUES (4.000, 2, 107.696, 112.000, 2, 2022, 1, 7);
INSERT INTO public.forecast (amount, month, real_value, value, version, year, place_id, rate_id) VALUES (29.490, 3, 209.260, 206.430, 2, 2022, 1, 4);
INSERT INTO public.forecast (amount, month, real_value, value, version, year, place_id, rate_id) VALUES (1.000, 3, 20.933, 20.000, 2, 2022, 1, 6);
INSERT INTO public.forecast (amount, month, real_value, value, version, year, place_id, rate_id) VALUES (26.010, 3, 100.956, 104.040, 2, 2022, 1, 5);
INSERT INTO public.forecast (amount, month, real_value, value, version, year, place_id, rate_id) VALUES (54.000, 4, 264.819, 270.000, 2, 2022, 1, 3);
INSERT INTO public.forecast (amount, month, real_value, value, version, year, place_id, rate_id) VALUES (4.000, 3, 112.599, 112.000, 2, 2022, 1, 7);
INSERT INTO public.forecast (amount, month, real_value, value, version, year, place_id, rate_id) VALUES (1.000, 3, 246.766, 250.000, 2, 2022, 1, 10);
INSERT INTO public.forecast (amount, month, real_value, value, version, year, place_id, rate_id) VALUES (1.000, 4, 99.453, 100.000, 2, 2022, 1, 1);
INSERT INTO public.forecast (amount, month, real_value, value, version, year, place_id, rate_id) VALUES (1.000, 4, 50.085, 50.000, 2, 2022, 1, 2);
INSERT INTO public.forecast (amount, month, real_value, value, version, year, place_id, rate_id) VALUES (41.788, 4, 271.123, 292.516, 2, 2022, 1, 4);
INSERT INTO public.forecast (amount, month, real_value, value, version, year, place_id, rate_id) VALUES (34.038, 4, 137.116, 136.152, 2, 2022, 1, 5);
INSERT INTO public.forecast (amount, month, real_value, value, version, year, place_id, rate_id) VALUES (1.000, 4, 262.815, 250.000, 2, 2022, 1, 10);
INSERT INTO public.forecast (amount, month, real_value, value, version, year, place_id, rate_id) VALUES (4.000, 4, 113.728, 112.000, 2, 2022, 1, 7);
INSERT INTO public.forecast (amount, month, real_value, value, version, year, place_id, rate_id) VALUES (1.000, 5, 48.107, 50.000, 2, 2022, 1, 2);
INSERT INTO public.forecast (amount, month, real_value, value, version, year, place_id, rate_id) VALUES (54.000, 5, 258.620, 270.000, 2, 2022, 1, 3);
INSERT INTO public.forecast (amount, month, real_value, value, version, year, place_id, rate_id) VALUES (1.000, 5, 104.140, 100.000, 2, 2022, 1, 1);
INSERT INTO public.forecast (amount, month, real_value, value, version, year, place_id, rate_id) VALUES (1.000, 4, 19.855, 20.000, 2, 2022, 1, 6);
INSERT INTO public.forecast (amount, month, real_value, value, version, year, place_id, rate_id) VALUES (40.380, 5, 285.733, 282.660, 2, 2022, 1, 4);
INSERT INTO public.forecast (amount, month, real_value, value, version, year, place_id, rate_id) VALUES (4.000, 5, 114.501, 112.000, 2, 2022, 1, 7);
INSERT INTO public.forecast (amount, month, real_value, value, version, year, place_id, rate_id) VALUES (1.000, 5, 254.036, 250.000, 2, 2022, 1, 10);
INSERT INTO public.forecast (amount, month, real_value, value, version, year, place_id, rate_id) VALUES (54.000, 6, 265.467, 270.000, 2, 2022, 1, 3);
INSERT INTO public.forecast (amount, month, real_value, value, version, year, place_id, rate_id) VALUES (1.000, 5, 19.773, 20.000, 2, 2022, 1, 6);
INSERT INTO public.forecast (amount, month, real_value, value, version, year, place_id, rate_id) VALUES (35.700, 5, 149.857, 142.800, 2, 2022, 1, 5);
INSERT INTO public.forecast (amount, month, real_value, value, version, year, place_id, rate_id) VALUES (1.000, 6, 48.528, 50.000, 2, 2022, 1, 2);
INSERT INTO public.forecast (amount, month, real_value, value, version, year, place_id, rate_id) VALUES (1.000, 6, 97.981, 100.000, 2, 2022, 1, 1);
INSERT INTO public.forecast (amount, month, real_value, value, version, year, place_id, rate_id) VALUES (37.293, 6, 263.746, 261.051, 2, 2022, 1, 4);
INSERT INTO public.forecast (amount, month, real_value, value, version, year, place_id, rate_id) VALUES (1.000, 6, 259.896, 250.000, 2, 2022, 1, 10);
INSERT INTO public.forecast (amount, month, real_value, value, version, year, place_id, rate_id) VALUES (1.000, 6, 20.046, 20.000, 2, 2022, 1, 6);
INSERT INTO public.forecast (amount, month, real_value, value, version, year, place_id, rate_id) VALUES (1.000, 7, 50.936, 50.000, 2, 2022, 1, 2);
INSERT INTO public.forecast (amount, month, real_value, value, version, year, place_id, rate_id) VALUES (1.000, 7, 98.943, 100.000, 2, 2022, 1, 1);
INSERT INTO public.forecast (amount, month, real_value, value, version, year, place_id, rate_id) VALUES (54.000, 7, 269.332, 270.000, 2, 2022, 1, 3);
INSERT INTO public.forecast (amount, month, real_value, value, version, year, place_id, rate_id) VALUES (28.706, 6, 119.357, 114.824, 2, 2022, 1, 5);
INSERT INTO public.forecast (amount, month, real_value, value, version, year, place_id, rate_id) VALUES (4.000, 6, 117.637, 112.000, 2, 2022, 1, 7);
INSERT INTO public.forecast (amount, month, real_value, value, version, year, place_id, rate_id) VALUES (28.241, 7, 198.673, 197.687, 2, 2022, 1, 4);
INSERT INTO public.forecast (amount, month, real_value, value, version, year, place_id, rate_id) VALUES (4.000, 7, 110.354, 112.000, 2, 2022, 1, 7);
INSERT INTO public.forecast (amount, month, real_value, value, version, year, place_id, rate_id) VALUES (1.000, 7, 20.772, 20.000, 2, 2022, 1, 6);
INSERT INTO public.forecast (amount, month, real_value, value, version, year, place_id, rate_id) VALUES (1.000, 8, 52.155, 50.000, 2, 2022, 1, 2);
INSERT INTO public.forecast (amount, month, real_value, value, version, year, place_id, rate_id) VALUES (54.000, 8, 267.705, 270.000, 2, 2022, 1, 3);
INSERT INTO public.forecast (amount, month, real_value, value, version, year, place_id, rate_id) VALUES (1.000, 8, 104.426, 100.000, 2, 2022, 1, 1);
INSERT INTO public.forecast (amount, month, real_value, value, version, year, place_id, rate_id) VALUES (1.000, 7, 260.358, 250.000, 2, 2022, 1, 10);
INSERT INTO public.forecast (amount, month, real_value, value, version, year, place_id, rate_id) VALUES (30.504, 7, 124.422, 122.016, 2, 2022, 1, 5);
INSERT INTO public.forecast (amount, month, real_value, value, version, year, place_id, rate_id) VALUES (32.820, 8, 214.706, 229.740, 2, 2022, 1, 4);
INSERT INTO public.forecast (amount, month, real_value, value, version, year, place_id, rate_id) VALUES (1.000, 8, 245.704, 250.000, 2, 2022, 1, 10);
INSERT INTO public.forecast (amount, month, real_value, value, version, year, place_id, rate_id) VALUES (1.000, 8, 20.769, 20.000, 2, 2022, 1, 6);
INSERT INTO public.forecast (amount, month, real_value, value, version, year, place_id, rate_id) VALUES (1.000, 9, 48.329, 50.000, 2, 2022, 1, 2);
INSERT INTO public.forecast (amount, month, real_value, value, version, year, place_id, rate_id) VALUES (54.000, 9, 265.768, 270.000, 2, 2022, 1, 3);
INSERT INTO public.forecast (amount, month, real_value, value, version, year, place_id, rate_id) VALUES (4.000, 8, 116.566, 112.000, 2, 2022, 1, 7);
INSERT INTO public.forecast (amount, month, real_value, value, version, year, place_id, rate_id) VALUES (1.000, 9, 104.564, 100.000, 2, 2022, 1, 1);
INSERT INTO public.forecast (amount, month, real_value, value, version, year, place_id, rate_id) VALUES (41.220, 8, 169.919, 164.880, 2, 2022, 1, 5);
INSERT INTO public.forecast (amount, month, real_value, value, version, year, place_id, rate_id) VALUES (37.479, 9, 269.767, 262.353, 2, 2022, 1, 4);
INSERT INTO public.forecast (amount, month, real_value, value, version, year, place_id, rate_id) VALUES (1.000, 10, 50.393, 50.000, 2, 2022, 1, 2);
INSERT INTO public.forecast (amount, month, real_value, value, version, year, place_id, rate_id) VALUES (1.000, 10, 101.858, 100.000, 2, 2022, 1, 1);
INSERT INTO public.forecast (amount, month, real_value, value, version, year, place_id, rate_id) VALUES (1.000, 9, 20.586, 20.000, 2, 2022, 1, 6);
INSERT INTO public.forecast (amount, month, real_value, value, version, year, place_id, rate_id) VALUES (36.921, 9, 152.590, 147.684, 2, 2022, 1, 5);
INSERT INTO public.forecast (amount, month, real_value, value, version, year, place_id, rate_id) VALUES (54.000, 10, 258.360, 270.000, 2, 2022, 1, 3);
INSERT INTO public.forecast (amount, month, real_value, value, version, year, place_id, rate_id) VALUES (1.000, 9, 241.005, 250.000, 2, 2022, 1, 10);
INSERT INTO public.forecast (amount, month, real_value, value, version, year, place_id, rate_id) VALUES (4.000, 9, 108.236, 112.000, 2, 2022, 1, 7);
INSERT INTO public.forecast (amount, month, real_value, value, version, year, place_id, rate_id) VALUES (27.300, 10, 182.618, 191.100, 2, 2022, 1, 4);
INSERT INTO public.forecast (amount, month, real_value, value, version, year, place_id, rate_id) VALUES (25.350, 10, 100.771, 101.400, 2, 2022, 1, 5);
INSERT INTO public.forecast (amount, month, real_value, value, version, year, place_id, rate_id) VALUES (1.000, 10, 19.399, 20.000, 2, 2022, 1, 6);
INSERT INTO public.forecast (amount, month, real_value, value, version, year, place_id, rate_id) VALUES (4.000, 10, 108.727, 112.000, 2, 2022, 1, 7);
INSERT INTO public.forecast (amount, month, real_value, value, version, year, place_id, rate_id) VALUES (1.000, 11, 99.434, 100.000, 2, 2022, 1, 1);
INSERT INTO public.forecast (amount, month, real_value, value, version, year, place_id, rate_id) VALUES (1.000, 10, 250.950, 250.000, 2, 2022, 1, 10);
INSERT INTO public.forecast (amount, month, real_value, value, version, year, place_id, rate_id) VALUES (54.000, 11, 277.105, 270.000, 2, 2022, 1, 3);
INSERT INTO public.forecast (amount, month, real_value, value, version, year, place_id, rate_id) VALUES (1.000, 11, 48.148, 50.000, 2, 2022, 1, 2);
INSERT INTO public.forecast (amount, month, real_value, value, version, year, place_id, rate_id) VALUES (32.271, 11, 233.324, 225.897, 2, 2022, 1, 4);
INSERT INTO public.forecast (amount, month, real_value, value, version, year, place_id, rate_id) VALUES (1.000, 11, 255.637, 250.000, 2, 2022, 1, 10);
INSERT INTO public.forecast (amount, month, real_value, value, version, year, place_id, rate_id) VALUES (1.000, 11, 20.748, 20.000, 2, 2022, 1, 6);
INSERT INTO public.forecast (amount, month, real_value, value, version, year, place_id, rate_id) VALUES (35.154, 11, 139.405, 140.616, 2, 2022, 1, 5);
INSERT INTO public.forecast (amount, month, real_value, value, version, year, place_id, rate_id) VALUES (1.000, 0, 99.847, 100.000, 2, 2022, 2, 1);
INSERT INTO public.forecast (amount, month, real_value, value, version, year, place_id, rate_id) VALUES (1.000, 0, 48.315, 50.000, 2, 2022, 2, 2);
INSERT INTO public.forecast (amount, month, real_value, value, version, year, place_id, rate_id) VALUES (4.000, 11, 109.676, 112.000, 2, 2022, 1, 7);
INSERT INTO public.forecast (amount, month, real_value, value, version, year, place_id, rate_id) VALUES (40.000, 0, 198.151, 200.000, 2, 2022, 2, 3);
INSERT INTO public.forecast (amount, month, real_value, value, version, year, place_id, rate_id) VALUES (17.732, 0, 126.419, 124.124, 2, 2022, 2, 4);
INSERT INTO public.forecast (amount, month, real_value, value, version, year, place_id, rate_id) VALUES (1.000, 0, 19.605, 20.000, 2, 2022, 2, 6);
INSERT INTO public.forecast (amount, month, real_value, value, version, year, place_id, rate_id) VALUES (40.000, 1, 195.367, 200.000, 2, 2022, 2, 3);
INSERT INTO public.forecast (amount, month, real_value, value, version, year, place_id, rate_id) VALUES (3.000, 0, 83.196, 84.000, 2, 2022, 2, 7);
INSERT INTO public.forecast (amount, month, real_value, value, version, year, place_id, rate_id) VALUES (1.000, 0, 239.223, 250.000, 2, 2022, 2, 10);
INSERT INTO public.forecast (amount, month, real_value, value, version, year, place_id, rate_id) VALUES (1.000, 1, 103.890, 100.000, 2, 2022, 2, 1);
INSERT INTO public.forecast (amount, month, real_value, value, version, year, place_id, rate_id) VALUES (1.000, 1, 49.001, 50.000, 2, 2022, 2, 2);
INSERT INTO public.forecast (amount, month, real_value, value, version, year, place_id, rate_id) VALUES (21.452, 0, 88.547, 85.808, 2, 2022, 2, 5);
INSERT INTO public.forecast (amount, month, real_value, value, version, year, place_id, rate_id) VALUES (32.732, 1, 240.206, 229.124, 2, 2022, 2, 4);
INSERT INTO public.forecast (amount, month, real_value, value, version, year, place_id, rate_id) VALUES (3.000, 1, 86.751, 84.000, 2, 2022, 2, 7);
INSERT INTO public.forecast (amount, month, real_value, value, version, year, place_id, rate_id) VALUES (1.000, 1, 19.641, 20.000, 2, 2022, 2, 6);
INSERT INTO public.forecast (amount, month, real_value, value, version, year, place_id, rate_id) VALUES (36.120, 1, 145.461, 144.480, 2, 2022, 2, 5);
INSERT INTO public.forecast (amount, month, real_value, value, version, year, place_id, rate_id) VALUES (1.000, 2, 49.607, 50.000, 2, 2022, 2, 2);
INSERT INTO public.forecast (amount, month, real_value, value, version, year, place_id, rate_id) VALUES (1.000, 1, 246.259, 250.000, 2, 2022, 2, 10);
INSERT INTO public.forecast (amount, month, real_value, value, version, year, place_id, rate_id) VALUES (40.000, 2, 198.057, 200.000, 2, 2022, 2, 3);
INSERT INTO public.forecast (amount, month, real_value, value, version, year, place_id, rate_id) VALUES (1.000, 2, 100.388, 100.000, 2, 2022, 2, 1);
INSERT INTO public.forecast (amount, month, real_value, value, version, year, place_id, rate_id) VALUES (62.279, 2, 461.726, 435.953, 2, 2022, 2, 4);
INSERT INTO public.forecast (amount, month, real_value, value, version, year, place_id, rate_id) VALUES (1.000, 2, 20.107, 20.000, 2, 2022, 2, 6);
INSERT INTO public.forecast (amount, month, real_value, value, version, year, place_id, rate_id) VALUES (56.141, 2, 221.813, 224.564, 2, 2022, 2, 5);
INSERT INTO public.forecast (amount, month, real_value, value, version, year, place_id, rate_id) VALUES (3.000, 2, 80.651, 84.000, 2, 2022, 2, 7);
INSERT INTO public.forecast (amount, month, real_value, value, version, year, place_id, rate_id) VALUES (1.000, 2, 258.807, 250.000, 2, 2022, 2, 10);
INSERT INTO public.forecast (amount, month, real_value, value, version, year, place_id, rate_id) VALUES (1.000, 3, 105.032, 100.000, 2, 2022, 2, 1);
INSERT INTO public.forecast (amount, month, real_value, value, version, year, place_id, rate_id) VALUES (40.000, 3, 194.054, 200.000, 2, 2022, 2, 3);
INSERT INTO public.forecast (amount, month, real_value, value, version, year, place_id, rate_id) VALUES (1.000, 3, 47.820, 50.000, 2, 2022, 2, 2);
INSERT INTO public.forecast (amount, month, real_value, value, version, year, place_id, rate_id) VALUES (43.260, 3, 307.444, 302.820, 2, 2022, 2, 4);
INSERT INTO public.forecast (amount, month, real_value, value, version, year, place_id, rate_id) VALUES (26.340, 3, 101.607, 105.360, 2, 2022, 2, 5);
INSERT INTO public.forecast (amount, month, real_value, value, version, year, place_id, rate_id) VALUES (1.000, 3, 246.766, 250.000, 2, 2022, 2, 10);
INSERT INTO public.forecast (amount, month, real_value, value, version, year, place_id, rate_id) VALUES (3.000, 3, 84.323, 84.000, 2, 2022, 2, 7);
INSERT INTO public.forecast (amount, month, real_value, value, version, year, place_id, rate_id) VALUES (1.000, 3, 20.933, 20.000, 2, 2022, 2, 6);
INSERT INTO public.forecast (amount, month, real_value, value, version, year, place_id, rate_id) VALUES (1.000, 4, 99.453, 100.000, 2, 2022, 2, 1);
INSERT INTO public.forecast (amount, month, real_value, value, version, year, place_id, rate_id) VALUES (1.000, 4, 50.085, 50.000, 2, 2022, 2, 2);
INSERT INTO public.forecast (amount, month, real_value, value, version, year, place_id, rate_id) VALUES (40.000, 4, 197.121, 200.000, 2, 2022, 2, 3);
INSERT INTO public.forecast (amount, month, real_value, value, version, year, place_id, rate_id) VALUES (33.635, 4, 218.558, 235.445, 2, 2022, 2, 4);
INSERT INTO public.forecast (amount, month, real_value, value, version, year, place_id, rate_id) VALUES (3.000, 4, 85.168, 84.000, 2, 2022, 2, 7);
INSERT INTO public.forecast (amount, month, real_value, value, version, year, place_id, rate_id) VALUES (40.000, 5, 192.507, 200.000, 2, 2022, 2, 3);
INSERT INTO public.forecast (amount, month, real_value, value, version, year, place_id, rate_id) VALUES (1.000, 4, 19.855, 20.000, 2, 2022, 2, 6);
INSERT INTO public.forecast (amount, month, real_value, value, version, year, place_id, rate_id) VALUES (1.000, 4, 262.815, 250.000, 2, 2022, 2, 10);
INSERT INTO public.forecast (amount, month, real_value, value, version, year, place_id, rate_id) VALUES (1.000, 5, 104.140, 100.000, 2, 2022, 2, 1);
INSERT INTO public.forecast (amount, month, real_value, value, version, year, place_id, rate_id) VALUES (1.000, 5, 48.107, 50.000, 2, 2022, 2, 2);
INSERT INTO public.forecast (amount, month, real_value, value, version, year, place_id, rate_id) VALUES (28.117, 4, 113.502, 112.468, 2, 2022, 2, 5);
INSERT INTO public.forecast (amount, month, real_value, value, version, year, place_id, rate_id) VALUES (33.630, 5, 238.110, 235.410, 2, 2022, 2, 4);
INSERT INTO public.forecast (amount, month, real_value, value, version, year, place_id, rate_id) VALUES (27.300, 5, 114.836, 109.200, 2, 2022, 2, 5);
INSERT INTO public.forecast (amount, month, real_value, value, version, year, place_id, rate_id) VALUES (3.000, 5, 85.747, 84.000, 2, 2022, 2, 7);
INSERT INTO public.forecast (amount, month, real_value, value, version, year, place_id, rate_id) VALUES (1.000, 5, 19.773, 20.000, 2, 2022, 2, 6);
INSERT INTO public.forecast (amount, month, real_value, value, version, year, place_id, rate_id) VALUES (40.000, 6, 197.603, 200.000, 2, 2022, 2, 3);
INSERT INTO public.forecast (amount, month, real_value, value, version, year, place_id, rate_id) VALUES (1.000, 6, 97.981, 100.000, 2, 2022, 2, 1);
INSERT INTO public.forecast (amount, month, real_value, value, version, year, place_id, rate_id) VALUES (1.000, 5, 254.036, 250.000, 2, 2022, 2, 10);
INSERT INTO public.forecast (amount, month, real_value, value, version, year, place_id, rate_id) VALUES (1.000, 6, 48.528, 50.000, 2, 2022, 2, 2);
INSERT INTO public.forecast (amount, month, real_value, value, version, year, place_id, rate_id) VALUES (44.392, 6, 313.785, 310.744, 2, 2022, 2, 4);
INSERT INTO public.forecast (amount, month, real_value, value, version, year, place_id, rate_id) VALUES (3.000, 6, 88.096, 84.000, 2, 2022, 2, 7);
INSERT INTO public.forecast (amount, month, real_value, value, version, year, place_id, rate_id) VALUES (1.000, 7, 98.943, 100.000, 2, 2022, 2, 1);
INSERT INTO public.forecast (amount, month, real_value, value, version, year, place_id, rate_id) VALUES (1.000, 6, 259.896, 250.000, 2, 2022, 2, 10);
INSERT INTO public.forecast (amount, month, real_value, value, version, year, place_id, rate_id) VALUES (40.000, 7, 200.480, 200.000, 2, 2022, 2, 3);
INSERT INTO public.forecast (amount, month, real_value, value, version, year, place_id, rate_id) VALUES (1.000, 7, 50.936, 50.000, 2, 2022, 2, 2);
INSERT INTO public.forecast (amount, month, real_value, value, version, year, place_id, rate_id) VALUES (24.738, 6, 102.842, 98.952, 2, 2022, 2, 5);
INSERT INTO public.forecast (amount, month, real_value, value, version, year, place_id, rate_id) VALUES (1.000, 6, 20.046, 20.000, 2, 2022, 2, 6);
INSERT INTO public.forecast (amount, month, real_value, value, version, year, place_id, rate_id) VALUES (45.570, 7, 319.882, 318.990, 2, 2022, 2, 4);
INSERT INTO public.forecast (amount, month, real_value, value, version, year, place_id, rate_id) VALUES (27.435, 7, 111.603, 109.740, 2, 2022, 2, 5);
INSERT INTO public.forecast (amount, month, real_value, value, version, year, place_id, rate_id) VALUES (1.000, 7, 20.772, 20.000, 2, 2022, 2, 6);
INSERT INTO public.forecast (amount, month, real_value, value, version, year, place_id, rate_id) VALUES (1.000, 8, 104.426, 100.000, 2, 2022, 2, 1);
INSERT INTO public.forecast (amount, month, real_value, value, version, year, place_id, rate_id) VALUES (1.000, 8, 52.155, 50.000, 2, 2022, 2, 2);
INSERT INTO public.forecast (amount, month, real_value, value, version, year, place_id, rate_id) VALUES (3.000, 7, 82.642, 84.000, 2, 2022, 2, 7);
INSERT INTO public.forecast (amount, month, real_value, value, version, year, place_id, rate_id) VALUES (1.000, 7, 260.358, 250.000, 2, 2022, 2, 10);
INSERT INTO public.forecast (amount, month, real_value, value, version, year, place_id, rate_id) VALUES (40.000, 8, 199.269, 200.000, 2, 2022, 2, 3);
INSERT INTO public.forecast (amount, month, real_value, value, version, year, place_id, rate_id) VALUES (41.820, 8, 273.935, 292.740, 2, 2022, 2, 4);
INSERT INTO public.forecast (amount, month, real_value, value, version, year, place_id, rate_id) VALUES (34.290, 8, 141.446, 137.160, 2, 2022, 2, 5);
INSERT INTO public.forecast (amount, month, real_value, value, version, year, place_id, rate_id) VALUES (3.000, 8, 87.294, 84.000, 2, 2022, 2, 7);
INSERT INTO public.forecast (amount, month, real_value, value, version, year, place_id, rate_id) VALUES (1.000, 8, 245.704, 250.000, 2, 2022, 2, 10);
INSERT INTO public.forecast (amount, month, real_value, value, version, year, place_id, rate_id) VALUES (1.000, 9, 104.564, 100.000, 2, 2022, 2, 1);
INSERT INTO public.forecast (amount, month, real_value, value, version, year, place_id, rate_id) VALUES (40.000, 9, 197.827, 200.000, 2, 2022, 2, 3);
INSERT INTO public.forecast (amount, month, real_value, value, version, year, place_id, rate_id) VALUES (1.000, 9, 48.329, 50.000, 2, 2022, 2, 2);
INSERT INTO public.forecast (amount, month, real_value, value, version, year, place_id, rate_id) VALUES (1.000, 8, 20.769, 20.000, 2, 2022, 2, 6);
INSERT INTO public.forecast (amount, month, real_value, value, version, year, place_id, rate_id) VALUES (34.100, 9, 245.322, 238.700, 2, 2022, 2, 4);
INSERT INTO public.forecast (amount, month, real_value, value, version, year, place_id, rate_id) VALUES (1.000, 9, 241.005, 250.000, 2, 2022, 2, 10);
INSERT INTO public.forecast (amount, month, real_value, value, version, year, place_id, rate_id) VALUES (34.038, 9, 141.073, 136.152, 2, 2022, 2, 5);
INSERT INTO public.forecast (amount, month, real_value, value, version, year, place_id, rate_id) VALUES (1.000, 10, 101.858, 100.000, 2, 2022, 2, 1);
INSERT INTO public.forecast (amount, month, real_value, value, version, year, place_id, rate_id) VALUES (1.000, 9, 20.586, 20.000, 2, 2022, 2, 6);
INSERT INTO public.forecast (amount, month, real_value, value, version, year, place_id, rate_id) VALUES (3.000, 9, 81.056, 84.000, 2, 2022, 2, 7);
INSERT INTO public.forecast (amount, month, real_value, value, version, year, place_id, rate_id) VALUES (40.000, 10, 192.313, 200.000, 2, 2022, 2, 3);
INSERT INTO public.forecast (amount, month, real_value, value, version, year, place_id, rate_id) VALUES (1.000, 10, 50.393, 50.000, 2, 2022, 2, 2);
INSERT INTO public.forecast (amount, month, real_value, value, version, year, place_id, rate_id) VALUES (34.200, 10, 228.454, 239.400, 2, 2022, 2, 4);
INSERT INTO public.forecast (amount, month, real_value, value, version, year, place_id, rate_id) VALUES (3.000, 10, 81.424, 84.000, 2, 2022, 2, 7);
INSERT INTO public.forecast (amount, month, real_value, value, version, year, place_id, rate_id) VALUES (1.000, 10, 250.950, 250.000, 2, 2022, 2, 10);
INSERT INTO public.forecast (amount, month, real_value, value, version, year, place_id, rate_id) VALUES (40.000, 11, 206.266, 200.000, 2, 2022, 2, 3);
INSERT INTO public.forecast (amount, month, real_value, value, version, year, place_id, rate_id) VALUES (1.000, 10, 19.399, 20.000, 2, 2022, 2, 6);
INSERT INTO public.forecast (amount, month, real_value, value, version, year, place_id, rate_id) VALUES (1.000, 11, 99.434, 100.000, 2, 2022, 2, 1);
INSERT INTO public.forecast (amount, month, real_value, value, version, year, place_id, rate_id) VALUES (1.000, 11, 48.148, 50.000, 2, 2022, 2, 2);
INSERT INTO public.forecast (amount, month, real_value, value, version, year, place_id, rate_id) VALUES (27.540, 10, 109.499, 110.160, 2, 2022, 2, 5);
INSERT INTO public.forecast (amount, month, real_value, value, version, year, place_id, rate_id) VALUES (31.434, 11, 227.512, 220.038, 2, 2022, 2, 4);
INSERT INTO public.forecast (amount, month, real_value, value, version, year, place_id, rate_id) VALUES (1.000, 11, 20.748, 20.000, 2, 2022, 2, 6);
INSERT INTO public.forecast (amount, month, real_value, value, version, year, place_id, rate_id) VALUES (1.000, 0, 99.847, 100.000, 2, 2022, 3, 1);
INSERT INTO public.forecast (amount, month, real_value, value, version, year, place_id, rate_id) VALUES (28.520, 11, 112.814, 114.080, 2, 2022, 2, 5);
INSERT INTO public.forecast (amount, month, real_value, value, version, year, place_id, rate_id) VALUES (1.000, 11, 255.637, 250.000, 2, 2022, 2, 10);
INSERT INTO public.forecast (amount, month, real_value, value, version, year, place_id, rate_id) VALUES (1.000, 0, 48.315, 50.000, 2, 2022, 3, 2);
INSERT INTO public.forecast (amount, month, real_value, value, version, year, place_id, rate_id) VALUES (32.000, 0, 158.121, 160.000, 2, 2022, 3, 3);
INSERT INTO public.forecast (amount, month, real_value, value, version, year, place_id, rate_id) VALUES (3.000, 11, 82.134, 84.000, 2, 2022, 2, 7);
INSERT INTO public.forecast (amount, month, real_value, value, version, year, place_id, rate_id) VALUES (1.000, 0, 8.931, 9.000, 2, 2022, 3, 9);
INSERT INTO public.forecast (amount, month, real_value, value, version, year, place_id, rate_id) VALUES (16.957, 0, 69.779, 67.828, 2, 2022, 3, 5);
INSERT INTO public.forecast (amount, month, real_value, value, version, year, place_id, rate_id) VALUES (32.000, 1, 155.899, 160.000, 2, 2022, 3, 3);
INSERT INTO public.forecast (amount, month, real_value, value, version, year, place_id, rate_id) VALUES (1.000, 1, 49.001, 50.000, 2, 2022, 3, 2);
INSERT INTO public.forecast (amount, month, real_value, value, version, year, place_id, rate_id) VALUES (1.000, 1, 103.890, 100.000, 2, 2022, 3, 1);
INSERT INTO public.forecast (amount, month, real_value, value, version, year, place_id, rate_id) VALUES (1.000, 0, 19.605, 20.000, 2, 2022, 3, 6);
INSERT INTO public.forecast (amount, month, real_value, value, version, year, place_id, rate_id) VALUES (1.000, 0, 27.898, 28.000, 2, 2022, 3, 7);
INSERT INTO public.forecast (amount, month, real_value, value, version, year, place_id, rate_id) VALUES (1.000, 1, 29.090, 28.000, 2, 2022, 3, 7);
INSERT INTO public.forecast (amount, month, real_value, value, version, year, place_id, rate_id) VALUES (1.000, 2, 100.388, 100.000, 2, 2022, 3, 1);
INSERT INTO public.forecast (amount, month, real_value, value, version, year, place_id, rate_id) VALUES (32.000, 2, 158.046, 160.000, 2, 2022, 3, 3);
INSERT INTO public.forecast (amount, month, real_value, value, version, year, place_id, rate_id) VALUES (23.072, 1, 92.865, 92.288, 2, 2022, 3, 5);
INSERT INTO public.forecast (amount, month, real_value, value, version, year, place_id, rate_id) VALUES (1.000, 2, 49.607, 50.000, 2, 2022, 3, 2);
INSERT INTO public.forecast (amount, month, real_value, value, version, year, place_id, rate_id) VALUES (1.000, 1, 9.188, 9.000, 2, 2022, 3, 9);
INSERT INTO public.forecast (amount, month, real_value, value, version, year, place_id, rate_id) VALUES (1.000, 1, 19.641, 20.000, 2, 2022, 3, 6);
INSERT INTO public.forecast (amount, month, real_value, value, version, year, place_id, rate_id) VALUES (32.000, 3, 154.851, 160.000, 2, 2022, 3, 3);
INSERT INTO public.forecast (amount, month, real_value, value, version, year, place_id, rate_id) VALUES (1.000, 2, 27.045, 28.000, 2, 2022, 3, 7);
INSERT INTO public.forecast (amount, month, real_value, value, version, year, place_id, rate_id) VALUES (1.000, 3, 105.032, 100.000, 2, 2022, 3, 1);
INSERT INTO public.forecast (amount, month, real_value, value, version, year, place_id, rate_id) VALUES (1.000, 2, 8.684, 9.000, 2, 2022, 3, 9);
INSERT INTO public.forecast (amount, month, real_value, value, version, year, place_id, rate_id) VALUES (1.000, 3, 47.820, 50.000, 2, 2022, 3, 2);
INSERT INTO public.forecast (amount, month, real_value, value, version, year, place_id, rate_id) VALUES (1.000, 2, 20.107, 20.000, 2, 2022, 3, 6);
INSERT INTO public.forecast (amount, month, real_value, value, version, year, place_id, rate_id) VALUES (40.703, 2, 160.973, 162.812, 2, 2022, 3, 5);
INSERT INTO public.forecast (amount, month, real_value, value, version, year, place_id, rate_id) VALUES (1.000, 4, 99.453, 100.000, 2, 2022, 3, 1);
INSERT INTO public.forecast (amount, month, real_value, value, version, year, place_id, rate_id) VALUES (1.000, 4, 50.085, 50.000, 2, 2022, 3, 2);
INSERT INTO public.forecast (amount, month, real_value, value, version, year, place_id, rate_id) VALUES (1.000, 3, 20.933, 20.000, 2, 2022, 3, 6);
INSERT INTO public.forecast (amount, month, real_value, value, version, year, place_id, rate_id) VALUES (1.000, 3, 28.276, 28.000, 2, 2022, 3, 7);
INSERT INTO public.forecast (amount, month, real_value, value, version, year, place_id, rate_id) VALUES (32.000, 4, 157.298, 160.000, 2, 2022, 3, 3);
INSERT INTO public.forecast (amount, month, real_value, value, version, year, place_id, rate_id) VALUES (26.940, 3, 104.212, 107.760, 2, 2022, 3, 5);
INSERT INTO public.forecast (amount, month, real_value, value, version, year, place_id, rate_id) VALUES (1.000, 3, 8.844, 9.000, 2, 2022, 3, 9);
INSERT INTO public.forecast (amount, month, real_value, value, version, year, place_id, rate_id) VALUES (1.000, 4, 9.100, 9.000, 2, 2022, 3, 9);
INSERT INTO public.forecast (amount, month, real_value, value, version, year, place_id, rate_id) VALUES (31.651, 4, 127.213, 126.604, 2, 2022, 3, 5);
INSERT INTO public.forecast (amount, month, real_value, value, version, year, place_id, rate_id) VALUES (1.000, 4, 28.559, 28.000, 2, 2022, 3, 7);
INSERT INTO public.forecast (amount, month, real_value, value, version, year, place_id, rate_id) VALUES (1.000, 5, 48.107, 50.000, 2, 2022, 3, 2);
INSERT INTO public.forecast (amount, month, real_value, value, version, year, place_id, rate_id) VALUES (32.000, 5, 153.616, 160.000, 2, 2022, 3, 3);
INSERT INTO public.forecast (amount, month, real_value, value, version, year, place_id, rate_id) VALUES (1.000, 4, 19.855, 20.000, 2, 2022, 3, 6);
INSERT INTO public.forecast (amount, month, real_value, value, version, year, place_id, rate_id) VALUES (1.000, 5, 104.140, 100.000, 2, 2022, 3, 1);
INSERT INTO public.forecast (amount, month, real_value, value, version, year, place_id, rate_id) VALUES (36.540, 5, 153.115, 146.160, 2, 2022, 3, 5);
INSERT INTO public.forecast (amount, month, real_value, value, version, year, place_id, rate_id) VALUES (1.000, 5, 8.916, 9.000, 2, 2022, 3, 9);
INSERT INTO public.forecast (amount, month, real_value, value, version, year, place_id, rate_id) VALUES (1.000, 6, 48.528, 50.000, 2, 2022, 3, 2);
INSERT INTO public.forecast (amount, month, real_value, value, version, year, place_id, rate_id) VALUES (1.000, 5, 28.754, 28.000, 2, 2022, 3, 7);
INSERT INTO public.forecast (amount, month, real_value, value, version, year, place_id, rate_id) VALUES (32.000, 6, 157.684, 160.000, 2, 2022, 3, 3);
INSERT INTO public.forecast (amount, month, real_value, value, version, year, place_id, rate_id) VALUES (1.000, 6, 97.981, 100.000, 2, 2022, 3, 1);
INSERT INTO public.forecast (amount, month, real_value, value, version, year, place_id, rate_id) VALUES (1.000, 5, 19.773, 20.000, 2, 2022, 3, 6);
INSERT INTO public.forecast (amount, month, real_value, value, version, year, place_id, rate_id) VALUES (1.000, 6, 29.541, 28.000, 2, 2022, 3, 7);
INSERT INTO public.forecast (amount, month, real_value, value, version, year, place_id, rate_id) VALUES (1.000, 6, 20.046, 20.000, 2, 2022, 3, 6);
INSERT INTO public.forecast (amount, month, real_value, value, version, year, place_id, rate_id) VALUES (35.557, 6, 147.883, 142.228, 2, 2022, 3, 5);
INSERT INTO public.forecast (amount, month, real_value, value, version, year, place_id, rate_id) VALUES (1.000, 7, 50.936, 50.000, 2, 2022, 3, 2);
INSERT INTO public.forecast (amount, month, real_value, value, version, year, place_id, rate_id) VALUES (1.000, 6, 9.204, 9.000, 2, 2022, 3, 9);
INSERT INTO public.forecast (amount, month, real_value, value, version, year, place_id, rate_id) VALUES (32.000, 7, 159.979, 160.000, 2, 2022, 3, 3);
INSERT INTO public.forecast (amount, month, real_value, value, version, year, place_id, rate_id) VALUES (1.000, 7, 98.943, 100.000, 2, 2022, 3, 1);
INSERT INTO public.forecast (amount, month, real_value, value, version, year, place_id, rate_id) VALUES (1.000, 7, 27.712, 28.000, 2, 2022, 3, 7);
INSERT INTO public.forecast (amount, month, real_value, value, version, year, place_id, rate_id) VALUES (1.000, 7, 20.772, 20.000, 2, 2022, 3, 6);
INSERT INTO public.forecast (amount, month, real_value, value, version, year, place_id, rate_id) VALUES (1.000, 8, 52.155, 50.000, 2, 2022, 3, 2);
INSERT INTO public.forecast (amount, month, real_value, value, version, year, place_id, rate_id) VALUES (32.000, 8, 159.012, 160.000, 2, 2022, 3, 3);
INSERT INTO public.forecast (amount, month, real_value, value, version, year, place_id, rate_id) VALUES (30.969, 7, 125.930, 123.876, 2, 2022, 3, 5);
INSERT INTO public.forecast (amount, month, real_value, value, version, year, place_id, rate_id) VALUES (1.000, 8, 104.426, 100.000, 2, 2022, 3, 1);
INSERT INTO public.forecast (amount, month, real_value, value, version, year, place_id, rate_id) VALUES (1.000, 7, 9.018, 9.000, 2, 2022, 3, 9);
INSERT INTO public.forecast (amount, month, real_value, value, version, year, place_id, rate_id) VALUES (39.750, 8, 163.489, 159.000, 2, 2022, 3, 5);
INSERT INTO public.forecast (amount, month, real_value, value, version, year, place_id, rate_id) VALUES (1.000, 9, 48.329, 50.000, 2, 2022, 3, 2);
INSERT INTO public.forecast (amount, month, real_value, value, version, year, place_id, rate_id) VALUES (1.000, 8, 20.769, 20.000, 2, 2022, 3, 6);
INSERT INTO public.forecast (amount, month, real_value, value, version, year, place_id, rate_id) VALUES (1.000, 8, 29.272, 28.000, 2, 2022, 3, 7);
INSERT INTO public.forecast (amount, month, real_value, value, version, year, place_id, rate_id) VALUES (1.000, 8, 9.327, 9.000, 2, 2022, 3, 9);
INSERT INTO public.forecast (amount, month, real_value, value, version, year, place_id, rate_id) VALUES (1.000, 9, 104.564, 100.000, 2, 2022, 3, 1);
INSERT INTO public.forecast (amount, month, real_value, value, version, year, place_id, rate_id) VALUES (32.000, 9, 157.862, 160.000, 2, 2022, 3, 3);
INSERT INTO public.forecast (amount, month, real_value, value, version, year, place_id, rate_id) VALUES (1.000, 10, 50.393, 50.000, 2, 2022, 3, 2);
INSERT INTO public.forecast (amount, month, real_value, value, version, year, place_id, rate_id) VALUES (1.000, 9, 8.989, 9.000, 2, 2022, 3, 9);
INSERT INTO public.forecast (amount, month, real_value, value, version, year, place_id, rate_id) VALUES (1.000, 9, 27.180, 28.000, 2, 2022, 3, 7);
INSERT INTO public.forecast (amount, month, real_value, value, version, year, place_id, rate_id) VALUES (32.000, 10, 153.462, 160.000, 2, 2022, 3, 3);
INSERT INTO public.forecast (amount, month, real_value, value, version, year, place_id, rate_id) VALUES (45.849, 9, 190.017, 183.396, 2, 2022, 3, 5);
INSERT INTO public.forecast (amount, month, real_value, value, version, year, place_id, rate_id) VALUES (1.000, 10, 101.858, 100.000, 2, 2022, 3, 1);
INSERT INTO public.forecast (amount, month, real_value, value, version, year, place_id, rate_id) VALUES (1.000, 9, 20.586, 20.000, 2, 2022, 3, 6);
INSERT INTO public.forecast (amount, month, real_value, value, version, year, place_id, rate_id) VALUES (1.000, 10, 19.399, 20.000, 2, 2022, 3, 6);
INSERT INTO public.forecast (amount, month, real_value, value, version, year, place_id, rate_id) VALUES (1.000, 10, 27.304, 28.000, 2, 2022, 3, 7);
INSERT INTO public.forecast (amount, month, real_value, value, version, year, place_id, rate_id) VALUES (1.000, 11, 48.148, 50.000, 2, 2022, 3, 2);
INSERT INTO public.forecast (amount, month, real_value, value, version, year, place_id, rate_id) VALUES (1.000, 10, 9.239, 9.000, 2, 2022, 3, 9);
INSERT INTO public.forecast (amount, month, real_value, value, version, year, place_id, rate_id) VALUES (32.000, 11, 164.596, 160.000, 2, 2022, 3, 3);
INSERT INTO public.forecast (amount, month, real_value, value, version, year, place_id, rate_id) VALUES (39.690, 10, 157.901, 158.760, 2, 2022, 3, 5);
INSERT INTO public.forecast (amount, month, real_value, value, version, year, place_id, rate_id) VALUES (1.000, 11, 99.434, 100.000, 2, 2022, 3, 1);
INSERT INTO public.forecast (amount, month, real_value, value, version, year, place_id, rate_id) VALUES (1.000, 0, 99.847, 100.000, 2, 2022, 4, 1);
INSERT INTO public.forecast (amount, month, real_value, value, version, year, place_id, rate_id) VALUES (1.000, 11, 20.748, 20.000, 2, 2022, 3, 6);
INSERT INTO public.forecast (amount, month, real_value, value, version, year, place_id, rate_id) VALUES (1.000, 11, 27.542, 28.000, 2, 2022, 3, 7);
INSERT INTO public.forecast (amount, month, real_value, value, version, year, place_id, rate_id) VALUES (1.000, 11, 8.961, 9.000, 2, 2022, 3, 9);
INSERT INTO public.forecast (amount, month, real_value, value, version, year, place_id, rate_id) VALUES (34.441, 11, 136.182, 137.764, 2, 2022, 3, 5);
INSERT INTO public.forecast (amount, month, real_value, value, version, year, place_id, rate_id) VALUES (1.000, 0, 48.315, 50.000, 2, 2022, 4, 2);
INSERT INTO public.forecast (amount, month, real_value, value, version, year, place_id, rate_id) VALUES (117.000, 0, 574.438, 585.000, 2, 2022, 4, 3);
INSERT INTO public.forecast (amount, month, real_value, value, version, year, place_id, rate_id) VALUES (1.000, 0, 8.931, 9.000, 2, 2022, 4, 9);
INSERT INTO public.forecast (amount, month, real_value, value, version, year, place_id, rate_id) VALUES (5.000, 0, 26.132, 25.000, 2, 2022, 4, 8);
INSERT INTO public.forecast (amount, month, real_value, value, version, year, place_id, rate_id) VALUES (11.067, 0, 45.717, 44.268, 2, 2022, 4, 5);
INSERT INTO public.forecast (amount, month, real_value, value, version, year, place_id, rate_id) VALUES (1.000, 1, 103.890, 100.000, 2, 2022, 4, 1);
INSERT INTO public.forecast (amount, month, real_value, value, version, year, place_id, rate_id) VALUES (1.000, 1, 49.001, 50.000, 2, 2022, 4, 2);
INSERT INTO public.forecast (amount, month, real_value, value, version, year, place_id, rate_id) VALUES (5.000, 0, 138.493, 140.000, 2, 2022, 4, 7);
INSERT INTO public.forecast (amount, month, real_value, value, version, year, place_id, rate_id) VALUES (117.000, 1, 566.368, 585.000, 2, 2022, 4, 3);
INSERT INTO public.forecast (amount, month, real_value, value, version, year, place_id, rate_id) VALUES (1.000, 1, 9.188, 9.000, 2, 2022, 4, 9);
INSERT INTO public.forecast (amount, month, real_value, value, version, year, place_id, rate_id) VALUES (5.000, 1, 144.412, 140.000, 2, 2022, 4, 7);
INSERT INTO public.forecast (amount, month, real_value, value, version, year, place_id, rate_id) VALUES (28.028, 1, 112.588, 112.112, 2, 2022, 4, 5);
INSERT INTO public.forecast (amount, month, real_value, value, version, year, place_id, rate_id) VALUES (1.000, 2, 100.388, 100.000, 2, 2022, 4, 1);
INSERT INTO public.forecast (amount, month, real_value, value, version, year, place_id, rate_id) VALUES (117.000, 2, 574.166, 585.000, 2, 2022, 4, 3);
INSERT INTO public.forecast (amount, month, real_value, value, version, year, place_id, rate_id) VALUES (5.000, 1, 25.729, 25.000, 2, 2022, 4, 8);
INSERT INTO public.forecast (amount, month, real_value, value, version, year, place_id, rate_id) VALUES (1.000, 2, 49.607, 50.000, 2, 2022, 4, 2);
INSERT INTO public.forecast (amount, month, real_value, value, version, year, place_id, rate_id) VALUES (117.000, 3, 562.562, 585.000, 2, 2022, 4, 3);
INSERT INTO public.forecast (amount, month, real_value, value, version, year, place_id, rate_id) VALUES (49.135, 2, 193.928, 196.540, 2, 2022, 4, 5);
INSERT INTO public.forecast (amount, month, real_value, value, version, year, place_id, rate_id) VALUES (1.000, 3, 105.032, 100.000, 2, 2022, 4, 1);
INSERT INTO public.forecast (amount, month, real_value, value, version, year, place_id, rate_id) VALUES (5.000, 2, 24.361, 25.000, 2, 2022, 4, 8);
INSERT INTO public.forecast (amount, month, real_value, value, version, year, place_id, rate_id) VALUES (1.000, 3, 47.820, 50.000, 2, 2022, 4, 2);
INSERT INTO public.forecast (amount, month, real_value, value, version, year, place_id, rate_id) VALUES (1.000, 2, 8.684, 9.000, 2, 2022, 4, 9);
INSERT INTO public.forecast (amount, month, real_value, value, version, year, place_id, rate_id) VALUES (5.000, 2, 134.257, 140.000, 2, 2022, 4, 7);
INSERT INTO public.forecast (amount, month, real_value, value, version, year, place_id, rate_id) VALUES (117.000, 4, 571.451, 585.000, 2, 2022, 4, 3);
INSERT INTO public.forecast (amount, month, real_value, value, version, year, place_id, rate_id) VALUES (1.000, 4, 50.085, 50.000, 2, 2022, 4, 2);
INSERT INTO public.forecast (amount, month, real_value, value, version, year, place_id, rate_id) VALUES (1.000, 3, 8.844, 9.000, 2, 2022, 4, 9);
INSERT INTO public.forecast (amount, month, real_value, value, version, year, place_id, rate_id) VALUES (1.000, 4, 99.453, 100.000, 2, 2022, 4, 1);
INSERT INTO public.forecast (amount, month, real_value, value, version, year, place_id, rate_id) VALUES (5.000, 3, 25.065, 25.000, 2, 2022, 4, 8);
INSERT INTO public.forecast (amount, month, real_value, value, version, year, place_id, rate_id) VALUES (34.590, 3, 133.522, 138.360, 2, 2022, 4, 5);
INSERT INTO public.forecast (amount, month, real_value, value, version, year, place_id, rate_id) VALUES (5.000, 3, 140.371, 140.000, 2, 2022, 4, 7);
INSERT INTO public.forecast (amount, month, real_value, value, version, year, place_id, rate_id) VALUES (1.000, 5, 48.107, 50.000, 2, 2022, 4, 2);
INSERT INTO public.forecast (amount, month, real_value, value, version, year, place_id, rate_id) VALUES (117.000, 5, 558.074, 585.000, 2, 2022, 4, 3);
INSERT INTO public.forecast (amount, month, real_value, value, version, year, place_id, rate_id) VALUES (35.495, 4, 143.210, 141.980, 2, 2022, 4, 5);
INSERT INTO public.forecast (amount, month, real_value, value, version, year, place_id, rate_id) VALUES (1.000, 4, 9.100, 9.000, 2, 2022, 4, 9);
INSERT INTO public.forecast (amount, month, real_value, value, version, year, place_id, rate_id) VALUES (5.000, 4, 24.453, 25.000, 2, 2022, 4, 8);
INSERT INTO public.forecast (amount, month, real_value, value, version, year, place_id, rate_id) VALUES (5.000, 4, 141.777, 140.000, 2, 2022, 4, 7);
INSERT INTO public.forecast (amount, month, real_value, value, version, year, place_id, rate_id) VALUES (1.000, 5, 104.140, 100.000, 2, 2022, 4, 1);
INSERT INTO public.forecast (amount, month, real_value, value, version, year, place_id, rate_id) VALUES (5.000, 5, 23.773, 25.000, 2, 2022, 4, 8);
INSERT INTO public.forecast (amount, month, real_value, value, version, year, place_id, rate_id) VALUES (30.750, 5, 128.682, 123.000, 2, 2022, 4, 5);
INSERT INTO public.forecast (amount, month, real_value, value, version, year, place_id, rate_id) VALUES (1.000, 6, 48.528, 50.000, 2, 2022, 4, 2);
INSERT INTO public.forecast (amount, month, real_value, value, version, year, place_id, rate_id) VALUES (1.000, 6, 97.981, 100.000, 2, 2022, 4, 1);
INSERT INTO public.forecast (amount, month, real_value, value, version, year, place_id, rate_id) VALUES (5.000, 5, 142.741, 140.000, 2, 2022, 4, 7);
INSERT INTO public.forecast (amount, month, real_value, value, version, year, place_id, rate_id) VALUES (117.000, 6, 572.850, 585.000, 2, 2022, 4, 3);
INSERT INTO public.forecast (amount, month, real_value, value, version, year, place_id, rate_id) VALUES (1.000, 5, 8.916, 9.000, 2, 2022, 4, 9);
INSERT INTO public.forecast (amount, month, real_value, value, version, year, place_id, rate_id) VALUES (5.000, 6, 146.650, 140.000, 2, 2022, 4, 7);
INSERT INTO public.forecast (amount, month, real_value, value, version, year, place_id, rate_id) VALUES (28.055, 6, 117.105, 112.220, 2, 2022, 4, 5);
INSERT INTO public.forecast (amount, month, real_value, value, version, year, place_id, rate_id) VALUES (1.000, 7, 50.936, 50.000, 2, 2022, 4, 2);
INSERT INTO public.forecast (amount, month, real_value, value, version, year, place_id, rate_id) VALUES (1.000, 6, 9.204, 9.000, 2, 2022, 4, 9);
INSERT INTO public.forecast (amount, month, real_value, value, version, year, place_id, rate_id) VALUES (117.000, 7, 581.190, 585.000, 2, 2022, 4, 3);
INSERT INTO public.forecast (amount, month, real_value, value, version, year, place_id, rate_id) VALUES (5.000, 6, 23.882, 25.000, 2, 2022, 4, 8);
INSERT INTO public.forecast (amount, month, real_value, value, version, year, place_id, rate_id) VALUES (1.000, 7, 98.943, 100.000, 2, 2022, 4, 1);
INSERT INTO public.forecast (amount, month, real_value, value, version, year, place_id, rate_id) VALUES (1.000, 8, 52.155, 50.000, 2, 2022, 4, 2);
INSERT INTO public.forecast (amount, month, real_value, value, version, year, place_id, rate_id) VALUES (1.000, 7, 9.018, 9.000, 2, 2022, 4, 9);
INSERT INTO public.forecast (amount, month, real_value, value, version, year, place_id, rate_id) VALUES (117.000, 8, 577.678, 585.000, 2, 2022, 4, 3);
INSERT INTO public.forecast (amount, month, real_value, value, version, year, place_id, rate_id) VALUES (34.844, 7, 141.766, 139.376, 2, 2022, 4, 5);
INSERT INTO public.forecast (amount, month, real_value, value, version, year, place_id, rate_id) VALUES (1.000, 8, 104.426, 100.000, 2, 2022, 4, 1);
INSERT INTO public.forecast (amount, month, real_value, value, version, year, place_id, rate_id) VALUES (5.000, 7, 137.572, 140.000, 2, 2022, 4, 7);
INSERT INTO public.forecast (amount, month, real_value, value, version, year, place_id, rate_id) VALUES (5.000, 7, 24.414, 25.000, 2, 2022, 4, 8);
INSERT INTO public.forecast (amount, month, real_value, value, version, year, place_id, rate_id) VALUES (1.000, 9, 48.329, 50.000, 2, 2022, 4, 2);
INSERT INTO public.forecast (amount, month, real_value, value, version, year, place_id, rate_id) VALUES (5.000, 8, 24.003, 25.000, 2, 2022, 4, 8);
INSERT INTO public.forecast (amount, month, real_value, value, version, year, place_id, rate_id) VALUES (1.000, 8, 9.327, 9.000, 2, 2022, 4, 9);
INSERT INTO public.forecast (amount, month, real_value, value, version, year, place_id, rate_id) VALUES (5.000, 8, 145.316, 140.000, 2, 2022, 4, 7);
INSERT INTO public.forecast (amount, month, real_value, value, version, year, place_id, rate_id) VALUES (117.000, 9, 573.499, 585.000, 2, 2022, 4, 3);
INSERT INTO public.forecast (amount, month, real_value, value, version, year, place_id, rate_id) VALUES (1.000, 9, 104.564, 100.000, 2, 2022, 4, 1);
INSERT INTO public.forecast (amount, month, real_value, value, version, year, place_id, rate_id) VALUES (31.650, 8, 130.424, 126.600, 2, 2022, 4, 5);
INSERT INTO public.forecast (amount, month, real_value, value, version, year, place_id, rate_id) VALUES (117.000, 10, 557.515, 585.000, 2, 2022, 4, 3);
INSERT INTO public.forecast (amount, month, real_value, value, version, year, place_id, rate_id) VALUES (33.790, 9, 140.114, 135.160, 2, 2022, 4, 5);
INSERT INTO public.forecast (amount, month, real_value, value, version, year, place_id, rate_id) VALUES (1.000, 10, 50.393, 50.000, 2, 2022, 4, 2);
INSERT INTO public.forecast (amount, month, real_value, value, version, year, place_id, rate_id) VALUES (5.000, 9, 134.931, 140.000, 2, 2022, 4, 7);
INSERT INTO public.forecast (amount, month, real_value, value, version, year, place_id, rate_id) VALUES (1.000, 10, 101.858, 100.000, 2, 2022, 4, 1);
INSERT INTO public.forecast (amount, month, real_value, value, version, year, place_id, rate_id) VALUES (5.000, 9, 24.474, 25.000, 2, 2022, 4, 8);
INSERT INTO public.forecast (amount, month, real_value, value, version, year, place_id, rate_id) VALUES (1.000, 9, 8.989, 9.000, 2, 2022, 4, 9);
INSERT INTO public.forecast (amount, month, real_value, value, version, year, place_id, rate_id) VALUES (5.000, 10, 25.752, 25.000, 2, 2022, 4, 8);
INSERT INTO public.forecast (amount, month, real_value, value, version, year, place_id, rate_id) VALUES (1.000, 10, 9.239, 9.000, 2, 2022, 4, 9);
INSERT INTO public.forecast (amount, month, real_value, value, version, year, place_id, rate_id) VALUES (1.000, 11, 48.148, 50.000, 2, 2022, 4, 2);
INSERT INTO public.forecast (amount, month, real_value, value, version, year, place_id, rate_id) VALUES (41.280, 10, 164.249, 165.120, 2, 2022, 4, 5);
INSERT INTO public.forecast (amount, month, real_value, value, version, year, place_id, rate_id) VALUES (5.000, 10, 135.543, 140.000, 2, 2022, 4, 7);
INSERT INTO public.forecast (amount, month, real_value, value, version, year, place_id, rate_id) VALUES (1.000, 11, 99.434, 100.000, 2, 2022, 4, 1);
INSERT INTO public.forecast (amount, month, real_value, value, version, year, place_id, rate_id) VALUES (117.000, 11, 597.964, 585.000, 2, 2022, 4, 3);
INSERT INTO public.forecast (amount, month, real_value, value, version, year, place_id, rate_id) VALUES (44.888, 11, 177.278, 179.552, 2, 2022, 4, 5);
INSERT INTO public.forecast (amount, month, real_value, value, version, year, place_id, rate_id) VALUES (1.000, 0, 99.847, 100.000, 2, 2022, 5, 1);
INSERT INTO public.forecast (amount, month, real_value, value, version, year, place_id, rate_id) VALUES (1.000, 0, 48.315, 50.000, 2, 2022, 5, 2);
INSERT INTO public.forecast (amount, month, real_value, value, version, year, place_id, rate_id) VALUES (5.000, 11, 136.726, 140.000, 2, 2022, 4, 7);
INSERT INTO public.forecast (amount, month, real_value, value, version, year, place_id, rate_id) VALUES (5.000, 11, 25.272, 25.000, 2, 2022, 4, 8);
INSERT INTO public.forecast (amount, month, real_value, value, version, year, place_id, rate_id) VALUES (1.000, 11, 8.961, 9.000, 2, 2022, 4, 9);
INSERT INTO public.forecast (amount, month, real_value, value, version, year, place_id, rate_id) VALUES (68.000, 0, 334.255, 340.000, 2, 2022, 5, 3);
INSERT INTO public.forecast (amount, month, real_value, value, version, year, place_id, rate_id) VALUES (20.739, 0, 148.091, 145.173, 2, 2022, 5, 4);
INSERT INTO public.forecast (amount, month, real_value, value, version, year, place_id, rate_id) VALUES (1.000, 1, 103.890, 100.000, 2, 2022, 5, 1);
INSERT INTO public.forecast (amount, month, real_value, value, version, year, place_id, rate_id) VALUES (1.000, 1, 49.001, 50.000, 2, 2022, 5, 2);
INSERT INTO public.forecast (amount, month, real_value, value, version, year, place_id, rate_id) VALUES (25.265, 0, 103.947, 101.060, 2, 2022, 5, 5);
INSERT INTO public.forecast (amount, month, real_value, value, version, year, place_id, rate_id) VALUES (2.000, 0, 55.796, 56.000, 2, 2022, 5, 7);
INSERT INTO public.forecast (amount, month, real_value, value, version, year, place_id, rate_id) VALUES (2.000, 0, 10.453, 10.000, 2, 2022, 5, 8);
INSERT INTO public.forecast (amount, month, real_value, value, version, year, place_id, rate_id) VALUES (68.000, 1, 329.559, 340.000, 2, 2022, 5, 3);
INSERT INTO public.forecast (amount, month, real_value, value, version, year, place_id, rate_id) VALUES (1.000, 0, 239.223, 250.000, 2, 2022, 5, 10);
INSERT INTO public.forecast (amount, month, real_value, value, version, year, place_id, rate_id) VALUES (31.192, 1, 228.103, 218.344, 2, 2022, 5, 4);
INSERT INTO public.forecast (amount, month, real_value, value, version, year, place_id, rate_id) VALUES (68.000, 2, 334.097, 340.000, 2, 2022, 5, 3);
INSERT INTO public.forecast (amount, month, real_value, value, version, year, place_id, rate_id) VALUES (43.008, 1, 172.580, 172.032, 2, 2022, 5, 5);
INSERT INTO public.forecast (amount, month, real_value, value, version, year, place_id, rate_id) VALUES (2.000, 1, 10.291, 10.000, 2, 2022, 5, 8);
INSERT INTO public.forecast (amount, month, real_value, value, version, year, place_id, rate_id) VALUES (1.000, 1, 246.259, 250.000, 2, 2022, 5, 10);
INSERT INTO public.forecast (amount, month, real_value, value, version, year, place_id, rate_id) VALUES (2.000, 1, 58.181, 56.000, 2, 2022, 5, 7);
INSERT INTO public.forecast (amount, month, real_value, value, version, year, place_id, rate_id) VALUES (1.000, 2, 100.388, 100.000, 2, 2022, 5, 1);
INSERT INTO public.forecast (amount, month, real_value, value, version, year, place_id, rate_id) VALUES (1.000, 2, 49.607, 50.000, 2, 2022, 5, 2);
INSERT INTO public.forecast (amount, month, real_value, value, version, year, place_id, rate_id) VALUES (57.846, 2, 428.633, 404.922, 2, 2022, 5, 4);
INSERT INTO public.forecast (amount, month, real_value, value, version, year, place_id, rate_id) VALUES (64.728, 2, 256.035, 258.912, 2, 2022, 5, 5);
INSERT INTO public.forecast (amount, month, real_value, value, version, year, place_id, rate_id) VALUES (1.000, 3, 105.032, 100.000, 2, 2022, 5, 1);
INSERT INTO public.forecast (amount, month, real_value, value, version, year, place_id, rate_id) VALUES (2.000, 2, 54.089, 56.000, 2, 2022, 5, 7);
INSERT INTO public.forecast (amount, month, real_value, value, version, year, place_id, rate_id) VALUES (1.000, 3, 47.820, 50.000, 2, 2022, 5, 2);
INSERT INTO public.forecast (amount, month, real_value, value, version, year, place_id, rate_id) VALUES (2.000, 2, 9.745, 10.000, 2, 2022, 5, 8);
INSERT INTO public.forecast (amount, month, real_value, value, version, year, place_id, rate_id) VALUES (1.000, 2, 258.807, 250.000, 2, 2022, 5, 10);
INSERT INTO public.forecast (amount, month, real_value, value, version, year, place_id, rate_id) VALUES (68.000, 3, 327.344, 340.000, 2, 2022, 5, 3);
INSERT INTO public.forecast (amount, month, real_value, value, version, year, place_id, rate_id) VALUES (42.420, 3, 301.493, 296.940, 2, 2022, 5, 4);
INSERT INTO public.forecast (amount, month, real_value, value, version, year, place_id, rate_id) VALUES (68.000, 4, 332.517, 340.000, 2, 2022, 5, 3);
INSERT INTO public.forecast (amount, month, real_value, value, version, year, place_id, rate_id) VALUES (1.000, 3, 246.766, 250.000, 2, 2022, 5, 10);
INSERT INTO public.forecast (amount, month, real_value, value, version, year, place_id, rate_id) VALUES (2.000, 3, 56.552, 56.000, 2, 2022, 5, 7);
INSERT INTO public.forecast (amount, month, real_value, value, version, year, place_id, rate_id) VALUES (29.880, 3, 115.285, 119.520, 2, 2022, 5, 5);
INSERT INTO public.forecast (amount, month, real_value, value, version, year, place_id, rate_id) VALUES (1.000, 4, 99.453, 100.000, 2, 2022, 5, 1);
INSERT INTO public.forecast (amount, month, real_value, value, version, year, place_id, rate_id) VALUES (2.000, 3, 10.026, 10.000, 2, 2022, 5, 8);
INSERT INTO public.forecast (amount, month, real_value, value, version, year, place_id, rate_id) VALUES (1.000, 4, 50.085, 50.000, 2, 2022, 5, 2);
INSERT INTO public.forecast (amount, month, real_value, value, version, year, place_id, rate_id) VALUES (39.029, 4, 253.601, 273.203, 2, 2022, 5, 4);
INSERT INTO public.forecast (amount, month, real_value, value, version, year, place_id, rate_id) VALUES (1.000, 4, 262.815, 250.000, 2, 2022, 5, 10);
INSERT INTO public.forecast (amount, month, real_value, value, version, year, place_id, rate_id) VALUES (1.000, 5, 48.107, 50.000, 2, 2022, 5, 2);
INSERT INTO public.forecast (amount, month, real_value, value, version, year, place_id, rate_id) VALUES (24.304, 4, 98.266, 97.216, 2, 2022, 5, 5);
INSERT INTO public.forecast (amount, month, real_value, value, version, year, place_id, rate_id) VALUES (2.000, 4, 9.781, 10.000, 2, 2022, 5, 8);
INSERT INTO public.forecast (amount, month, real_value, value, version, year, place_id, rate_id) VALUES (2.000, 4, 57.119, 56.000, 2, 2022, 5, 7);
INSERT INTO public.forecast (amount, month, real_value, value, version, year, place_id, rate_id) VALUES (68.000, 5, 324.733, 340.000, 2, 2022, 5, 3);
INSERT INTO public.forecast (amount, month, real_value, value, version, year, place_id, rate_id) VALUES (1.000, 5, 104.140, 100.000, 2, 2022, 5, 1);
INSERT INTO public.forecast (amount, month, real_value, value, version, year, place_id, rate_id) VALUES (30.360, 5, 215.292, 212.520, 2, 2022, 5, 4);
INSERT INTO public.forecast (amount, month, real_value, value, version, year, place_id, rate_id) VALUES (1.000, 6, 48.528, 50.000, 2, 2022, 5, 2);
INSERT INTO public.forecast (amount, month, real_value, value, version, year, place_id, rate_id) VALUES (21.030, 5, 87.960, 84.120, 2, 2022, 5, 5);
INSERT INTO public.forecast (amount, month, real_value, value, version, year, place_id, rate_id) VALUES (1.000, 5, 254.036, 250.000, 2, 2022, 5, 10);
INSERT INTO public.forecast (amount, month, real_value, value, version, year, place_id, rate_id) VALUES (2.000, 5, 9.509, 10.000, 2, 2022, 5, 8);
INSERT INTO public.forecast (amount, month, real_value, value, version, year, place_id, rate_id) VALUES (2.000, 5, 57.507, 56.000, 2, 2022, 5, 7);
INSERT INTO public.forecast (amount, month, real_value, value, version, year, place_id, rate_id) VALUES (68.000, 6, 333.331, 340.000, 2, 2022, 5, 3);
INSERT INTO public.forecast (amount, month, real_value, value, version, year, place_id, rate_id) VALUES (1.000, 6, 97.981, 100.000, 2, 2022, 5, 1);
INSERT INTO public.forecast (amount, month, real_value, value, version, year, place_id, rate_id) VALUES (29.760, 6, 210.580, 208.320, 2, 2022, 5, 4);
INSERT INTO public.forecast (amount, month, real_value, value, version, year, place_id, rate_id) VALUES (2.000, 6, 59.082, 56.000, 2, 2022, 5, 7);
INSERT INTO public.forecast (amount, month, real_value, value, version, year, place_id, rate_id) VALUES (1.000, 7, 50.936, 50.000, 2, 2022, 5, 2);
INSERT INTO public.forecast (amount, month, real_value, value, version, year, place_id, rate_id) VALUES (68.000, 7, 338.184, 340.000, 2, 2022, 5, 3);
INSERT INTO public.forecast (amount, month, real_value, value, version, year, place_id, rate_id) VALUES (25.544, 6, 106.596, 102.176, 2, 2022, 5, 5);
INSERT INTO public.forecast (amount, month, real_value, value, version, year, place_id, rate_id) VALUES (2.000, 6, 9.553, 10.000, 2, 2022, 5, 8);
INSERT INTO public.forecast (amount, month, real_value, value, version, year, place_id, rate_id) VALUES (1.000, 7, 98.943, 100.000, 2, 2022, 5, 1);
INSERT INTO public.forecast (amount, month, real_value, value, version, year, place_id, rate_id) VALUES (1.000, 6, 259.896, 250.000, 2, 2022, 5, 10);
INSERT INTO public.forecast (amount, month, real_value, value, version, year, place_id, rate_id) VALUES (35.185, 7, 246.975, 246.295, 2, 2022, 5, 4);
INSERT INTO public.forecast (amount, month, real_value, value, version, year, place_id, rate_id) VALUES (1.000, 7, 260.358, 250.000, 2, 2022, 5, 10);
INSERT INTO public.forecast (amount, month, real_value, value, version, year, place_id, rate_id) VALUES (2.000, 7, 9.765, 10.000, 2, 2022, 5, 8);
INSERT INTO public.forecast (amount, month, real_value, value, version, year, place_id, rate_id) VALUES (32.643, 7, 132.717, 130.572, 2, 2022, 5, 5);
INSERT INTO public.forecast (amount, month, real_value, value, version, year, place_id, rate_id) VALUES (1.000, 8, 52.155, 50.000, 2, 2022, 5, 2);
INSERT INTO public.forecast (amount, month, real_value, value, version, year, place_id, rate_id) VALUES (1.000, 8, 104.426, 100.000, 2, 2022, 5, 1);
INSERT INTO public.forecast (amount, month, real_value, value, version, year, place_id, rate_id) VALUES (2.000, 7, 55.425, 56.000, 2, 2022, 5, 7);
INSERT INTO public.forecast (amount, month, real_value, value, version, year, place_id, rate_id) VALUES (68.000, 8, 336.140, 340.000, 2, 2022, 5, 3);
INSERT INTO public.forecast (amount, month, real_value, value, version, year, place_id, rate_id) VALUES (30.330, 8, 198.253, 212.310, 2, 2022, 5, 4);
INSERT INTO public.forecast (amount, month, real_value, value, version, year, place_id, rate_id) VALUES (68.000, 9, 333.709, 340.000, 2, 2022, 5, 3);
INSERT INTO public.forecast (amount, month, real_value, value, version, year, place_id, rate_id) VALUES (1.000, 8, 245.704, 250.000, 2, 2022, 5, 10);
INSERT INTO public.forecast (amount, month, real_value, value, version, year, place_id, rate_id) VALUES (40.740, 8, 168.082, 162.960, 2, 2022, 5, 5);
INSERT INTO public.forecast (amount, month, real_value, value, version, year, place_id, rate_id) VALUES (2.000, 8, 58.545, 56.000, 2, 2022, 5, 7);
INSERT INTO public.forecast (amount, month, real_value, value, version, year, place_id, rate_id) VALUES (2.000, 8, 9.601, 10.000, 2, 2022, 5, 8);
INSERT INTO public.forecast (amount, month, real_value, value, version, year, place_id, rate_id) VALUES (1.000, 9, 104.564, 100.000, 2, 2022, 5, 1);
INSERT INTO public.forecast (amount, month, real_value, value, version, year, place_id, rate_id) VALUES (1.000, 9, 48.329, 50.000, 2, 2022, 5, 2);
INSERT INTO public.forecast (amount, month, real_value, value, version, year, place_id, rate_id) VALUES (23.591, 9, 170.242, 165.137, 2, 2022, 5, 4);
INSERT INTO public.forecast (amount, month, real_value, value, version, year, place_id, rate_id) VALUES (45.229, 9, 187.138, 180.916, 2, 2022, 5, 5);
INSERT INTO public.forecast (amount, month, real_value, value, version, year, place_id, rate_id) VALUES (68.000, 10, 324.407, 340.000, 2, 2022, 5, 3);
INSERT INTO public.forecast (amount, month, real_value, value, version, year, place_id, rate_id) VALUES (2.000, 9, 54.361, 56.000, 2, 2022, 5, 7);
INSERT INTO public.forecast (amount, month, real_value, value, version, year, place_id, rate_id) VALUES (2.000, 9, 9.790, 10.000, 2, 2022, 5, 8);
INSERT INTO public.forecast (amount, month, real_value, value, version, year, place_id, rate_id) VALUES (1.000, 10, 101.858, 100.000, 2, 2022, 5, 1);
INSERT INTO public.forecast (amount, month, real_value, value, version, year, place_id, rate_id) VALUES (1.000, 9, 241.005, 250.000, 2, 2022, 5, 10);
INSERT INTO public.forecast (amount, month, real_value, value, version, year, place_id, rate_id) VALUES (1.000, 10, 50.393, 50.000, 2, 2022, 5, 2);
INSERT INTO public.forecast (amount, month, real_value, value, version, year, place_id, rate_id) VALUES (24.780, 10, 165.884, 173.460, 2, 2022, 5, 4);
INSERT INTO public.forecast (amount, month, real_value, value, version, year, place_id, rate_id) VALUES (68.000, 11, 347.944, 340.000, 2, 2022, 5, 3);
INSERT INTO public.forecast (amount, month, real_value, value, version, year, place_id, rate_id) VALUES (2.000, 10, 10.301, 10.000, 2, 2022, 5, 8);
INSERT INTO public.forecast (amount, month, real_value, value, version, year, place_id, rate_id) VALUES (1.000, 11, 99.434, 100.000, 2, 2022, 5, 1);
INSERT INTO public.forecast (amount, month, real_value, value, version, year, place_id, rate_id) VALUES (1.000, 11, 48.148, 50.000, 2, 2022, 5, 2);
INSERT INTO public.forecast (amount, month, real_value, value, version, year, place_id, rate_id) VALUES (2.000, 10, 54.607, 56.000, 2, 2022, 5, 7);
INSERT INTO public.forecast (amount, month, real_value, value, version, year, place_id, rate_id) VALUES (36.390, 10, 145.206, 145.560, 2, 2022, 5, 5);
INSERT INTO public.forecast (amount, month, real_value, value, version, year, place_id, rate_id) VALUES (1.000, 10, 250.950, 250.000, 2, 2022, 5, 10);
INSERT INTO public.forecast (amount, month, real_value, value, version, year, place_id, rate_id) VALUES (22.785, 11, 165.237, 159.495, 2, 2022, 5, 4);
INSERT INTO public.forecast (amount, month, real_value, value, version, year, place_id, rate_id) VALUES (1.000, 11, 255.637, 250.000, 2, 2022, 5, 10);
INSERT INTO public.forecast (amount, month, real_value, value, version, year, place_id, rate_id) VALUES (1.000, 0, 48.315, 50.000, 2, 2022, 6, 2);
INSERT INTO public.forecast (amount, month, real_value, value, version, year, place_id, rate_id) VALUES (1.000, 0, 99.847, 100.000, 2, 2022, 6, 1);
INSERT INTO public.forecast (amount, month, real_value, value, version, year, place_id, rate_id) VALUES (2.000, 11, 55.084, 56.000, 2, 2022, 5, 7);
INSERT INTO public.forecast (amount, month, real_value, value, version, year, place_id, rate_id) VALUES (2.000, 11, 10.109, 10.000, 2, 2022, 5, 8);
INSERT INTO public.forecast (amount, month, real_value, value, version, year, place_id, rate_id) VALUES (97.000, 0, 476.363, 485.000, 2, 2022, 6, 3);
INSERT INTO public.forecast (amount, month, real_value, value, version, year, place_id, rate_id) VALUES (31.434, 11, 124.095, 125.736, 2, 2022, 5, 5);
INSERT INTO public.forecast (amount, month, real_value, value, version, year, place_id, rate_id) VALUES (13.826, 0, 98.555, 96.782, 2, 2022, 6, 4);
INSERT INTO public.forecast (amount, month, real_value, value, version, year, place_id, rate_id) VALUES (1.000, 1, 49.001, 50.000, 2, 2022, 6, 2);
INSERT INTO public.forecast (amount, month, real_value, value, version, year, place_id, rate_id) VALUES (3.000, 0, 15.679, 15.000, 2, 2022, 6, 8);
INSERT INTO public.forecast (amount, month, real_value, value, version, year, place_id, rate_id) VALUES (20.057, 0, 82.772, 80.228, 2, 2022, 6, 5);
INSERT INTO public.forecast (amount, month, real_value, value, version, year, place_id, rate_id) VALUES (1.000, 1, 103.890, 100.000, 2, 2022, 6, 1);
INSERT INTO public.forecast (amount, month, real_value, value, version, year, place_id, rate_id) VALUES (97.000, 1, 469.671, 485.000, 2, 2022, 6, 3);
INSERT INTO public.forecast (amount, month, real_value, value, version, year, place_id, rate_id) VALUES (3.000, 0, 83.196, 84.000, 2, 2022, 6, 7);
INSERT INTO public.forecast (amount, month, real_value, value, version, year, place_id, rate_id) VALUES (1.000, 0, 8.931, 9.000, 2, 2022, 6, 9);
INSERT INTO public.forecast (amount, month, real_value, value, version, year, place_id, rate_id) VALUES (29.596, 1, 216.930, 207.172, 2, 2022, 6, 4);
INSERT INTO public.forecast (amount, month, real_value, value, version, year, place_id, rate_id) VALUES (1.000, 2, 100.388, 100.000, 2, 2022, 6, 1);
INSERT INTO public.forecast (amount, month, real_value, value, version, year, place_id, rate_id) VALUES (1.000, 2, 49.607, 50.000, 2, 2022, 6, 2);
INSERT INTO public.forecast (amount, month, real_value, value, version, year, place_id, rate_id) VALUES (1.000, 1, 9.188, 9.000, 2, 2022, 6, 9);
INSERT INTO public.forecast (amount, month, real_value, value, version, year, place_id, rate_id) VALUES (3.000, 1, 15.437, 15.000, 2, 2022, 6, 8);
INSERT INTO public.forecast (amount, month, real_value, value, version, year, place_id, rate_id) VALUES (31.976, 1, 129.024, 127.904, 2, 2022, 6, 5);
INSERT INTO public.forecast (amount, month, real_value, value, version, year, place_id, rate_id) VALUES (3.000, 1, 86.751, 84.000, 2, 2022, 6, 7);
INSERT INTO public.forecast (amount, month, real_value, value, version, year, place_id, rate_id) VALUES (97.000, 2, 476.138, 485.000, 2, 2022, 6, 3);
INSERT INTO public.forecast (amount, month, real_value, value, version, year, place_id, rate_id) VALUES (45.477, 2, 337.233, 318.339, 2, 2022, 6, 4);
INSERT INTO public.forecast (amount, month, real_value, value, version, year, place_id, rate_id) VALUES (1.000, 2, 8.684, 9.000, 2, 2022, 6, 9);
INSERT INTO public.forecast (amount, month, real_value, value, version, year, place_id, rate_id) VALUES (3.000, 2, 14.617, 15.000, 2, 2022, 6, 8);
INSERT INTO public.forecast (amount, month, real_value, value, version, year, place_id, rate_id) VALUES (1.000, 3, 105.032, 100.000, 2, 2022, 6, 1);
INSERT INTO public.forecast (amount, month, real_value, value, version, year, place_id, rate_id) VALUES (50.747, 2, 200.265, 202.988, 2, 2022, 6, 5);
INSERT INTO public.forecast (amount, month, real_value, value, version, year, place_id, rate_id) VALUES (3.000, 2, 80.651, 84.000, 2, 2022, 6, 7);
INSERT INTO public.forecast (amount, month, real_value, value, version, year, place_id, rate_id) VALUES (97.000, 3, 466.515, 485.000, 2, 2022, 6, 3);
INSERT INTO public.forecast (amount, month, real_value, value, version, year, place_id, rate_id) VALUES (1.000, 3, 47.820, 50.000, 2, 2022, 6, 2);
INSERT INTO public.forecast (amount, month, real_value, value, version, year, place_id, rate_id) VALUES (24.630, 3, 175.540, 172.410, 2, 2022, 6, 4);
INSERT INTO public.forecast (amount, month, real_value, value, version, year, place_id, rate_id) VALUES (1.000, 4, 50.085, 50.000, 2, 2022, 6, 2);
INSERT INTO public.forecast (amount, month, real_value, value, version, year, place_id, rate_id) VALUES (97.000, 4, 473.887, 485.000, 2, 2022, 6, 3);
INSERT INTO public.forecast (amount, month, real_value, value, version, year, place_id, rate_id) VALUES (1.000, 4, 99.453, 100.000, 2, 2022, 6, 1);
INSERT INTO public.forecast (amount, month, real_value, value, version, year, place_id, rate_id) VALUES (3.000, 3, 15.039, 15.000, 2, 2022, 6, 8);
INSERT INTO public.forecast (amount, month, real_value, value, version, year, place_id, rate_id) VALUES (25.110, 3, 97.048, 100.440, 2, 2022, 6, 5);
INSERT INTO public.forecast (amount, month, real_value, value, version, year, place_id, rate_id) VALUES (3.000, 3, 84.323, 84.000, 2, 2022, 6, 7);
INSERT INTO public.forecast (amount, month, real_value, value, version, year, place_id, rate_id) VALUES (1.000, 3, 8.844, 9.000, 2, 2022, 6, 9);
INSERT INTO public.forecast (amount, month, real_value, value, version, year, place_id, rate_id) VALUES (27.900, 4, 180.748, 195.300, 2, 2022, 6, 4);
INSERT INTO public.forecast (amount, month, real_value, value, version, year, place_id, rate_id) VALUES (3.000, 4, 14.672, 15.000, 2, 2022, 6, 8);
INSERT INTO public.forecast (amount, month, real_value, value, version, year, place_id, rate_id) VALUES (97.000, 5, 462.793, 485.000, 2, 2022, 6, 3);
INSERT INTO public.forecast (amount, month, real_value, value, version, year, place_id, rate_id) VALUES (1.000, 4, 9.100, 9.000, 2, 2022, 6, 9);
INSERT INTO public.forecast (amount, month, real_value, value, version, year, place_id, rate_id) VALUES (36.115, 4, 145.495, 144.460, 2, 2022, 6, 5);
INSERT INTO public.forecast (amount, month, real_value, value, version, year, place_id, rate_id) VALUES (1.000, 5, 48.107, 50.000, 2, 2022, 6, 2);
INSERT INTO public.forecast (amount, month, real_value, value, version, year, place_id, rate_id) VALUES (1.000, 5, 104.140, 100.000, 2, 2022, 6, 1);
INSERT INTO public.forecast (amount, month, real_value, value, version, year, place_id, rate_id) VALUES (3.000, 4, 85.168, 84.000, 2, 2022, 6, 7);
INSERT INTO public.forecast (amount, month, real_value, value, version, year, place_id, rate_id) VALUES (35.910, 5, 253.984, 251.370, 2, 2022, 6, 4);
INSERT INTO public.forecast (amount, month, real_value, value, version, year, place_id, rate_id) VALUES (1.000, 5, 8.916, 9.000, 2, 2022, 6, 9);
INSERT INTO public.forecast (amount, month, real_value, value, version, year, place_id, rate_id) VALUES (1.000, 6, 48.528, 50.000, 2, 2022, 6, 2);
INSERT INTO public.forecast (amount, month, real_value, value, version, year, place_id, rate_id) VALUES (97.000, 6, 475.047, 485.000, 2, 2022, 6, 3);
INSERT INTO public.forecast (amount, month, real_value, value, version, year, place_id, rate_id) VALUES (43.530, 5, 182.435, 174.120, 2, 2022, 6, 5);
INSERT INTO public.forecast (amount, month, real_value, value, version, year, place_id, rate_id) VALUES (3.000, 5, 85.747, 84.000, 2, 2022, 6, 7);
INSERT INTO public.forecast (amount, month, real_value, value, version, year, place_id, rate_id) VALUES (1.000, 6, 97.981, 100.000, 2, 2022, 6, 1);
INSERT INTO public.forecast (amount, month, real_value, value, version, year, place_id, rate_id) VALUES (3.000, 5, 14.264, 15.000, 2, 2022, 6, 8);
INSERT INTO public.forecast (amount, month, real_value, value, version, year, place_id, rate_id) VALUES (36.053, 6, 255.406, 252.371, 2, 2022, 6, 4);
INSERT INTO public.forecast (amount, month, real_value, value, version, year, place_id, rate_id) VALUES (38.285, 6, 159.143, 153.140, 2, 2022, 6, 5);
INSERT INTO public.forecast (amount, month, real_value, value, version, year, place_id, rate_id) VALUES (3.000, 6, 14.329, 15.000, 2, 2022, 6, 8);
INSERT INTO public.forecast (amount, month, real_value, value, version, year, place_id, rate_id) VALUES (1.000, 6, 9.204, 9.000, 2, 2022, 6, 9);
INSERT INTO public.forecast (amount, month, real_value, value, version, year, place_id, rate_id) VALUES (97.000, 7, 481.962, 485.000, 2, 2022, 6, 3);
INSERT INTO public.forecast (amount, month, real_value, value, version, year, place_id, rate_id) VALUES (3.000, 6, 88.096, 84.000, 2, 2022, 6, 7);
INSERT INTO public.forecast (amount, month, real_value, value, version, year, place_id, rate_id) VALUES (1.000, 7, 50.936, 50.000, 2, 2022, 6, 2);
INSERT INTO public.forecast (amount, month, real_value, value, version, year, place_id, rate_id) VALUES (1.000, 7, 98.943, 100.000, 2, 2022, 6, 1);
INSERT INTO public.forecast (amount, month, real_value, value, version, year, place_id, rate_id) VALUES (20.925, 7, 147.638, 146.475, 2, 2022, 6, 4);
INSERT INTO public.forecast (amount, month, real_value, value, version, year, place_id, rate_id) VALUES (29.326, 7, 119.144, 117.304, 2, 2022, 6, 5);
INSERT INTO public.forecast (amount, month, real_value, value, version, year, place_id, rate_id) VALUES (1.000, 7, 9.018, 9.000, 2, 2022, 6, 9);
INSERT INTO public.forecast (amount, month, real_value, value, version, year, place_id, rate_id) VALUES (3.000, 7, 82.642, 84.000, 2, 2022, 6, 7);
INSERT INTO public.forecast (amount, month, real_value, value, version, year, place_id, rate_id) VALUES (3.000, 7, 14.648, 15.000, 2, 2022, 6, 8);
INSERT INTO public.forecast (amount, month, real_value, value, version, year, place_id, rate_id) VALUES (97.000, 8, 479.050, 485.000, 2, 2022, 6, 3);
INSERT INTO public.forecast (amount, month, real_value, value, version, year, place_id, rate_id) VALUES (1.000, 8, 52.155, 50.000, 2, 2022, 6, 2);
INSERT INTO public.forecast (amount, month, real_value, value, version, year, place_id, rate_id) VALUES (1.000, 8, 104.426, 100.000, 2, 2022, 6, 1);
INSERT INTO public.forecast (amount, month, real_value, value, version, year, place_id, rate_id) VALUES (20.970, 8, 137.379, 146.790, 2, 2022, 6, 4);
INSERT INTO public.forecast (amount, month, real_value, value, version, year, place_id, rate_id) VALUES (3.000, 8, 14.402, 15.000, 2, 2022, 6, 8);
INSERT INTO public.forecast (amount, month, real_value, value, version, year, place_id, rate_id) VALUES (1.000, 9, 48.329, 50.000, 2, 2022, 6, 2);
INSERT INTO public.forecast (amount, month, real_value, value, version, year, place_id, rate_id) VALUES (1.000, 8, 9.327, 9.000, 2, 2022, 6, 9);
INSERT INTO public.forecast (amount, month, real_value, value, version, year, place_id, rate_id) VALUES (97.000, 9, 475.585, 485.000, 2, 2022, 6, 3);
INSERT INTO public.forecast (amount, month, real_value, value, version, year, place_id, rate_id) VALUES (1.000, 9, 104.564, 100.000, 2, 2022, 6, 1);
INSERT INTO public.forecast (amount, month, real_value, value, version, year, place_id, rate_id) VALUES (3.000, 8, 87.294, 84.000, 2, 2022, 6, 7);
INSERT INTO public.forecast (amount, month, real_value, value, version, year, place_id, rate_id) VALUES (36.030, 8, 148.794, 144.120, 2, 2022, 6, 5);
INSERT INTO public.forecast (amount, month, real_value, value, version, year, place_id, rate_id) VALUES (26.381, 9, 190.321, 184.667, 2, 2022, 6, 4);
INSERT INTO public.forecast (amount, month, real_value, value, version, year, place_id, rate_id) VALUES (97.000, 10, 462.329, 485.000, 2, 2022, 6, 3);
INSERT INTO public.forecast (amount, month, real_value, value, version, year, place_id, rate_id) VALUES (1.000, 10, 101.858, 100.000, 2, 2022, 6, 1);
INSERT INTO public.forecast (amount, month, real_value, value, version, year, place_id, rate_id) VALUES (3.000, 9, 14.684, 15.000, 2, 2022, 6, 8);
INSERT INTO public.forecast (amount, month, real_value, value, version, year, place_id, rate_id) VALUES (36.549, 9, 151.630, 146.196, 2, 2022, 6, 5);
INSERT INTO public.forecast (amount, month, real_value, value, version, year, place_id, rate_id) VALUES (3.000, 9, 81.056, 84.000, 2, 2022, 6, 7);
INSERT INTO public.forecast (amount, month, real_value, value, version, year, place_id, rate_id) VALUES (1.000, 9, 8.989, 9.000, 2, 2022, 6, 9);
INSERT INTO public.forecast (amount, month, real_value, value, version, year, place_id, rate_id) VALUES (1.000, 10, 50.393, 50.000, 2, 2022, 6, 2);
INSERT INTO public.forecast (amount, month, real_value, value, version, year, place_id, rate_id) VALUES (22.770, 10, 152.060, 159.390, 2, 2022, 6, 4);
INSERT INTO public.forecast (amount, month, real_value, value, version, year, place_id, rate_id) VALUES (3.000, 10, 15.451, 15.000, 2, 2022, 6, 8);
INSERT INTO public.forecast (amount, month, real_value, value, version, year, place_id, rate_id) VALUES (3.000, 10, 81.424, 84.000, 2, 2022, 6, 7);
INSERT INTO public.forecast (amount, month, real_value, value, version, year, place_id, rate_id) VALUES (29.490, 10, 117.434, 117.960, 2, 2022, 6, 5);
INSERT INTO public.forecast (amount, month, real_value, value, version, year, place_id, rate_id) VALUES (1.000, 10, 9.239, 9.000, 2, 2022, 6, 9);
INSERT INTO public.forecast (amount, month, real_value, value, version, year, place_id, rate_id) VALUES (1.000, 11, 48.148, 50.000, 2, 2022, 6, 2);
INSERT INTO public.forecast (amount, month, real_value, value, version, year, place_id, rate_id) VALUES (1.000, 11, 99.434, 100.000, 2, 2022, 6, 1);
INSERT INTO public.forecast (amount, month, real_value, value, version, year, place_id, rate_id) VALUES (97.000, 11, 495.872, 485.000, 2, 2022, 6, 3);
INSERT INTO public.forecast (amount, month, real_value, value, version, year, place_id, rate_id) VALUES (28.551, 11, 206.753, 199.857, 2, 2022, 6, 4);
INSERT INTO public.forecast (amount, month, real_value, value, version, year, place_id, rate_id) VALUES (3.000, 11, 82.134, 84.000, 2, 2022, 6, 7);
INSERT INTO public.forecast (amount, month, real_value, value, version, year, place_id, rate_id) VALUES (3.000, 11, 15.163, 15.000, 2, 2022, 6, 8);
INSERT INTO public.forecast (amount, month, real_value, value, version, year, place_id, rate_id) VALUES (1.000, 11, 8.961, 9.000, 2, 2022, 6, 9);
INSERT INTO public.forecast (amount, month, real_value, value, version, year, place_id, rate_id) VALUES (29.884, 11, 118.454, 119.536, 2, 2022, 6, 5);

--endregion

--region cost
--Cost
INSERT INTO public.cost (month, real_rate, total_consumption, version, year, category_id) VALUES (0, 99.648, 6.000, 1, 2022, 1);
INSERT INTO public.cost (month, real_rate, total_consumption, version, year, category_id) VALUES (1, 103.683, 6.000, 1, 2022, 1);
INSERT INTO public.cost (month, real_rate, total_consumption, version, year, category_id) VALUES (2, 100.187, 6.000, 1, 2022, 1);
INSERT INTO public.cost (month, real_rate, total_consumption, version, year, category_id) VALUES (3, 104.822, 6.000, 1, 2022, 1);
INSERT INTO public.cost (month, real_rate, total_consumption, version, year, category_id) VALUES (4, 99.254, 6.000, 1, 2022, 1);
INSERT INTO public.cost (month, real_rate, total_consumption, version, year, category_id) VALUES (5, 103.932, 6.000, 1, 2022, 1);
INSERT INTO public.cost (month, real_rate, total_consumption, version, year, category_id) VALUES (6, 97.786, 6.000, 1, 2022, 1);
INSERT INTO public.cost (month, real_rate, total_consumption, version, year, category_id) VALUES (7, 98.745, 6.000, 1, 2022, 1);
INSERT INTO public.cost (month, real_rate, total_consumption, version, year, category_id) VALUES (8, 104.218, 6.000, 1, 2022, 1);
INSERT INTO public.cost (month, real_rate, total_consumption, version, year, category_id) VALUES (9, 104.356, 6.000, 1, 2022, 1);
INSERT INTO public.cost (month, real_rate, total_consumption, version, year, category_id) VALUES (10, 101.655, 6.000, 1, 2022, 1);
INSERT INTO public.cost (month, real_rate, total_consumption, version, year, category_id) VALUES (11, 99.236, 6.000, 1, 2022, 1);
INSERT INTO public.cost (month, real_rate, total_consumption, version, year, category_id) VALUES (0, 48.219, 6.000, 1, 2022, 2);
INSERT INTO public.cost (month, real_rate, total_consumption, version, year, category_id) VALUES (1, 48.903, 6.000, 1, 2022, 2);
INSERT INTO public.cost (month, real_rate, total_consumption, version, year, category_id) VALUES (2, 49.508, 6.000, 1, 2022, 2);
INSERT INTO public.cost (month, real_rate, total_consumption, version, year, category_id) VALUES (3, 47.724, 6.000, 1, 2022, 2);
INSERT INTO public.cost (month, real_rate, total_consumption, version, year, category_id) VALUES (4, 49.985, 6.000, 1, 2022, 2);
INSERT INTO public.cost (month, real_rate, total_consumption, version, year, category_id) VALUES (5, 48.011, 6.000, 1, 2022, 2);
INSERT INTO public.cost (month, real_rate, total_consumption, version, year, category_id) VALUES (6, 48.431, 6.000, 1, 2022, 2);
INSERT INTO public.cost (month, real_rate, total_consumption, version, year, category_id) VALUES (7, 50.834, 6.000, 1, 2022, 2);
INSERT INTO public.cost (month, real_rate, total_consumption, version, year, category_id) VALUES (8, 52.050, 6.000, 1, 2022, 2);
INSERT INTO public.cost (month, real_rate, total_consumption, version, year, category_id) VALUES (9, 48.233, 6.000, 1, 2022, 2);
INSERT INTO public.cost (month, real_rate, total_consumption, version, year, category_id) VALUES (10, 50.293, 6.000, 1, 2022, 2);
INSERT INTO public.cost (month, real_rate, total_consumption, version, year, category_id) VALUES (11, 48.052, 6.000, 1, 2022, 2);
INSERT INTO public.cost (month, real_rate, total_consumption, version, year, category_id) VALUES (0, 4.906, 408.000, 1, 2022, 3);
INSERT INTO public.cost (month, real_rate, total_consumption, version, year, category_id) VALUES (1, 4.837, 408.000, 1, 2022, 3);
INSERT INTO public.cost (month, real_rate, total_consumption, version, year, category_id) VALUES (2, 4.903, 408.000, 1, 2022, 3);
INSERT INTO public.cost (month, real_rate, total_consumption, version, year, category_id) VALUES (3, 4.804, 408.000, 1, 2022, 3);
INSERT INTO public.cost (month, real_rate, total_consumption, version, year, category_id) VALUES (4, 4.880, 408.000, 1, 2022, 3);
INSERT INTO public.cost (month, real_rate, total_consumption, version, year, category_id) VALUES (5, 4.766, 408.000, 1, 2022, 3);
INSERT INTO public.cost (month, real_rate, total_consumption, version, year, category_id) VALUES (6, 4.892, 408.000, 1, 2022, 3);
INSERT INTO public.cost (month, real_rate, total_consumption, version, year, category_id) VALUES (7, 4.963, 408.000, 1, 2022, 3);
INSERT INTO public.cost (month, real_rate, total_consumption, version, year, category_id) VALUES (8, 4.933, 408.000, 1, 2022, 3);
INSERT INTO public.cost (month, real_rate, total_consumption, version, year, category_id) VALUES (9, 4.898, 408.000, 1, 2022, 3);
INSERT INTO public.cost (month, real_rate, total_consumption, version, year, category_id) VALUES (10, 4.761, 408.000, 1, 2022, 3);
INSERT INTO public.cost (month, real_rate, total_consumption, version, year, category_id) VALUES (11, 5.107, 408.000, 1, 2022, 3);
INSERT INTO public.cost (month, real_rate, total_consumption, version, year, category_id) VALUES (0, 6.848, 75.346, 1, 2022, 4);
INSERT INTO public.cost (month, real_rate, total_consumption, version, year, category_id) VALUES (1, 7.336, 126.920, 1, 2022, 4);
INSERT INTO public.cost (month, real_rate, total_consumption, version, year, category_id) VALUES (2, 7.256, 217.188, 1, 2022, 4);
INSERT INTO public.cost (month, real_rate, total_consumption, version, year, category_id) VALUES (3, 7.081, 140.053, 1, 2022, 4);
INSERT INTO public.cost (month, real_rate, total_consumption, version, year, category_id) VALUES (4, 6.690, 137.843, 1, 2022, 4);
INSERT INTO public.cost (month, real_rate, total_consumption, version, year, category_id) VALUES (5, 6.798, 145.940, 1, 2022, 4);
INSERT INTO public.cost (month, real_rate, total_consumption, version, year, category_id) VALUES (6, 6.798, 153.353, 1, 2022, 4);
INSERT INTO public.cost (month, real_rate, total_consumption, version, year, category_id) VALUES (7, 7.098, 128.403, 1, 2022, 4);
INSERT INTO public.cost (month, real_rate, total_consumption, version, year, category_id) VALUES (8, 6.784, 121.258, 1, 2022, 4);
INSERT INTO public.cost (month, real_rate, total_consumption, version, year, category_id) VALUES (9, 6.910, 126.348, 1, 2022, 4);
INSERT INTO public.cost (month, real_rate, total_consumption, version, year, category_id) VALUES (10, 6.692, 108.722, 1, 2022, 4);
INSERT INTO public.cost (month, real_rate, total_consumption, version, year, category_id) VALUES (11, 7.150, 116.136, 1, 2022, 4);
INSERT INTO public.cost (month, real_rate, total_consumption, version, year, category_id) VALUES (0, 4.165, 115.531, 1, 2022, 5);
INSERT INTO public.cost (month, real_rate, total_consumption, version, year, category_id) VALUES (1, 3.831, 214.542, 1, 2022, 5);
INSERT INTO public.cost (month, real_rate, total_consumption, version, year, category_id) VALUES (2, 4.081, 310.548, 1, 2022, 5);
INSERT INTO public.cost (month, real_rate, total_consumption, version, year, category_id) VALUES (3, 3.869, 168.365, 1, 2022, 5);
INSERT INTO public.cost (month, real_rate, total_consumption, version, year, category_id) VALUES (4, 3.852, 197.731, 1, 2022, 5);
INSERT INTO public.cost (month, real_rate, total_consumption, version, year, category_id) VALUES (5, 4.149, 196.285, 1, 2022, 5);
INSERT INTO public.cost (month, real_rate, total_consumption, version, year, category_id) VALUES (6, 4.107, 182.784, 1, 2022, 5);
INSERT INTO public.cost (month, real_rate, total_consumption, version, year, category_id) VALUES (7, 3.961, 190.385, 1, 2022, 5);
INSERT INTO public.cost (month, real_rate, total_consumption, version, year, category_id) VALUES (8, 3.991, 230.152, 1, 2022, 5);
INSERT INTO public.cost (month, real_rate, total_consumption, version, year, category_id) VALUES (9, 4.067, 235.964, 1, 2022, 5);
INSERT INTO public.cost (month, real_rate, total_consumption, version, year, category_id) VALUES (10, 3.861, 205.502, 1, 2022, 5);
INSERT INTO public.cost (month, real_rate, total_consumption, version, year, category_id) VALUES (11, 3.960, 203.486, 1, 2022, 5);
INSERT INTO public.cost (month, real_rate, total_consumption, version, year, category_id) VALUES (0, 19.566, 3.000, 1, 2022, 6);
INSERT INTO public.cost (month, real_rate, total_consumption, version, year, category_id) VALUES (1, 19.602, 3.000, 1, 2022, 6);
INSERT INTO public.cost (month, real_rate, total_consumption, version, year, category_id) VALUES (2, 20.066, 3.000, 1, 2022, 6);
INSERT INTO public.cost (month, real_rate, total_consumption, version, year, category_id) VALUES (3, 20.891, 3.000, 1, 2022, 6);
INSERT INTO public.cost (month, real_rate, total_consumption, version, year, category_id) VALUES (4, 19.815, 3.000, 1, 2022, 6);
INSERT INTO public.cost (month, real_rate, total_consumption, version, year, category_id) VALUES (5, 19.734, 3.000, 1, 2022, 6);
INSERT INTO public.cost (month, real_rate, total_consumption, version, year, category_id) VALUES (6, 20.006, 3.000, 1, 2022, 6);
INSERT INTO public.cost (month, real_rate, total_consumption, version, year, category_id) VALUES (7, 20.731, 3.000, 1, 2022, 6);
INSERT INTO public.cost (month, real_rate, total_consumption, version, year, category_id) VALUES (8, 20.728, 3.000, 1, 2022, 6);
INSERT INTO public.cost (month, real_rate, total_consumption, version, year, category_id) VALUES (9, 20.545, 3.000, 1, 2022, 6);
INSERT INTO public.cost (month, real_rate, total_consumption, version, year, category_id) VALUES (10, 19.361, 3.000, 1, 2022, 6);
INSERT INTO public.cost (month, real_rate, total_consumption, version, year, category_id) VALUES (11, 20.706, 3.000, 1, 2022, 6);
INSERT INTO public.cost (month, real_rate, total_consumption, version, year, category_id) VALUES (0, 27.677, 18.000, 1, 2022, 7);
INSERT INTO public.cost (month, real_rate, total_consumption, version, year, category_id) VALUES (1, 28.859, 18.000, 1, 2022, 7);
INSERT INTO public.cost (month, real_rate, total_consumption, version, year, category_id) VALUES (2, 26.830, 18.000, 1, 2022, 7);
INSERT INTO public.cost (month, real_rate, total_consumption, version, year, category_id) VALUES (3, 28.052, 18.000, 1, 2022, 7);
INSERT INTO public.cost (month, real_rate, total_consumption, version, year, category_id) VALUES (4, 28.333, 18.000, 1, 2022, 7);
INSERT INTO public.cost (month, real_rate, total_consumption, version, year, category_id) VALUES (5, 28.525, 18.000, 1, 2022, 7);
INSERT INTO public.cost (month, real_rate, total_consumption, version, year, category_id) VALUES (6, 29.307, 18.000, 1, 2022, 7);
INSERT INTO public.cost (month, real_rate, total_consumption, version, year, category_id) VALUES (7, 27.492, 18.000, 1, 2022, 7);
INSERT INTO public.cost (month, real_rate, total_consumption, version, year, category_id) VALUES (8, 29.040, 18.000, 1, 2022, 7);
INSERT INTO public.cost (month, real_rate, total_consumption, version, year, category_id) VALUES (9, 26.965, 18.000, 1, 2022, 7);
INSERT INTO public.cost (month, real_rate, total_consumption, version, year, category_id) VALUES (10, 27.087, 18.000, 1, 2022, 7);
INSERT INTO public.cost (month, real_rate, total_consumption, version, year, category_id) VALUES (11, 27.323, 18.000, 1, 2022, 7);
INSERT INTO public.cost (month, real_rate, total_consumption, version, year, category_id) VALUES (0, 5.226, 10.000, 1, 2022, 8);
INSERT INTO public.cost (month, real_rate, total_consumption, version, year, category_id) VALUES (1, 5.146, 10.000, 1, 2022, 8);
INSERT INTO public.cost (month, real_rate, total_consumption, version, year, category_id) VALUES (2, 4.872, 10.000, 1, 2022, 8);
INSERT INTO public.cost (month, real_rate, total_consumption, version, year, category_id) VALUES (3, 5.013, 10.000, 1, 2022, 8);
INSERT INTO public.cost (month, real_rate, total_consumption, version, year, category_id) VALUES (4, 4.891, 10.000, 1, 2022, 8);
INSERT INTO public.cost (month, real_rate, total_consumption, version, year, category_id) VALUES (5, 4.755, 10.000, 1, 2022, 8);
INSERT INTO public.cost (month, real_rate, total_consumption, version, year, category_id) VALUES (6, 4.776, 10.000, 1, 2022, 8);
INSERT INTO public.cost (month, real_rate, total_consumption, version, year, category_id) VALUES (7, 4.883, 10.000, 1, 2022, 8);
INSERT INTO public.cost (month, real_rate, total_consumption, version, year, category_id) VALUES (8, 4.801, 10.000, 1, 2022, 8);
INSERT INTO public.cost (month, real_rate, total_consumption, version, year, category_id) VALUES (9, 4.895, 10.000, 1, 2022, 8);
INSERT INTO public.cost (month, real_rate, total_consumption, version, year, category_id) VALUES (10, 5.150, 10.000, 1, 2022, 8);
INSERT INTO public.cost (month, real_rate, total_consumption, version, year, category_id) VALUES (11, 5.054, 10.000, 1, 2022, 8);
INSERT INTO public.cost (month, real_rate, total_consumption, version, year, category_id) VALUES (0, 8.913, 3.000, 1, 2022, 9);
INSERT INTO public.cost (month, real_rate, total_consumption, version, year, category_id) VALUES (1, 9.169, 3.000, 1, 2022, 9);
INSERT INTO public.cost (month, real_rate, total_consumption, version, year, category_id) VALUES (2, 8.666, 3.000, 1, 2022, 9);
INSERT INTO public.cost (month, real_rate, total_consumption, version, year, category_id) VALUES (3, 8.827, 3.000, 1, 2022, 9);
INSERT INTO public.cost (month, real_rate, total_consumption, version, year, category_id) VALUES (4, 9.081, 3.000, 1, 2022, 9);
INSERT INTO public.cost (month, real_rate, total_consumption, version, year, category_id) VALUES (5, 8.898, 3.000, 1, 2022, 9);
INSERT INTO public.cost (month, real_rate, total_consumption, version, year, category_id) VALUES (6, 9.185, 3.000, 1, 2022, 9);
INSERT INTO public.cost (month, real_rate, total_consumption, version, year, category_id) VALUES (7, 9.000, 3.000, 1, 2022, 9);
INSERT INTO public.cost (month, real_rate, total_consumption, version, year, category_id) VALUES (8, 9.308, 3.000, 1, 2022, 9);
INSERT INTO public.cost (month, real_rate, total_consumption, version, year, category_id) VALUES (9, 8.971, 3.000, 1, 2022, 9);
INSERT INTO public.cost (month, real_rate, total_consumption, version, year, category_id) VALUES (10, 9.221, 3.000, 1, 2022, 9);
INSERT INTO public.cost (month, real_rate, total_consumption, version, year, category_id) VALUES (11, 8.943, 3.000, 1, 2022, 9);
INSERT INTO public.cost (month, real_rate, total_consumption, version, year, category_id) VALUES (0, 238.746, 3.000, 1, 2022, 10);
INSERT INTO public.cost (month, real_rate, total_consumption, version, year, category_id) VALUES (1, 245.767, 3.000, 1, 2022, 10);
INSERT INTO public.cost (month, real_rate, total_consumption, version, year, category_id) VALUES (2, 258.291, 3.000, 1, 2022, 10);
INSERT INTO public.cost (month, real_rate, total_consumption, version, year, category_id) VALUES (3, 246.273, 3.000, 1, 2022, 10);
INSERT INTO public.cost (month, real_rate, total_consumption, version, year, category_id) VALUES (4, 262.291, 3.000, 1, 2022, 10);
INSERT INTO public.cost (month, real_rate, total_consumption, version, year, category_id) VALUES (5, 253.529, 3.000, 1, 2022, 10);
INSERT INTO public.cost (month, real_rate, total_consumption, version, year, category_id) VALUES (6, 259.377, 3.000, 1, 2022, 10);
INSERT INTO public.cost (month, real_rate, total_consumption, version, year, category_id) VALUES (7, 259.838, 3.000, 1, 2022, 10);
INSERT INTO public.cost (month, real_rate, total_consumption, version, year, category_id) VALUES (8, 245.214, 3.000, 1, 2022, 10);
INSERT INTO public.cost (month, real_rate, total_consumption, version, year, category_id) VALUES (9, 240.524, 3.000, 1, 2022, 10);
INSERT INTO public.cost (month, real_rate, total_consumption, version, year, category_id) VALUES (10, 250.449, 3.000, 1, 2022, 10);
INSERT INTO public.cost (month, real_rate, total_consumption, version, year, category_id) VALUES (11, 255.126, 3.000, 1, 2022, 10);
--endregion

--region report
--Report
INSERT INTO public.report (total_consumption, total_cost, version, year, category_id, place_id) VALUES (72.000, 7319.739, 1, 2022, 1, 1);
INSERT INTO public.report (total_consumption, total_cost, version, year, category_id, place_id) VALUES (72.000, 3548.540, 1, 2022, 2, 1);
INSERT INTO public.report (total_consumption, total_cost, version, year, category_id, place_id) VALUES (4896.000, 24001.252, 1, 2022, 3, 1);
INSERT INTO public.report (total_consumption, total_cost, version, year, category_id, place_id) VALUES (1583.946, 11156.692, 1, 2022, 4, 1);
INSERT INTO public.report (total_consumption, total_cost, version, year, category_id, place_id) VALUES (2423.971, 9808.608, 1, 2022, 5, 1);
INSERT INTO public.report (total_consumption, total_cost, version, year, category_id, place_id) VALUES (36.000, 726.699, 1, 2022, 6, 1);
INSERT INTO public.report (total_consumption, total_cost, version, year, category_id, place_id) VALUES (216.000, 6056.929, 1, 2022, 7, 1);
INSERT INTO public.report (total_consumption, total_cost, version, year, category_id, place_id) VALUES (36.000, 9064.368, 1, 2022, 10, 1);
INSERT INTO public.report (total_consumption, total_cost, version, year, category_id, place_id) VALUES (72.000, 7319.739, 1, 2022, 1, 2);
INSERT INTO public.report (total_consumption, total_cost, version, year, category_id, place_id) VALUES (72.000, 3548.540, 1, 2022, 2, 2);
INSERT INTO public.report (total_consumption, total_cost, version, year, category_id, place_id) VALUES (4896.000, 24001.252, 1, 2022, 3, 2);
INSERT INTO public.report (total_consumption, total_cost, version, year, category_id, place_id) VALUES (1583.946, 11156.692, 1, 2022, 4, 2);
INSERT INTO public.report (total_consumption, total_cost, version, year, category_id, place_id) VALUES (2423.971, 9808.608, 1, 2022, 5, 2);
INSERT INTO public.report (total_consumption, total_cost, version, year, category_id, place_id) VALUES (36.000, 726.699, 1, 2022, 6, 2);
INSERT INTO public.report (total_consumption, total_cost, version, year, category_id, place_id) VALUES (216.000, 6056.929, 1, 2022, 7, 2);
INSERT INTO public.report (total_consumption, total_cost, version, year, category_id, place_id) VALUES (36.000, 9064.368, 1, 2022, 10, 2);
INSERT INTO public.report (total_consumption, total_cost, version, year, category_id, place_id) VALUES (72.000, 7319.739, 1, 2022, 1, 3);
INSERT INTO public.report (total_consumption, total_cost, version, year, category_id, place_id) VALUES (72.000, 3548.540, 1, 2022, 2, 3);
INSERT INTO public.report (total_consumption, total_cost, version, year, category_id, place_id) VALUES (4896.000, 24001.252, 1, 2022, 3, 3);
INSERT INTO public.report (total_consumption, total_cost, version, year, category_id, place_id) VALUES (2423.971, 9808.608, 1, 2022, 5, 3);
INSERT INTO public.report (total_consumption, total_cost, version, year, category_id, place_id) VALUES (36.000, 726.699, 1, 2022, 6, 3);
INSERT INTO public.report (total_consumption, total_cost, version, year, category_id, place_id) VALUES (216.000, 6056.929, 1, 2022, 7, 3);
INSERT INTO public.report (total_consumption, total_cost, version, year, category_id, place_id) VALUES (36.000, 325.197, 1, 2022, 9, 3);
INSERT INTO public.report (total_consumption, total_cost, version, year, category_id, place_id) VALUES (72.000, 7319.739, 1, 2022, 1, 4);
INSERT INTO public.report (total_consumption, total_cost, version, year, category_id, place_id) VALUES (72.000, 3548.540, 1, 2022, 2, 4);
INSERT INTO public.report (total_consumption, total_cost, version, year, category_id, place_id) VALUES (4896.000, 24001.252, 1, 2022, 3, 4);
INSERT INTO public.report (total_consumption, total_cost, version, year, category_id, place_id) VALUES (2423.971, 9808.608, 1, 2022, 5, 4);
INSERT INTO public.report (total_consumption, total_cost, version, year, category_id, place_id) VALUES (216.000, 6056.929, 1, 2022, 7, 4);
INSERT INTO public.report (total_consumption, total_cost, version, year, category_id, place_id) VALUES (120.000, 594.622, 1, 2022, 8, 4);
INSERT INTO public.report (total_consumption, total_cost, version, year, category_id, place_id) VALUES (36.000, 325.197, 1, 2022, 9, 4);
INSERT INTO public.report (total_consumption, total_cost, version, year, category_id, place_id) VALUES (72.000, 7319.739, 1, 2022, 1, 5);
INSERT INTO public.report (total_consumption, total_cost, version, year, category_id, place_id) VALUES (72.000, 3548.540, 1, 2022, 2, 5);
INSERT INTO public.report (total_consumption, total_cost, version, year, category_id, place_id) VALUES (4896.000, 24001.252, 1, 2022, 3, 5);
INSERT INTO public.report (total_consumption, total_cost, version, year, category_id, place_id) VALUES (1583.946, 11156.692, 1, 2022, 4, 5);
INSERT INTO public.report (total_consumption, total_cost, version, year, category_id, place_id) VALUES (2423.971, 9808.608, 1, 2022, 5, 5);
INSERT INTO public.report (total_consumption, total_cost, version, year, category_id, place_id) VALUES (216.000, 6056.929, 1, 2022, 7, 5);
INSERT INTO public.report (total_consumption, total_cost, version, year, category_id, place_id) VALUES (120.000, 594.622, 1, 2022, 8, 5);
INSERT INTO public.report (total_consumption, total_cost, version, year, category_id, place_id) VALUES (36.000, 9064.368, 1, 2022, 10, 5);
INSERT INTO public.report (total_consumption, total_cost, version, year, category_id, place_id) VALUES (72.000, 7319.739, 1, 2022, 1, 6);
INSERT INTO public.report (total_consumption, total_cost, version, year, category_id, place_id) VALUES (72.000, 3548.540, 1, 2022, 2, 6);
INSERT INTO public.report (total_consumption, total_cost, version, year, category_id, place_id) VALUES (4896.000, 24001.252, 1, 2022, 3, 6);
INSERT INTO public.report (total_consumption, total_cost, version, year, category_id, place_id) VALUES (1583.946, 11156.692, 1, 2022, 4, 6);
INSERT INTO public.report (total_consumption, total_cost, version, year, category_id, place_id) VALUES (2423.971, 9808.608, 1, 2022, 5, 6);
INSERT INTO public.report (total_consumption, total_cost, version, year, category_id, place_id) VALUES (216.000, 6056.929, 1, 2022, 7, 6);
INSERT INTO public.report (total_consumption, total_cost, version, year, category_id, place_id) VALUES (120.000, 594.622, 1, 2022, 8, 6);
INSERT INTO public.report (total_consumption, total_cost, version, year, category_id, place_id) VALUES (36.000, 325.197, 1, 2022, 9, 6);
--endregion
