GRANT SELECT, INSERT, UPDATE, DELETE ON TABLE account TO ssbd05mok;
GRANT SELECT, INSERT, UPDATE, DELETE ON TABLE access_level TO ssbd05mok;
GRANT SELECT, INSERT, UPDATE, DELETE ON TABLE account_data TO ssbd05mok;
GRANT SELECT, INSERT, UPDATE, DELETE ON TABLE admin_data TO ssbd05mok;
GRANT SELECT, INSERT, UPDATE, DELETE ON TABLE manager_data TO ssbd05mok;
GRANT SELECT, INSERT, UPDATE, DELETE ON TABLE owner_data TO ssbd05mok;
GRANT SELECT, INSERT, UPDATE, DELETE ON TABLE token TO ssbd05mok;
GRANT SELECT, INSERT, UPDATE ON TABLE city_dict TO ssbd05mok;
GRANT SELECT, INSERT, UPDATE, DELETE ON TABLE past_passwords TO ssbd05mok;

CREATE VIEW auth_view AS SELECT login, password, level FROM account a, access_level al WHERE (a.id = al.account_id) AND a.active = TRUE AND a.verified = TRUE AND al.active = TRUE AND al.verified = TRUE;

GRANT SELECT ON auth_view TO ssbd05auth;

GRANT SELECT, INSERT, UPDATE ON TABLE building TO ssbd05mow;
GRANT SELECT ON TABLE category TO ssbd05mow;
GRANT SELECT, INSERT, UPDATE, DELETE ON TABLE cost TO ssbd05mow;
GRANT SELECT, INSERT, UPDATE ON TABLE forecast TO ssbd05mow;
GRANT SELECT, INSERT ON TABLE meter TO ssbd05mow;
GRANT SELECT, INSERT, UPDATE ON TABLE place TO ssbd05mow;
GRANT SELECT, INSERT, DELETE ON TABLE place_owner TO ssbd05mow;
GRANT SELECT, INSERT, DELETE ON TABLE place_rate TO ssbd05mow;
GRANT SELECT, INSERT, UPDATE, DELETE ON TABLE rate TO ssbd05mow;
GRANT SELECT, INSERT ON TABLE reading TO ssbd05mow;
GRANT SELECT, INSERT ON TABLE report TO ssbd05mow;

GRANT SELECT ON TABLE account TO ssbd05mow;
GRANT SELECT ON TABLE account_data TO ssbd05mow;
GRANT SELECT ON TABLE access_level TO ssbd05mow;
GRANT SELECT ON TABLE owner_data TO ssbd05mow;
GRANT SELECT ON TABLE manager_data TO ssbd05mow;

GRANT SELECT, UPDATE ON SEQUENCE city_dict_id_seq TO ssbd05mok;
GRANT SELECT, UPDATE ON SEQUENCE access_level_id_seq TO ssbd05mok;
GRANT SELECT, UPDATE ON SEQUENCE account_id_seq TO ssbd05mok;
GRANT SELECT, UPDATE ON SEQUENCE token_id_seq TO ssbd05mok;

GRANT SELECT, UPDATE ON SEQUENCE building_id_seq TO ssbd05mow;
GRANT SELECT, UPDATE ON SEQUENCE category_id_seq TO ssbd05mow;
GRANT SELECT, UPDATE ON SEQUENCE cost_id_seq TO ssbd05mow;
GRANT SELECT, UPDATE ON SEQUENCE forecast_id_seq TO ssbd05mow;
GRANT SELECT, UPDATE ON SEQUENCE meter_id_seq TO ssbd05mow;
GRANT SELECT, UPDATE ON SEQUENCE place_id_seq TO ssbd05mow;
GRANT SELECT, UPDATE ON SEQUENCE rate_id_seq TO ssbd05mow;
GRANT SELECT, UPDATE ON SEQUENCE reading_id_seq TO ssbd05mow;
GRANT SELECT, UPDATE ON SEQUENCE report_id_seq TO ssbd05mow;

CREATE INDEX access_level_account_id ON access_level USING btree (account_id);
CREATE INDEX cost_category_id ON cost USING btree (category_id);
CREATE INDEX forecast_place_id ON forecast USING btree (place_id);
CREATE INDEX forecast_rate_id ON forecast USING btree (rate_id);
CREATE INDEX meter_category_id ON meter USING btree (category_id);
CREATE INDEX meter_place_id ON meter USING btree (place_id);
CREATE INDEX place_building_id ON place USING btree (building_id);
CREATE INDEX place_owner_owner_id ON place_owner USING btree (owner_id);
CREATE INDEX place_owner_place_id ON place_owner USING btree (place_id);
CREATE INDEX place_rate_place_id ON place_rate USING btree (place_id);
CREATE INDEX place_rate_rate_id ON place_rate USING btree (rate_id);
CREATE INDEX rate_category_id ON rate USING btree (category_id);
CREATE INDEX reading_meter_id ON reading USING btree (meter_id);
CREATE INDEX report_category_id ON report USING btree (category_id);
CREATE INDEX report_place_id ON report USING btree (place_id);
CREATE INDEX token_account_id ON token USING btree (account_id);

insert into public.account (id, active, reminded, email, language, login, password, verified, version, last_successful_login, last_successful_login_ip, last_unsuccessful_login, last_unsuccessful_login_ip, unsuccessful_login_chain_counter, two_factor_auth, created_time, light_theme_preferred) values (-1, true, false, 'ikaminski@gmail.local', 'PL', 'ikaminski', '$2a$10$47RnVSSBePYgtBVtERuu8.6Z3vVoBq4oriZgy.LAvB0dL2UuVV6RW', true, 0, null, null, null, null, 0, false, CURRENT_TIMESTAMP, true);
insert into public.account (id, active, reminded, email, language, login, password, verified, version, last_successful_login, last_successful_login_ip, last_unsuccessful_login, last_unsuccessful_login_ip, unsuccessful_login_chain_counter, two_factor_auth, created_time, light_theme_preferred) values (-2, true, false, 'lnowicki@gmail.local', 'PL', 'lnowicki', '$2a$10$47RnVSSBePYgtBVtERuu8.6Z3vVoBq4oriZgy.LAvB0dL2UuVV6RW', true, 0, null, null, null, null, 0, false, CURRENT_TIMESTAMP, true);
insert into public.account (id, active, reminded, email, language, login, password, verified, version, last_successful_login, last_successful_login_ip, last_unsuccessful_login, last_unsuccessful_login_ip, unsuccessful_login_chain_counter, two_factor_auth, created_time, light_theme_preferred) values (-3, true, false, 'pzielinski@gmail.local', 'PL', 'pzielinski', '$2a$10$47RnVSSBePYgtBVtERuu8.6Z3vVoBq4oriZgy.LAvB0dL2UuVV6RW', true, 0, null, null, null, null, 0, false, CURRENT_TIMESTAMP, true);
insert into public.account (id, active, reminded, email, language, login, password, verified, version, last_successful_login, last_successful_login_ip, last_unsuccessful_login, last_unsuccessful_login_ip, unsuccessful_login_chain_counter, two_factor_auth, created_time, light_theme_preferred) values (-4, true, false, 'pduda@gmail.local', 'PL', 'pduda', '$2a$10$47RnVSSBePYgtBVtERuu8.6Z3vVoBq4oriZgy.LAvB0dL2UuVV6RW', true, 0, null, null, null, null, 0, false, CURRENT_TIMESTAMP, true);
insert into public.account (id, active, reminded, email, language, login, password, verified, version, last_successful_login, last_successful_login_ip, last_unsuccessful_login, last_unsuccessful_login_ip, unsuccessful_login_chain_counter, two_factor_auth, created_time, light_theme_preferred) values (-5, true, false, 'dchmielewski@gmail.local', 'PL', 'dchmielewski', '$2a$10$47RnVSSBePYgtBVtERuu8.6Z3vVoBq4oriZgy.LAvB0dL2UuVV6RW', true, 0, null, null, null, null, 0, false, CURRENT_TIMESTAMP, true);
insert into public.account (id, active, reminded, email, language, login, password, verified, version, last_successful_login, last_successful_login_ip, last_unsuccessful_login, last_unsuccessful_login_ip, unsuccessful_login_chain_counter, two_factor_auth, created_time, light_theme_preferred) values (-6, true, false, 'bjaworski@gmail.local', 'PL', 'bjaworski', '$2a$10$47RnVSSBePYgtBVtERuu8.6Z3vVoBq4oriZgy.LAvB0dL2UuVV6RW', true, 0, null, null, null, null, 0, false, CURRENT_TIMESTAMP, true);
insert into public.account (id, active, reminded, email, language, login, password, verified, version, last_successful_login, last_successful_login_ip, last_unsuccessful_login, last_unsuccessful_login_ip, unsuccessful_login_chain_counter, two_factor_auth, created_time, light_theme_preferred) values (-7, true, false, 'kkuleczka@gmail.local', 'PL', 'kkuleczka', '$2a$10$47RnVSSBePYgtBVtERuu8.6Z3vVoBq4oriZgy.LAvB0dL2UuVV6RW', true, 0, null, null, null, null, 0, false, CURRENT_TIMESTAMP, true);
insert into public.account (id, active, reminded, email, language, login, password, verified, version, last_successful_login, last_successful_login_ip, last_unsuccessful_login, last_unsuccessful_login_ip, unsuccessful_login_chain_counter, two_factor_auth, created_time, light_theme_preferred) values (-8, true, false, 'mkrol@gmail.local', 'PL', 'mkrol', '$2a$10$47RnVSSBePYgtBVtERuu8.6Z3vVoBq4oriZgy.LAvB0dL2UuVV6RW', true, 0, null, null, null, null, 0, false, CURRENT_TIMESTAMP, true);
insert into public.account (id, active, reminded, email, language, login, password, verified, version, last_successful_login, last_successful_login_ip, last_unsuccessful_login, last_unsuccessful_login_ip, unsuccessful_login_chain_counter, two_factor_auth, created_time, light_theme_preferred) values (-9, true, false, 'rnowak@gmail.local', 'PL', 'rnowak', '$2a$10$47RnVSSBePYgtBVtERuu8.6Z3vVoBq4oriZgy.LAvB0dL2UuVV6RW', false, 0, null, null, null, null, 0, false, CURRENT_TIMESTAMP, true);
insert into public.account (id, active, reminded, email, language, login, password, verified, version, last_successful_login, last_successful_login_ip, last_unsuccessful_login, last_unsuccessful_login_ip, unsuccessful_login_chain_counter, two_factor_auth, created_time, light_theme_preferred) values (-10, false, false, 'nkowalska@gmail.local', 'PL', 'nkowalska', '$2a$10$47RnVSSBePYgtBVtERuu8.6Z3vVoBq4oriZgy.LAvB0dL2UuVV6RW', true, 0, null, null, null, null, 0, false, CURRENT_TIMESTAMP, true);
insert into public.account (id, active, reminded, email, language, login, password, verified, version, last_successful_login, last_successful_login_ip, last_unsuccessful_login, last_unsuccessful_login_ip, unsuccessful_login_chain_counter, two_factor_auth, created_time, light_theme_preferred) values (-11, false, false, 'aczarnecki@gmail.local', 'PL', 'aczarnecki', '$2a$10$47RnVSSBePYgtBVtERuu8.6Z3vVoBq4oriZgy.LAvB0dL2UuVV6RW', true, 0, null, null, null, null, 0, false, CURRENT_TIMESTAMP, true);
insert into public.account (id, active, reminded, email, language, login, password, verified, version, last_successful_login, last_successful_login_ip, last_unsuccessful_login, last_unsuccessful_login_ip, unsuccessful_login_chain_counter, two_factor_auth, created_time, light_theme_preferred) values (-12, true, false, 'ntracz@gmail.local', 'PL', 'ntracz', '$2a$10$47RnVSSBePYgtBVtERuu8.6Z3vVoBq4oriZgy.LAvB0dL2UuVV6RW', false, 0, null, null, null, null, 0, false, CURRENT_TIMESTAMP, true);
insert into public.account (id, active, reminded, email, language, login, password, verified, version, last_successful_login, last_successful_login_ip, last_unsuccessful_login, last_unsuccessful_login_ip, unsuccessful_login_chain_counter, two_factor_auth, created_time, light_theme_preferred) values (-13, true, false, 'bkowalewski@gmail.local', 'PL', 'bkowalewski', '$2a$10$47RnVSSBePYgtBVtERuu8.6Z3vVoBq4oriZgy.LAvB0dL2UuVV6RW', true, 0, null, null, null, null, 0, false, CURRENT_TIMESTAMP, true);
insert into public.account (id, active, reminded, email, language, login, password, verified, version, last_successful_login, last_successful_login_ip, last_unsuccessful_login, last_unsuccessful_login_ip, unsuccessful_login_chain_counter, two_factor_auth, created_time, light_theme_preferred) values (-14, true, false, 'jstanczyk@gmail.local', 'PL', 'jstanczyk', '$2a$10$47RnVSSBePYgtBVtERuu8.6Z3vVoBq4oriZgy.LAvB0dL2UuVV6RW', true, 0, null, null, null, null, 0, false, CURRENT_TIMESTAMP, true);
insert into public.account (id, active, reminded, email, language, login, password, verified, version, last_successful_login, last_successful_login_ip, last_unsuccessful_login, last_unsuccessful_login_ip, unsuccessful_login_chain_counter, two_factor_auth, created_time, light_theme_preferred) values (-15, true, false, 'wplatynowy@gmail.local', 'PL', 'wplatynowy', '$2a$10$47RnVSSBePYgtBVtERuu8.6Z3vVoBq4oriZgy.LAvB0dL2UuVV6RW', true, 0, null, null, null, null, 0, false, CURRENT_TIMESTAMP, true);
insert into public.account (id, active, reminded, email, language, login, password, verified, version, last_successful_login, last_successful_login_ip, last_unsuccessful_login, last_unsuccessful_login_ip, unsuccessful_login_chain_counter, two_factor_auth, created_time, light_theme_preferred) values (-16, true, false, 'azloty@gmail.local', 'PL', 'azloty', '$2a$10$47RnVSSBePYgtBVtERuu8.6Z3vVoBq4oriZgy.LAvB0dL2UuVV6RW', true, 0, null, null, null, null, 0, false, CURRENT_TIMESTAMP, true);
insert into public.account (id, active, reminded, email, language, login, password, verified, version, last_successful_login, last_successful_login_ip, last_unsuccessful_login, last_unsuccessful_login_ip, unsuccessful_login_chain_counter, two_factor_auth, created_time, light_theme_preferred) values (-17, true, false, 'asrebrna@gmail.local', 'PL', 'asrebrna', '$2a$10$47RnVSSBePYgtBVtERuu8.6Z3vVoBq4oriZgy.LAvB0dL2UuVV6RW', true, 0, null, null, null, null, 0, false, CURRENT_TIMESTAMP, true);
insert into public.account (id, active, reminded, email, language, login, password, verified, version, last_successful_login, last_successful_login_ip, last_unsuccessful_login, last_unsuccessful_login_ip, unsuccessful_login_chain_counter, two_factor_auth, created_time, light_theme_preferred) values (-18, true, false, 'jkowalski@gmail.local', 'PL', 'jkowalski', '$2a$10$47RnVSSBePYgtBVtERuu8.6Z3vVoBq4oriZgy.LAvB0dL2UuVV6RW', true, 0, null, null, null, null, 0, false, CURRENT_TIMESTAMP, true);
insert into public.account (id, active, reminded, email, language, login, password, verified, version, last_successful_login, last_successful_login_ip, last_unsuccessful_login, last_unsuccessful_login_ip, unsuccessful_login_chain_counter, two_factor_auth, created_time, light_theme_preferred) values (-19, true, false, 'anowak@gmail.local', 'PL', 'anowak', '$2a$10$47RnVSSBePYgtBVtERuu8.6Z3vVoBq4oriZgy.LAvB0dL2UuVV6RW', true, 0, null, null, null, null, 0, false, CURRENT_TIMESTAMP, true);
insert into public.account (id, active, reminded, email, language, login, password, verified, version, last_successful_login, last_successful_login_ip, last_unsuccessful_login, last_unsuccessful_login_ip, unsuccessful_login_chain_counter, two_factor_auth, created_time, light_theme_preferred) values (-20, true, false, 'dbocian@gmail.local', 'PL', 'dbocian', '$2a$10$47RnVSSBePYgtBVtERuu8.6Z3vVoBq4oriZgy.LAvB0dL2UuVV6RW', true, 0, null, null, null, null, 0, false, CURRENT_TIMESTAMP, true);
insert into public.account (id, active, reminded, email, language, login, password, verified, version, last_successful_login, last_successful_login_ip, last_unsuccessful_login, last_unsuccessful_login_ip, unsuccessful_login_chain_counter, two_factor_auth, created_time, light_theme_preferred) values (-21, true, false, 'tpolak@gmail.local', 'PL', 'tpolak', '$2a$10$47RnVSSBePYgtBVtERuu8.6Z3vVoBq4oriZgy.LAvB0dL2UuVV6RW', true, 0, null, null, null, null, 0, false, CURRENT_TIMESTAMP, true);
insert into public.account (id, active, reminded, email, language, login, password, verified, version, last_successful_login, last_successful_login_ip, last_unsuccessful_login, last_unsuccessful_login_ip, unsuccessful_login_chain_counter, two_factor_auth, created_time, light_theme_preferred) values (-22, true, false, 'randrzejczak@gmail.local', 'PL', 'randrzejczak', '$2a$10$47RnVSSBePYgtBVtERuu8.6Z3vVoBq4oriZgy.LAvB0dL2UuVV6RW', true, 0, null, null, null, null, 0, false, CURRENT_TIMESTAMP, true);
insert into public.account (id, active, reminded, email, language, login, password, verified, version, last_successful_login, last_successful_login_ip, last_unsuccessful_login, last_unsuccessful_login_ip, unsuccessful_login_chain_counter, two_factor_auth, created_time, light_theme_preferred) values (-23, true, false, 'kmalarczyk@gmail.local', 'PL', 'kmalarczyk', '$2a$10$47RnVSSBePYgtBVtERuu8.6Z3vVoBq4oriZgy.LAvB0dL2UuVV6RW', true, 0, null, null, null, null, 0, false, CURRENT_TIMESTAMP, true);
insert into public.account (id, active, reminded, email, language, login, password, verified, version, last_successful_login, last_successful_login_ip, last_unsuccessful_login, last_unsuccessful_login_ip, unsuccessful_login_chain_counter, two_factor_auth, created_time, light_theme_preferred) values (-24, true, false, 'kkuran@gmail.local', 'PL', 'kkuran', '$2a$10$47RnVSSBePYgtBVtERuu8.6Z3vVoBq4oriZgy.LAvB0dL2UuVV6RW', true, 0, null, null, null, null, 0, false, CURRENT_TIMESTAMP, true);
insert into public.account (id, active, reminded, email, language, login, password, verified, version, last_successful_login, last_successful_login_ip, last_unsuccessful_login, last_unsuccessful_login_ip, unsuccessful_login_chain_counter, two_factor_auth, created_time, light_theme_preferred) values (-25, true, false, 'mnowakowska@gmail.local', 'PL', 'mnowakowska', '$2a$10$47RnVSSBePYgtBVtERuu8.6Z3vVoBq4oriZgy.LAvB0dL2UuVV6RW', true, 0, null, null, null, null, 0, false, CURRENT_TIMESTAMP, true);
insert into public.account (id, active, reminded, email, language, login, password, verified, version, last_successful_login, last_successful_login_ip, last_unsuccessful_login, last_unsuccessful_login_ip, unsuccessful_login_chain_counter, two_factor_auth, created_time, light_theme_preferred) values (-26, true, false, 'jkubiak@gmail.local', 'PL', 'jkubiak', '$2a$10$47RnVSSBePYgtBVtERuu8.6Z3vVoBq4oriZgy.LAvB0dL2UuVV6RW', true, 0, null, null, null, null, 0, false, CURRENT_TIMESTAMP, true);
insert into public.account (id, active, reminded, email, language, login, password, verified, version, last_successful_login, last_successful_login_ip, last_unsuccessful_login, last_unsuccessful_login_ip, unsuccessful_login_chain_counter, two_factor_auth, created_time, light_theme_preferred) values (-27, true, false, 'kgraczyk@gmail.local', 'PL', 'kgraczyk', '$2a$10$47RnVSSBePYgtBVtERuu8.6Z3vVoBq4oriZgy.LAvB0dL2UuVV6RW', true, 0, null, null, null, null, 0, false, CURRENT_TIMESTAMP, false);
insert into public.account (id, active, reminded, email, language, login, password, verified, version, last_successful_login, last_successful_login_ip, last_unsuccessful_login, last_unsuccessful_login_ip, unsuccessful_login_chain_counter, two_factor_auth, created_time, light_theme_preferred) values (-28, true, false, 'wlokietek@gmail.local', 'PL', 'wlokietek', '$2a$10$47RnVSSBePYgtBVtERuu8.6Z3vVoBq4oriZgy.LAvB0dL2UuVV6RW', true, 0, null, null, null, null, 0, false, CURRENT_TIMESTAMP, true);
insert into public.account (id, active, reminded, email, language, login, password, verified, version, last_successful_login, last_successful_login_ip, last_unsuccessful_login, last_unsuccessful_login_ip, unsuccessful_login_chain_counter, two_factor_auth, created_time, light_theme_preferred) values (-29, true, false, 'wodwazny@gmail.local', 'PL', 'wodwazny', '$2a$10$47RnVSSBePYgtBVtERuu8.6Z3vVoBq4oriZgy.LAvB0dL2UuVV6RW', true, 0, null, null, null, null, 0, false, CURRENT_TIMESTAMP, true);
insert into public.account (id, active, reminded, email, language, login, password, verified, version, last_successful_login, last_successful_login_ip, last_unsuccessful_login, last_unsuccessful_login_ip, unsuccessful_login_chain_counter, two_factor_auth, created_time, light_theme_preferred) values (-30, true, false, 'kkowalski@gmail.local', 'PL', 'kkowalski', '$2a$10$47RnVSSBePYgtBVtERuu8.6Z3vVoBq4oriZgy.LAvB0dL2UuVV6RW', true, 0, null, null, null, null, 0, false, CURRENT_TIMESTAMP, true);
insert into public.account (id, active, reminded, email, language, login, password, verified, version, last_successful_login, last_successful_login_ip, last_unsuccessful_login, last_unsuccessful_login_ip, unsuccessful_login_chain_counter, two_factor_auth, created_time, light_theme_preferred) values (-31, true, false, 'ptomczyk@gmail.local', 'PL', 'ptomczyk', '$2a$10$47RnVSSBePYgtBVtERuu8.6Z3vVoBq4oriZgy.LAvB0dL2UuVV6RW', true, 0, null, null, null, null, 0, false, CURRENT_TIMESTAMP, true);
insert into public.account (id, active, reminded, email, language, login, password, verified, version, last_successful_login, last_successful_login_ip, last_unsuccessful_login, last_unsuccessful_login_ip, unsuccessful_login_chain_counter, two_factor_auth, created_time, light_theme_preferred) values (-32, true, false, 'iradecka@gmail.local', 'PL', 'iradecka', '$2a$10$47RnVSSBePYgtBVtERuu8.6Z3vVoBq4oriZgy.LAvB0dL2UuVV6RW', true, 0, null, null, null, null, 0, false, CURRENT_TIMESTAMP, true);
insert into public.account (id, active, reminded, email, language, login, password, verified, version, last_successful_login, last_successful_login_ip, last_unsuccessful_login, last_unsuccessful_login_ip, unsuccessful_login_chain_counter, two_factor_auth, created_time, light_theme_preferred) values (-33, true, false, 'fmleczko@gmail.local', 'PL', 'fmleczko', '$2a$10$47RnVSSBePYgtBVtERuu8.6Z3vVoBq4oriZgy.LAvB0dL2UuVV6RW', true, 0, null, null, null, null, 0, false, CURRENT_TIMESTAMP, true);
insert into public.account (id, active, reminded, email, language, login, password, verified, version, last_successful_login, last_successful_login_ip, last_unsuccessful_login, last_unsuccessful_login_ip, unsuccessful_login_chain_counter, two_factor_auth, created_time, light_theme_preferred) values (-34, true, false, 'abogucka@gmail.local', 'PL', 'abogucka', '$2a$10$47RnVSSBePYgtBVtERuu8.6Z3vVoBq4oriZgy.LAvB0dL2UuVV6RW', true, 0, null, null, null, null, 0, false, CURRENT_TIMESTAMP, true);
insert into public.account (id, active, reminded, email, language, login, password, verified, version, last_successful_login, last_successful_login_ip, last_unsuccessful_login, last_unsuccessful_login_ip, unsuccessful_login_chain_counter, two_factor_auth, created_time, light_theme_preferred) values (-35, true, false, 'kbona@gmail.local', 'PL', 'kbona', '$2a$10$47RnVSSBePYgtBVtERuu8.6Z3vVoBq4oriZgy.LAvB0dL2UuVV6RW', true, 0, null, null, null, null, 0, false, CURRENT_TIMESTAMP, true);
insert into public.account (id, active, reminded, email, language, login, password, verified, version, last_successful_login, last_successful_login_ip, last_unsuccessful_login, last_unsuccessful_login_ip, unsuccessful_login_chain_counter, two_factor_auth, created_time, light_theme_preferred) values (-36, true, false, 'bbezpieczny@gmail.local', 'EN', 'bbezpieczny', '$2a$10$47RnVSSBePYgtBVtERuu8.6Z3vVoBq4oriZgy.LAvB0dL2UuVV6RW', true, 0, null, null, null, null, 0, true, CURRENT_TIMESTAMP, true);
insert into public.account (id, active, reminded, email, language, login, password, verified, version, last_successful_login, last_successful_login_ip, last_unsuccessful_login, last_unsuccessful_login_ip, unsuccessful_login_chain_counter, two_factor_auth, created_time, light_theme_preferred) values (-37, true, false, 'lkwiatkowska@gmail.local', 'PL', 'lkwiatkowska', '$2a$10$47RnVSSBePYgtBVtERuu8.6Z3vVoBq4oriZgy.LAvB0dL2UuVV6RW', true, 0, null, null, null, null, 0, false, CURRENT_TIMESTAMP, true);


-- Account Data
insert into public.account_data (id, first_name, last_name) values (-1, 'Ignacy', 'Kamiński');
insert into public.account_data (id, first_name, last_name) values (-2, 'Ludwik', 'Nowicki');
insert into public.account_data (id, first_name, last_name) values (-3, 'Przemysław', 'Zieliński');
insert into public.account_data (id, first_name, last_name) values (-4, 'Patryk', 'Duda');
insert into public.account_data (id, first_name, last_name) values (-5, 'Dominik', 'Chmielewski');
insert into public.account_data (id, first_name, last_name) values (-6, 'Bartosz', 'Jaworski');
insert into public.account_data (id, first_name, last_name) values (-7, 'Karolina', 'Kuleczka');
insert into public.account_data (id, first_name, last_name) values (-8, 'Marianna', 'Król');
insert into public.account_data (id, first_name, last_name) values (-9, 'Rafał', 'Nowak');
insert into public.account_data (id, first_name, last_name) values (-10, 'Natalia', 'Kowalska');
insert into public.account_data (id, first_name, last_name) values (-11, 'Aleksander', 'Czarnecki');
insert into public.account_data (id, first_name, last_name) values (-12, 'Natalia', 'Tracz');
insert into public.account_data (id, first_name, last_name) values (-13, 'Bartek', 'Kowalewski');
insert into public.account_data (id, first_name, last_name) values (-14, 'Jarosław', 'Stańczyk');
insert into public.account_data (id, first_name, last_name) values (-15, 'Władysław', 'Platynowy');
insert into public.account_data (id, first_name, last_name) values (-16, 'Andrzej', 'Złoty');
insert into public.account_data (id, first_name, last_name) values (-17, 'Anastazja', 'Srebrna');
insert into public.account_data (id, first_name, last_name) values (-18, 'Jan', 'Kowalski');
insert into public.account_data (id, first_name, last_name) values (-19, 'Anna', 'Nowak');
insert into public.account_data (id, first_name, last_name) values (-20, 'Dariusz', 'Bocian');
insert into public.account_data (id, first_name, last_name) values (-21, 'Tomasz', 'Polak');
insert into public.account_data (id, first_name, last_name) values (-22, 'Renata', 'Andrzejczak');
insert into public.account_data (id, first_name, last_name) values (-23, 'Kinga', 'Malarczyk');
insert into public.account_data (id, first_name, last_name) values (-24, 'Katarzyna', 'Kuran');
insert into public.account_data (id, first_name, last_name) values (-25, 'Marianna', 'Nowakowska');
insert into public.account_data (id, first_name, last_name) values (-26, 'Jakub', 'Kubiak');
insert into public.account_data (id, first_name, last_name) values (-27, 'Kamil', 'Graczyk');
insert into public.account_data (id, first_name, last_name) values (-28, 'Władysław', 'Łokietek');
insert into public.account_data (id, first_name, last_name) values (-29, 'Wojciech', 'Odważny');
insert into public.account_data (id, first_name, last_name) values (-30, 'Kamil', 'Kowalski');
insert into public.account_data (id, first_name, last_name) values (-31, 'Piotr', 'Tomczyk');
insert into public.account_data (id, first_name, last_name) values (-32, 'Izabela', 'Radecka');
insert into public.account_data (id, first_name, last_name) values (-33, 'Fabian', 'Mleczko');
insert into public.account_data (id, first_name, last_name) values (-34, 'Aniela', 'Bogucka');
insert into public.account_data (id, first_name, last_name) values (-35, 'Kalina', 'Bona');
insert into public.account_data (id, first_name, last_name) values (-36, 'Bartosz', 'Bezpieczny');
insert into public.account_data (id, first_name, last_name) values (-37, 'Liliana', 'Kwiatkowska');

-- Access Levels
insert into public.access_level (id, level, version, account_id, active, verified, created_time) values (-1, 'OWNER', 0, -1, TRUE, TRUE, CURRENT_TIMESTAMP);
insert into public.access_level (id, level, version, account_id, active, verified, created_time) values (-2, 'OWNER', 0, -2, TRUE, TRUE, CURRENT_TIMESTAMP);
insert into public.access_level (id, level, version, account_id, active, verified, created_time) values (-3, 'OWNER', 0, -3, TRUE, TRUE, CURRENT_TIMESTAMP);
insert into public.access_level (id, level, version, account_id, active, verified, created_time) values (-4, 'OWNER', 0, -4, TRUE, TRUE, CURRENT_TIMESTAMP);
insert into public.access_level (id, level, version, account_id, active, verified, created_time) values (-5, 'MANAGER', 0, -4, TRUE, TRUE, CURRENT_TIMESTAMP);
insert into public.access_level (id, level, version, account_id, active, verified, created_time) values (-6, 'MANAGER', 0, -5, TRUE, TRUE, CURRENT_TIMESTAMP);
insert into public.access_level (id, level, version, account_id, active, verified, created_time) values (-7, 'ADMIN', 0, -6, TRUE, TRUE, CURRENT_TIMESTAMP);
insert into public.access_level (id, level, version, account_id, active, verified, created_time) values (-8, 'ADMIN', 0, -5, TRUE, TRUE, CURRENT_TIMESTAMP);
insert into public.access_level (id, level, version, account_id, active, verified, created_time) values (-9, 'ADMIN', 0, -1, TRUE, TRUE, CURRENT_TIMESTAMP);
insert into public.access_level (id, level, version, account_id, active, verified, created_time) values (-10, 'OWNER', 0, -7, FALSE, FALSE, CURRENT_TIMESTAMP);
insert into public.access_level (id, level, version, account_id, active, verified, created_time) values (-11, 'MANAGER', 0, -8, FALSE, FALSE, CURRENT_TIMESTAMP);
insert into public.access_level (id, level, version, account_id, active, verified, created_time) values (-12, 'OWNER', 0, -9, TRUE, TRUE, CURRENT_TIMESTAMP);
insert into public.access_level (id, level, version, account_id, active, verified, created_time) values (-13, 'MANAGER', 0, -10, TRUE, TRUE, CURRENT_TIMESTAMP);
insert into public.access_level (id, level, version, account_id, active, verified, created_time) values (-14, 'OWNER', 0, -11, TRUE, TRUE, CURRENT_TIMESTAMP);
insert into public.access_level (id, level, version, account_id, active, verified, created_time) values (-15, 'OWNER', 0, -12, FALSE, FALSE, CURRENT_TIMESTAMP);
insert into public.access_level (id, level, version, account_id, active, verified, created_time) values (-16, 'ADMIN', 0, -13, FALSE, TRUE, CURRENT_TIMESTAMP);
insert into public.access_level (id, level, version, account_id, active, verified, created_time) values (-17, 'OWNER', 0, -14, TRUE, TRUE, CURRENT_TIMESTAMP);
insert into public.access_level (id, level, version, account_id, active, verified, created_time) values (-19, 'OWNER', 0, -01, TRUE, FALSE, CURRENT_TIMESTAMP);
insert into public.access_level (id, level, version, account_id, active, verified, created_time) values (-20, 'OWNER', 0, -15, TRUE, TRUE, CURRENT_TIMESTAMP);
insert into public.access_level (id, level, version, account_id, active, verified, created_time) values (-21, 'MANAGER', 0, -16, TRUE, TRUE, CURRENT_TIMESTAMP);
insert into public.access_level (id, level, version, account_id, active, verified, created_time) values (-22, 'ADMIN', 0, -17, TRUE, TRUE, CURRENT_TIMESTAMP);
insert into public.access_level (id, level, version, account_id, active, verified, created_time) values (-60, 'OWNER', 0, -17, TRUE, TRUE, CURRENT_TIMESTAMP);
insert into public.access_level (id, level, version, account_id, active, verified, created_time) values (-23, 'OWNER', 0, -19, FALSE, FALSE, CURRENT_TIMESTAMP);
insert into public.access_level (id, level, version, account_id, active, verified, created_time) values (-24, 'MANAGER', 0, -19, FALSE, FALSE, CURRENT_TIMESTAMP);
insert into public.access_level (id, level, version, account_id, active, verified, created_time) values (-25, 'ADMIN', 0, -19, FALSE, FALSE, CURRENT_TIMESTAMP);
insert into public.access_level (id, level, version, account_id, active, verified, created_time) values (-26, 'OWNER', 0, -20, FALSE, TRUE, CURRENT_TIMESTAMP);
insert into public.access_level (id, level, version, account_id, active, verified, created_time) values (-27, 'MANAGER', 0, -20, FALSE, TRUE, CURRENT_TIMESTAMP);
insert into public.access_level (id, level, version, account_id, active, verified, created_time) values (-28, 'ADMIN', 0, -20, FALSE, TRUE, CURRENT_TIMESTAMP);
insert into public.access_level (id, level, version, account_id, active, verified, created_time) values (-29, 'OWNER', 0, -21, TRUE, TRUE, CURRENT_TIMESTAMP);
insert into public.access_level (id, level, version, account_id, active, verified, created_time) values (-30, 'MANAGER', 0, -21, TRUE, TRUE, CURRENT_TIMESTAMP);
insert into public.access_level (id, level, version, account_id, active, verified, created_time) values (-31, 'ADMIN', 0, -21, TRUE, TRUE, CURRENT_TIMESTAMP);
insert into public.access_level (id, level, version, account_id, active, verified, created_time) values (-32, 'OWNER', 0, -23, FALSE, FALSE, CURRENT_TIMESTAMP);
insert into public.access_level (id, level, version, account_id, active, verified, created_time) values (-33, 'MANAGER', 0, -23, FALSE, FALSE, CURRENT_TIMESTAMP);
insert into public.access_level (id, level, version, account_id, active, verified, created_time) values (-34, 'ADMIN', 0, -23, FALSE, FALSE, CURRENT_TIMESTAMP);
insert into public.access_level (id, level, version, account_id, active, verified, created_time) values (-35, 'OWNER', 0, -24, FALSE, TRUE, CURRENT_TIMESTAMP);
insert into public.access_level (id, level, version, account_id, active, verified, created_time) values (-36, 'MANAGER', 0, -24, FALSE, TRUE, CURRENT_TIMESTAMP);
insert into public.access_level (id, level, version, account_id, active, verified, created_time) values (-37, 'ADMIN', 0, -24, FALSE, TRUE, CURRENT_TIMESTAMP);
insert into public.access_level (id, level, version, account_id, active, verified, created_time) values (-38, 'OWNER', 0, -25, TRUE, TRUE, CURRENT_TIMESTAMP);
insert into public.access_level (id, level, version, account_id, active, verified, created_time) values (-39, 'MANAGER', 0, -25, TRUE, TRUE, CURRENT_TIMESTAMP);
insert into public.access_level (id, level, version, account_id, active, verified, created_time) values (-40, 'ADMIN', 0, -25, TRUE, TRUE, CURRENT_TIMESTAMP);
insert into public.access_level (id, level, version, account_id, active, verified, created_time) values (-41, 'OWNER', 0, -26, TRUE, TRUE, CURRENT_TIMESTAMP);
insert into public.access_level (id, level, version, account_id, active, verified, created_time) values (-42, 'MANAGER', 0, -26, TRUE, TRUE, CURRENT_TIMESTAMP);
insert into public.access_level (id, level, version, account_id, active, verified, created_time) values (-43, 'ADMIN', 0, -26, TRUE, TRUE, CURRENT_TIMESTAMP);
insert into public.access_level (id, level, version, account_id, active, verified, created_time) values (-44, 'OWNER', 0, -27, TRUE, TRUE, CURRENT_TIMESTAMP);
insert into public.access_level (id, level, version, account_id, active, verified, created_time) values (-45, 'ADMIN', 0, -28, TRUE, TRUE, CURRENT_TIMESTAMP);
insert into public.access_level (id, level, version, account_id, active, verified, created_time) values (-46, 'MANAGER', 0, -27, TRUE, TRUE, CURRENT_TIMESTAMP);
insert into public.access_level (id, level, version, account_id, active, verified, created_time) values (-47, 'OWNER', 0, -29, TRUE, TRUE, CURRENT_TIMESTAMP);
insert into public.access_level (id, level, version, account_id, active, verified, created_time) values (-48, 'MANAGER', 0, -29, TRUE, TRUE, CURRENT_TIMESTAMP);
insert into public.access_level (id, level, version, account_id, active, verified, created_time) values (-49, 'OWNER', 0, -30, FALSE, TRUE, CURRENT_TIMESTAMP);
insert into public.access_level (id, level, version, account_id, active, verified, created_time) values (-50, 'MANAGER', 0, -30, TRUE, TRUE, CURRENT_TIMESTAMP);
insert into public.access_level (id, level, version, account_id, active, verified, created_time) values (-51, 'OWNER', 0, -31, TRUE, TRUE, CURRENT_TIMESTAMP);
insert into public.access_level (id, level, version, account_id, active, verified, created_time) values (-52, 'MANAGER', 0, -31, FALSE, TRUE, CURRENT_TIMESTAMP);
insert into public.access_level (id, level, version, account_id, active, verified, created_time) values (-53, 'OWNER', 0, -32, TRUE, TRUE, CURRENT_TIMESTAMP);
insert into public.access_level (id, level, version, account_id, active, verified, created_time) values (-54, 'OWNER', 0, -33, TRUE, TRUE, CURRENT_TIMESTAMP);
insert into public.access_level (id, level, version, account_id, active, verified, created_time) values (-55, 'MANAGER', 0, -33, TRUE, TRUE, CURRENT_TIMESTAMP);
insert into public.access_level (id, level, version, account_id, active, verified, created_time) values (-56, 'ADMIN', 0, -34, TRUE, TRUE, CURRENT_TIMESTAMP);
insert into public.access_level (id, level, version, account_id, active, verified, created_time) values (-57, 'MANAGER', 0, -35, FALSE, FALSE, CURRENT_TIMESTAMP);
insert into public.access_level (id, level, version, account_id, active, verified, created_time) values (-58, 'ADMIN', 0, -35, FALSE, FALSE, CURRENT_TIMESTAMP);
insert into public.access_level (id, level, version, account_id, active, verified, created_time) values (-59, 'ADMIN', 0, -36, TRUE, TRUE, CURRENT_TIMESTAMP);

-- CityDict
insert into public.city_dict (city) values ('Poznań');
insert into public.city_dict (city) values ('Jaworzno');
insert into public.city_dict (city) values ('Warszawa');
insert into public.city_dict (city) values ('Bydgoszcz');
insert into public.city_dict (city) values ('Łódź');
insert into public.city_dict (city) values ('Kutno');
insert into public.city_dict (city) values ('Wrocław');
insert into public.city_dict (city) values ('Łęczyca');
insert into public.city_dict (city) values ( 'Chorzów');
insert into public.city_dict (city) values ( 'Kraków');
insert into public.city_dict (city) values ('Kurnik');
insert into public.city_dict (city) values ('Jaworki');
insert into public.city_dict (city) values ('Pomidorków');
insert into public.city_dict (city) values ('Kuter');

-- Owner Data
insert into public.owner_data (id, building_number, city, postal_code, street) values (-1, 131, 'Poznań', '61-168', 'Rataje');
insert into public.owner_data (id, building_number, city, postal_code, street) values (-2, 103, 'Jaworzno', '43-607', 'Anny');
insert into public.owner_data (id, building_number, city, postal_code, street) values (-3, 92, 'Warszawa', '01-191', 'Żytnia');
insert into public.owner_data (id, building_number, city, postal_code, street) values (-4, 110, 'Bydgoszcz', '85-609', 'Chodkiewicza');
insert into public.owner_data (id, building_number, city, postal_code, street) values (-10, 12, 'Łódź', '25-149', 'Pabianicka');
insert into public.owner_data (id, building_number, city, postal_code, street) values (-12, 12, 'Kutno', '67-890', 'Solna');
insert into public.owner_data (id, building_number, city, postal_code, street) values (-14, 12, 'Wrocław', '57-430', 'Nawalna');
insert into public.owner_data (id, building_number, city, postal_code, street) values (-15, 14, 'Łęczyca', '99-100', 'Belwederska');
insert into public.owner_data (id, building_number, city, postal_code, street) values (-17, 14, 'Łódź', '99-150', 'Smutna');
insert into public.owner_data (id, building_number, city, postal_code, street) values (-19, 7, 'Warszawa', '19-320', 'Niepodległości');
insert into public.owner_data (id, building_number, city, postal_code, street) values (-20, 10, 'Łódź', '95-143', 'Zielona');
insert into public.owner_data (id, building_number, city, postal_code, street) values (-23, 15, 'Łódź', '99-151', 'Wesoła');
insert into public.owner_data (id, building_number, city, postal_code, street) values (-26, 16, 'Kraków', '99-152', 'Kosmonautów');
insert into public.owner_data (id, building_number, city, postal_code, street) values (-29, 17, 'Wrocław', '99-153', 'Astronautów');
insert into public.owner_data (id, building_number, city, postal_code, street) values (-32, 18, 'Poznań', '99-154', 'Króla');
insert into public.owner_data (id, building_number, city, postal_code, street) values (-35, 19, 'Grańsk', '99-155', 'Lotników');
insert into public.owner_data (id, building_number, city, postal_code, street) values (-38, 20, 'Toruń', '99-156', 'Szybowcowa');
insert into public.owner_data (id, building_number, city, postal_code, street) values (-41, 45, 'Wrocław', '98-890', 'Brzozowa');
insert into public.owner_data (id, building_number, city, postal_code, street) values (-44, 14, 'Łódź', '99-150', 'Smutna');
insert into public.owner_data (id, building_number, city, postal_code, street) values (-47, 14, 'Łódź', '99-150', 'Smutna');
insert into public.owner_data (id, building_number, city, postal_code, street) values (-49, 14, 'Łódź', '99-150', 'Smutna');
insert into public.owner_data (id, building_number, city, postal_code, street) values (-51, 14, 'Łódź', '99-150', 'Smutna');
insert into public.owner_data (id, building_number, city, postal_code, street) values (-53, 26, 'Białystok', '15-057', 'Chrobrego');
insert into public.owner_data (id, building_number, city, postal_code, street) values (-54, 81, 'Chorzów', '41-500', 'Pocztowa');
insert into public.owner_data (id, building_number, city, postal_code, street) values (-60, 2, 'Warszawa', '19-320', 'Niepodległości');

-- Manager Data
insert into public.manager_data (id, license_number, building_number, city, postal_code, street) values (-5, '4738543', 110, 'Bydgoszcz', '85-609', 'Chodkiewicza');
insert into public.manager_data (id, license_number, building_number, city, postal_code, street) values (-6, '5748295', 65, 'Katowice', '40-559', 'Kościuszki');
insert into public.manager_data (id, license_number, building_number, city, postal_code, street) values (-11, '253725', 185, 'Warszawa', '77-174', 'Złota');
insert into public.manager_data (id, license_number, building_number, city, postal_code, street) values (-13, '956654', 185, 'Częstochowa', '94-050', 'Zielona');
insert into public.manager_data (id, license_number, building_number, city, postal_code, street) values (-21, '123874', 20, 'Warszawa', '77-153', 'Wolska');
insert into public.manager_data (id, license_number, building_number, city, postal_code, street) values (-24, '11111111', 15, 'Łódź', '99-151', 'Wesoła');
insert into public.manager_data (id, license_number, building_number, city, postal_code, street) values (-27, '22222222', 16, 'Kraków', '99-152', 'Kosmonautów');
insert into public.manager_data (id, license_number, building_number, city, postal_code, street) values (-30, '33333333', 17, 'Wrocław', '99-153', 'Astronautów');
insert into public.manager_data (id, license_number, building_number, city, postal_code, street) values (-33, '44444444', 18, 'Poznań', '99-154', 'Króla');
insert into public.manager_data (id, license_number, building_number, city, postal_code, street) values (-36, '55555555', 19, 'Grańsk', '99-155', 'Lotników');
insert into public.manager_data (id, license_number, building_number, city, postal_code, street) values (-39, '66666666', 20, 'Toruń', '99-156', 'Szybowcowa');
insert into public.manager_data (id, license_number, building_number, city, postal_code, street) values (-42, '4657678', 185, 'Wrocław', '98-890', 'Brzozowa');
insert into public.manager_data (id, license_number, building_number, city, postal_code, street) values (-46, '9566541', 14, 'Łódź', '99-150', 'Smutna');
insert into public.manager_data (id, license_number, building_number, city, postal_code, street) values (-48, '9566542', 14, 'Łódź', '99-150', 'Smutna');
insert into public.manager_data (id, license_number, building_number, city, postal_code, street) values (-50, '9566543', 14, 'Łódź', '99-150', 'Smutna');
insert into public.manager_data (id, license_number, building_number, city, postal_code, street) values (-52, '9566544', 14, 'Łódź', '99-150', 'Smutna');
insert into public.manager_data (id, license_number, building_number, city, postal_code, street) values (-55, '654956', 54, 'Jaworzno', '94-050', 'Dworcowa');
insert into public.manager_data (id, license_number, building_number, city, postal_code, street) values (-57, '251154', 81, 'Chorzów', '41-500', 'Główna');

-- Admin Data
insert into public.admin_data (id) values (-7);
insert into public.admin_data (id) values (-8);
insert into public.admin_data (id) values (-9);
insert into public.admin_data (id) values (-16);
insert into public.admin_data (id) values (-22);
insert into public.admin_data (id) values (-25);
insert into public.admin_data (id) values (-28);
insert into public.admin_data (id) values (-31);
insert into public.admin_data (id) values (-34);
insert into public.admin_data (id) values (-37);
insert into public.admin_data (id) values (-40);
insert into public.admin_data (id) values (-43);
insert into public.admin_data (id) values (-45);
insert into public.admin_data (id) values (-56);
insert into public.admin_data (id) values (-58);
insert into public.admin_data (id) values (-59);

--region building
-- Building
insert into public.building (version, building_number, city, postal_code, street) values (1, 90, 'Łódź', '90-339', 'Wilcza');
insert into public.building (version, building_number, city, postal_code, street) values (1, 91, 'Łódź', '90-339', 'Wilcza');
--endregion

--region place
-- Place
insert into public.place (active, place_number, residents_number, square_footage, version, building_id) values (true, 1, 4, 54, 1, 1);
insert into public.place (active, place_number, residents_number, square_footage, version, building_id) values (true, 2, 3, 40, 1, 1);
insert into public.place (active, place_number, residents_number, square_footage, version, building_id) values (true, 3, 1, 32, 1, 1);
insert into public.place (active, place_number, residents_number, square_footage, version, building_id) values (true, 1, 5, 117, 1, 2);
insert into public.place (active, place_number, residents_number, square_footage, version, building_id) values (true, 2, 2, 68, 1, 2);
insert into public.place (active, place_number, residents_number, square_footage, version, building_id) values (true, 3, 3, 97, 1, 2);

insert into public.place (active, place_number, residents_number, square_footage, version, building_id) values (true, 4, 10, 180, 1, 2);
--endregion

--region place_owner
-- Place Owner
insert into public.place_owner (place_id, owner_id) values (1, -1);
insert into public.place_owner (place_id, owner_id) values (2, -1);
insert into public.place_owner (place_id, owner_id) values (3, -2);
insert into public.place_owner (place_id, owner_id) values (3, -3);
insert into public.place_owner (place_id, owner_id) values (4, -3);
insert into public.place_owner (place_id, owner_id) values (5, -4);
insert into public.place_owner (place_id, owner_id) values (6, -4);

insert into public.place_owner (place_id, owner_id) values (7, -20);
insert into public.place_owner (place_id, owner_id) values (7, -60);
--endregion

--region categories
-- Categories
INSERT INTO public.category (name, version) VALUES ('categories.maintenance', 1);
INSERT INTO public.category (name, version) VALUES ('categories.repair', 1);
INSERT INTO public.category (name, version) VALUES ('categories.heating', 1);
INSERT INTO public.category (name, version) VALUES ('categories.hot_water', 1);
INSERT INTO public.category (name, version) VALUES ('categories.cold_water', 1);
INSERT INTO public.category (name, version) VALUES ('categories.intercom', 1);
INSERT INTO public.category (name, version) VALUES ('categories.garbage', 1);
INSERT INTO public.category (name, version) VALUES ('categories.elevator', 1);
INSERT INTO public.category (name, version) VALUES ('categories.satellite_tv', 1);
INSERT INTO public.category (name, version) VALUES ('categories.parking', 1);
--endregion

--region rates
-- Rates
insert into public.rate (accounting_rule, effective_date, value, version, category_id, created_time, created_by) values ('UNIT', '2023-01-01', 100, 1, 1, CURRENT_TIMESTAMP, -7);
insert into public.rate (accounting_rule, effective_date, value, version, category_id, created_time, created_by) values ('UNIT', '2023-01-01', 50, 1, 2, CURRENT_TIMESTAMP, -7);
insert into public.rate (accounting_rule, effective_date, value, version, category_id, created_time, created_by) values ('SURFACE', '2023-01-01', 5, 1, 3, CURRENT_TIMESTAMP, -7);
insert into public.rate (accounting_rule, effective_date, value, version, category_id, created_time, created_by) values ('METER', '2023-01-01', 7, 1, 4, CURRENT_TIMESTAMP, -7);
insert into public.rate (accounting_rule, effective_date, value, version, category_id, created_time, created_by) values ('METER', '2023-01-01', 4, 1, 5, CURRENT_TIMESTAMP, -7);
insert into public.rate (accounting_rule, effective_date, value, version, category_id, created_time, created_by) values ('UNIT', '2023-01-01', 20, 1, 6, CURRENT_TIMESTAMP, -7);
insert into public.rate (accounting_rule, effective_date, value, version, category_id, created_time, created_by) values ('PERSON', '2023-01-01', 28, 1, 7, CURRENT_TIMESTAMP, -7);
insert into public.rate (accounting_rule, effective_date, value, version, category_id, created_time, created_by) values ('PERSON', '2023-01-01', 5, 1, 8, CURRENT_TIMESTAMP, -7);
insert into public.rate (accounting_rule, effective_date, value, version, category_id, created_time, created_by) values ('UNIT', '2023-01-01', 9, 1, 9, CURRENT_TIMESTAMP, -7);
insert into public.rate (accounting_rule, effective_date, value, version, category_id, created_time, created_by) values ('UNIT', '2023-01-01', 250, 1, 10, CURRENT_TIMESTAMP, -7);

insert into public.rate (accounting_rule, effective_date, value, version, category_id, created_time, created_by) values ('UNIT', '2023-08-01', 110, 1, 1, CURRENT_TIMESTAMP, -7);
insert into public.rate (accounting_rule, effective_date, value, version, category_id, created_time, created_by) values ('UNIT', '2023-08-01', 60, 1, 2, CURRENT_TIMESTAMP, -7);
insert into public.rate (accounting_rule, effective_date, value, version, category_id, created_time, created_by) values ('SURFACE', '2023-08-01', 6, 1, 3, CURRENT_TIMESTAMP, -7);
insert into public.rate (accounting_rule, effective_date, value, version, category_id, created_time, created_by) values ('METER', '2023-08-01', 8, 1, 4, CURRENT_TIMESTAMP, -7);
insert into public.rate (accounting_rule, effective_date, value, version, category_id, created_time, created_by) values ('METER', '2023-08-01', 5, 1, 5, CURRENT_TIMESTAMP, -7);
insert into public.rate (accounting_rule, effective_date, value, version, category_id, created_time, created_by) values ('UNIT', '2023-08-01', 25, 1, 6, CURRENT_TIMESTAMP, -7);
insert into public.rate (accounting_rule, effective_date, value, version, category_id, created_time, created_by) values ('PERSON', '2023-08-01', 34, 1, 7, CURRENT_TIMESTAMP, -7);
insert into public.rate (accounting_rule, effective_date, value, version, category_id, created_time, created_by) values ('PERSON', '2023-08-01', 7, 1, 8, CURRENT_TIMESTAMP, -7);
insert into public.rate (accounting_rule, effective_date, value, version, category_id, created_time, created_by) values ('UNIT', '2023-08-01', 11, 1, 9, CURRENT_TIMESTAMP, -7);
insert into public.rate (accounting_rule, effective_date, value, version, category_id, created_time, created_by) values ('UNIT', '2023-08-01', 265, 1, 10, CURRENT_TIMESTAMP, -7);

insert into public.rate (accounting_rule, effective_date, value, version, category_id, created_time, created_by) values ('UNIT', '2023-09-01', 111, 1, 1, CURRENT_TIMESTAMP, -7);
--endregion

--region place_rate
-- Place Rate
insert into public.place_rate (place_id, rate_id) values (1, 1);
insert into public.place_rate (place_id, rate_id) values (1, 2);
insert into public.place_rate (place_id, rate_id) values (1, 3);
insert into public.place_rate (place_id, rate_id) values (1, 4);
insert into public.place_rate (place_id, rate_id) values (1, 5);
insert into public.place_rate (place_id, rate_id) values (1, 6);
insert into public.place_rate (place_id, rate_id) values (1, 7);
insert into public.place_rate (place_id, rate_id) values (1, 10);

insert into public.place_rate (place_id, rate_id) values (2, 1);
insert into public.place_rate (place_id, rate_id) values (2, 2);
insert into public.place_rate (place_id, rate_id) values (2, 3);
insert into public.place_rate (place_id, rate_id) values (2, 4);
insert into public.place_rate (place_id, rate_id) values (2, 5);
insert into public.place_rate (place_id, rate_id) values (2, 6);
insert into public.place_rate (place_id, rate_id) values (2, 7);
insert into public.place_rate (place_id, rate_id) values (2, 10);

insert into public.place_rate (place_id, rate_id) values (3, 1);
insert into public.place_rate (place_id, rate_id) values (3, 2);
insert into public.place_rate (place_id, rate_id) values (3, 3);
insert into public.place_rate (place_id, rate_id) values (3, 5);
insert into public.place_rate (place_id, rate_id) values (3, 6);
insert into public.place_rate (place_id, rate_id) values (3, 7);
insert into public.place_rate (place_id, rate_id) values (3, 9);

insert into public.place_rate (place_id, rate_id) values (4, 1);
insert into public.place_rate (place_id, rate_id) values (4, 2);
insert into public.place_rate (place_id, rate_id) values (4, 3);
insert into public.place_rate (place_id, rate_id) values (4, 5);
insert into public.place_rate (place_id, rate_id) values (4, 7);
insert into public.place_rate (place_id, rate_id) values (4, 8);
insert into public.place_rate (place_id, rate_id) values (4, 9);

insert into public.place_rate (place_id, rate_id) values (5, 1);
insert into public.place_rate (place_id, rate_id) values (5, 2);
insert into public.place_rate (place_id, rate_id) values (5, 3);
insert into public.place_rate (place_id, rate_id) values (5, 4);
insert into public.place_rate (place_id, rate_id) values (5, 5);
insert into public.place_rate (place_id, rate_id) values (5, 7);
insert into public.place_rate (place_id, rate_id) values (5, 8);
insert into public.place_rate (place_id, rate_id) values (5, 10);

insert into public.place_rate (place_id, rate_id) values (6, 1);
insert into public.place_rate (place_id, rate_id) values (6, 2);
insert into public.place_rate (place_id, rate_id) values (6, 3);
insert into public.place_rate (place_id, rate_id) values (6, 4);
insert into public.place_rate (place_id, rate_id) values (6, 5);
insert into public.place_rate (place_id, rate_id) values (6, 7);
insert into public.place_rate (place_id, rate_id) values (6, 8);
insert into public.place_rate (place_id, rate_id) values (6, 9);
--endregion

--region meters
-- Meters
INSERT INTO public.meter (version, category_id, place_id) VALUES (1, 4, 1);
INSERT INTO public.meter (version, category_id, place_id) VALUES (1, 5, 1);
INSERT INTO public.meter (version, category_id, place_id) VALUES (1, 4, 2);
INSERT INTO public.meter (version, category_id, place_id) VALUES (1, 5, 2);
INSERT INTO public.meter (version, category_id, place_id) VALUES (1, 5, 3);
INSERT INTO public.meter (version, category_id, place_id) VALUES (1, 5, 4);
INSERT INTO public.meter (version, category_id, place_id) VALUES (1, 4, 5);
INSERT INTO public.meter (version, category_id, place_id) VALUES (1, 5, 5);
INSERT INTO public.meter (version, category_id, place_id) VALUES (1, 4, 6);
INSERT INTO public.meter (version, category_id, place_id) VALUES (1, 5, 6);
--endregion

--region reading
-- Readings
INSERT INTO public.reading (date, value, meter_id, version, reliable, created_time, created_by) VALUES ('2021-12-01 12:22:03.000000', 0.000, 1, 1, true, '2021-12-01 12:22:03.000000', -4);
INSERT INTO public.reading (date, value, meter_id, version, reliable, created_time, created_by) VALUES ('2021-12-31 12:22:03.000000', 59.844, 1, 1, true, '2021-12-31 12:22:03.000000', -4);
INSERT INTO public.reading (date, value, meter_id, version, reliable, created_time, created_by) VALUES ('2022-01-05 12:22:03.000000', 111.070, 1, 1, true, '2022-01-05 12:22:03.000000', -4);
INSERT INTO public.reading (date, value, meter_id, version, reliable, created_time, created_by) VALUES ('2022-02-05 12:22:03.000000', 136.684, 1, 1, true, '2022-02-05 12:22:03.000000', -4);
INSERT INTO public.reading (date, value, meter_id, version, reliable, created_time, created_by) VALUES ('2022-03-05 12:22:03.000000', 199.529, 1, 1, true, '2022-03-05 12:22:03.000000', -4);
INSERT INTO public.reading (date, value, meter_id, version, reliable, created_time, created_by) VALUES ('2022-04-05 12:22:03.000000', 256.581, 1, 1, true, '2022-04-05 12:22:03.000000', -4);
INSERT INTO public.reading (date, value, meter_id, version, reliable, created_time, created_by) VALUES ('2022-05-05 12:22:03.000000', 323.361, 1, 1, true, '2022-05-05 12:22:03.000000', -4);
INSERT INTO public.reading (date, value, meter_id, version, reliable, created_time, created_by) VALUES ('2022-06-05 12:22:03.000000', 365.977, 1, 1, true, '2022-06-05 12:22:03.000000', -4);
INSERT INTO public.reading (date, value, meter_id, version, reliable, created_time, created_by) VALUES ('2022-07-05 12:22:03.000000', 407.087, 1, 1, true, '2022-07-05 12:22:03.000000', -4);
INSERT INTO public.reading (date, value, meter_id, version, reliable, created_time, created_by) VALUES ('2022-08-05 12:22:03.000000', 466.571, 1, 1, true, '2022-08-05 12:22:03.000000', -4);
INSERT INTO public.reading (date, value, meter_id, version, reliable, created_time, created_by) VALUES ('2022-09-05 12:22:03.000000', 518.273, 1, 1, true, '2022-09-05 12:22:03.000000', -4);
INSERT INTO public.reading (date, value, meter_id, version, reliable, created_time, created_by) VALUES ('2022-10-05 12:22:03.000000', 550.252, 1, 1, true, '2022-10-05 12:22:03.000000', -4);
INSERT INTO public.reading (date, value, meter_id, version, reliable, created_time, created_by) VALUES ('2022-11-05 12:22:03.000000', 612.945, 1, 1, true, '2022-11-05 12:22:03.000000', -4);
INSERT INTO public.reading (date, value, meter_id, version, reliable, created_time, created_by) VALUES ('2022-12-05 12:22:03.000000', 641.785, 1, 1, true, '2022-12-05 12:22:03.000000', -4);
INSERT INTO public.reading (date, value, meter_id, version, reliable, created_time, created_by) VALUES ('2022-12-31 12:22:03.000000', 713.971, 1, 1, true, '2022-12-31 12:22:03.000000', -4);
INSERT INTO public.reading (date, value, meter_id, version, reliable, created_time, created_by) VALUES ('2021-12-01 12:22:03.000000', 0.000, 2, 1, true, '2021-12-01 12:22:03.000000', -4);
INSERT INTO public.reading (date, value, meter_id, version, reliable, created_time, created_by) VALUES ('2021-12-31 12:22:03.000000', 65.849, 2, 1, true, '2021-12-31 12:22:03.000000', -4);
INSERT INTO public.reading (date, value, meter_id, version, reliable, created_time, created_by) VALUES ('2022-01-05 12:22:03.000000', 140.063, 2, 1, true, '2022-01-05 12:22:03.000000', -4);
INSERT INTO public.reading (date, value, meter_id, version, reliable, created_time, created_by) VALUES ('2022-02-05 12:22:03.000000', 175.632, 2, 1, true, '2022-02-05 12:22:03.000000', -4);
INSERT INTO public.reading (date, value, meter_id, version, reliable, created_time, created_by) VALUES ('2022-03-05 12:22:03.000000', 218.057, 2, 1, true, '2022-03-05 12:22:03.000000', -4);
INSERT INTO public.reading (date, value, meter_id, version, reliable, created_time, created_by) VALUES ('2022-04-05 12:22:03.000000', 273.290, 2, 1, true, '2022-04-05 12:22:03.000000', -4);
INSERT INTO public.reading (date, value, meter_id, version, reliable, created_time, created_by) VALUES ('2022-05-05 12:22:03.000000', 327.470, 2, 1, true, '2022-05-05 12:22:03.000000', -4);
INSERT INTO public.reading (date, value, meter_id, version, reliable, created_time, created_by) VALUES ('2022-06-05 12:22:03.000000', 357.484, 2, 1, true, '2022-06-05 12:22:03.000000', -4);
INSERT INTO public.reading (date, value, meter_id, version, reliable, created_time, created_by) VALUES ('2022-07-05 12:22:03.000000', 417.962, 2, 1, true, '2022-07-05 12:22:03.000000', -4);
INSERT INTO public.reading (date, value, meter_id, version, reliable, created_time, created_by) VALUES ('2022-08-05 12:22:03.000000', 483.852, 2, 1, true, '2022-08-05 12:22:03.000000', -4);
INSERT INTO public.reading (date, value, meter_id, version, reliable, created_time, created_by) VALUES ('2022-09-05 12:22:03.000000', 527.443, 2, 1, true, '2022-09-05 12:22:03.000000', -4);
INSERT INTO public.reading (date, value, meter_id, version, reliable, created_time, created_by) VALUES ('2022-10-05 12:22:03.000000', 561.508, 2, 1, true, '2022-10-05 12:22:03.000000', -4);
INSERT INTO public.reading (date, value, meter_id, version, reliable, created_time, created_by) VALUES ('2022-11-05 12:22:03.000000', 630.617, 2, 1, true, '2022-11-05 12:22:03.000000', -4);
INSERT INTO public.reading (date, value, meter_id, version, reliable, created_time, created_by) VALUES ('2022-12-05 12:22:03.000000', 690.862, 2, 1, true, '2022-12-05 12:22:03.000000', -4);
INSERT INTO public.reading (date, value, meter_id, version, reliable, created_time, created_by) VALUES ('2022-12-31 12:22:03.000000', 761.499, 2, 1, true, '2022-12-31 12:22:03.000000', -4);
INSERT INTO public.reading (date, value, meter_id, version, reliable, created_time, created_by) VALUES ('2021-12-01 12:22:03.000000', 0.000, 3, 1, true, '2021-12-01 12:22:03.000000', -4);
INSERT INTO public.reading (date, value, meter_id, version, reliable, created_time, created_by) VALUES ('2021-12-31 12:22:03.000000', 52.580, 3, 1, true, '2021-12-31 12:22:03.000000', -4);
INSERT INTO public.reading (date, value, meter_id, version, reliable, created_time, created_by) VALUES ('2022-01-05 12:22:03.000000', 107.466, 3, 1, true, '2022-01-05 12:22:03.000000', -4);
INSERT INTO public.reading (date, value, meter_id, version, reliable, created_time, created_by) VALUES ('2022-02-05 12:22:03.000000', 180.781, 3, 1, true, '2022-02-05 12:22:03.000000', -4);
INSERT INTO public.reading (date, value, meter_id, version, reliable, created_time, created_by) VALUES ('2022-03-05 12:22:03.000000', 237.200, 3, 1, true, '2022-03-05 12:22:03.000000', -4);
INSERT INTO public.reading (date, value, meter_id, version, reliable, created_time, created_by) VALUES ('2022-04-05 12:22:03.000000', 277.307, 3, 1, true, '2022-04-05 12:22:03.000000', -4);
INSERT INTO public.reading (date, value, meter_id, version, reliable, created_time, created_by) VALUES ('2022-05-05 12:22:03.000000', 340.283, 3, 1, true, '2022-05-05 12:22:03.000000', -4);
INSERT INTO public.reading (date, value, meter_id, version, reliable, created_time, created_by) VALUES ('2022-06-05 12:22:03.000000', 407.587, 3, 1, true, '2022-06-05 12:22:03.000000', -4);
INSERT INTO public.reading (date, value, meter_id, version, reliable, created_time, created_by) VALUES ('2022-07-05 12:22:03.000000', 475.507, 3, 1, true, '2022-07-05 12:22:03.000000', -4);
INSERT INTO public.reading (date, value, meter_id, version, reliable, created_time, created_by) VALUES ('2022-08-05 12:22:03.000000', 535.796, 3, 1, true, '2022-08-05 12:22:03.000000', -4);
INSERT INTO public.reading (date, value, meter_id, version, reliable, created_time, created_by) VALUES ('2022-09-05 12:22:03.000000', 576.621, 3, 1, true, '2022-09-05 12:22:03.000000', -4);
INSERT INTO public.reading (date, value, meter_id, version, reliable, created_time, created_by) VALUES ('2022-10-05 12:22:03.000000', 640.667, 3, 1, true, '2022-10-05 12:22:03.000000', -4);
INSERT INTO public.reading (date, value, meter_id, version, reliable, created_time, created_by) VALUES ('2022-11-05 12:22:03.000000', 668.891, 3, 1, true, '2022-11-05 12:22:03.000000', -4);
INSERT INTO public.reading (date, value, meter_id, version, reliable, created_time, created_by) VALUES ('2022-12-05 12:22:03.000000', 696.191, 3, 1, true, '2022-12-05 12:22:03.000000', -4);
INSERT INTO public.reading (date, value, meter_id, version, reliable, created_time, created_by) VALUES ('2022-12-31 12:22:03.000000', 741.430, 3, 1, true, '2022-12-31 12:22:03.000000', -4);
INSERT INTO public.reading (date, value, meter_id, version, reliable, created_time, created_by) VALUES ('2021-12-01 12:22:03.000000', 0.000, 4, 1, true, '2021-12-01 12:22:03.000000', -4);
INSERT INTO public.reading (date, value, meter_id, version, reliable, created_time, created_by) VALUES ('2021-12-31 12:22:03.000000', 63.621, 4, 1, true, '2021-12-31 12:22:03.000000', -4);
INSERT INTO public.reading (date, value, meter_id, version, reliable, created_time, created_by) VALUES ('2022-01-05 12:22:03.000000', 118.614, 4, 1, true, '2022-01-05 12:22:03.000000', -4);
INSERT INTO public.reading (date, value, meter_id, version, reliable, created_time, created_by) VALUES ('2022-02-05 12:22:03.000000', 162.933, 4, 1, true, '2022-02-05 12:22:03.000000', -4);
INSERT INTO public.reading (date, value, meter_id, version, reliable, created_time, created_by) VALUES ('2022-03-05 12:22:03.000000', 197.607, 4, 1, true, '2022-03-05 12:22:03.000000', -4);
INSERT INTO public.reading (date, value, meter_id, version, reliable, created_time, created_by) VALUES ('2022-04-05 12:22:03.000000', 243.579, 4, 1, true, '2022-04-05 12:22:03.000000', -4);
INSERT INTO public.reading (date, value, meter_id, version, reliable, created_time, created_by) VALUES ('2022-05-05 12:22:03.000000', 281.249, 4, 1, true, '2022-05-05 12:22:03.000000', -4);
INSERT INTO public.reading (date, value, meter_id, version, reliable, created_time, created_by) VALUES ('2022-06-05 12:22:03.000000', 316.146, 4, 1, true, '2022-06-05 12:22:03.000000', -4);
INSERT INTO public.reading (date, value, meter_id, version, reliable, created_time, created_by) VALUES ('2022-07-05 12:22:03.000000', 362.640, 4, 1, true, '2022-07-05 12:22:03.000000', -4);
INSERT INTO public.reading (date, value, meter_id, version, reliable, created_time, created_by) VALUES ('2022-08-05 12:22:03.000000', 421.291, 4, 1, true, '2022-08-05 12:22:03.000000', -4);
INSERT INTO public.reading (date, value, meter_id, version, reliable, created_time, created_by) VALUES ('2022-09-05 12:22:03.000000', 463.587, 4, 1, true, '2022-09-05 12:22:03.000000', -4);
INSERT INTO public.reading (date, value, meter_id, version, reliable, created_time, created_by) VALUES ('2022-10-05 12:22:03.000000', 505.717, 4, 1, true, '2022-10-05 12:22:03.000000', -4);
INSERT INTO public.reading (date, value, meter_id, version, reliable, created_time, created_by) VALUES ('2022-11-05 12:22:03.000000', 547.250, 4, 1, true, '2022-11-05 12:22:03.000000', -4);
INSERT INTO public.reading (date, value, meter_id, version, reliable, created_time, created_by) VALUES ('2022-12-05 12:22:03.000000', 619.394, 4, 1, true, '2022-12-05 12:22:03.000000', -4);
INSERT INTO public.reading (date, value, meter_id, version, reliable, created_time, created_by) VALUES ('2022-12-31 12:22:03.000000', 654.469, 4, 1, true, '2022-12-31 12:22:03.000000', -4);
INSERT INTO public.reading (date, value, meter_id, version, reliable, created_time, created_by) VALUES ('2021-12-01 12:22:03.000000', 0.000, 5, 1, true, '2021-12-01 12:22:03.000000', -4);
INSERT INTO public.reading (date, value, meter_id, version, reliable, created_time, created_by) VALUES ('2021-12-31 12:22:03.000000', 50.297, 5, 1, true, '2021-12-31 12:22:03.000000', -4);
INSERT INTO public.reading (date, value, meter_id, version, reliable, created_time, created_by) VALUES ('2022-01-05 12:22:03.000000', 75.717, 5, 1, true, '2022-01-05 12:22:03.000000', -4);
INSERT INTO public.reading (date, value, meter_id, version, reliable, created_time, created_by) VALUES ('2022-02-05 12:22:03.000000', 118.131, 5, 1, true, '2022-02-05 12:22:03.000000', -4);
INSERT INTO public.reading (date, value, meter_id, version, reliable, created_time, created_by) VALUES ('2022-03-05 12:22:03.000000', 156.490, 5, 1, true, '2022-03-05 12:22:03.000000', -4);
INSERT INTO public.reading (date, value, meter_id, version, reliable, created_time, created_by) VALUES ('2022-04-05 12:22:03.000000', 208.944, 5, 1, true, '2022-04-05 12:22:03.000000', -4);
INSERT INTO public.reading (date, value, meter_id, version, reliable, created_time, created_by) VALUES ('2022-05-05 12:22:03.000000', 268.500, 5, 1, true, '2022-05-05 12:22:03.000000', -4);
INSERT INTO public.reading (date, value, meter_id, version, reliable, created_time, created_by) VALUES ('2022-06-05 12:22:03.000000', 313.260, 5, 1, true, '2022-06-05 12:22:03.000000', -4);
INSERT INTO public.reading (date, value, meter_id, version, reliable, created_time, created_by) VALUES ('2022-07-05 12:22:03.000000', 360.317, 5, 1, true, '2022-07-05 12:22:03.000000', -4);
INSERT INTO public.reading (date, value, meter_id, version, reliable, created_time, created_by) VALUES ('2022-08-05 12:22:03.000000', 435.085, 5, 1, true, '2022-08-05 12:22:03.000000', -4);
INSERT INTO public.reading (date, value, meter_id, version, reliable, created_time, created_by) VALUES ('2022-09-05 12:22:03.000000', 496.354, 5, 1, true, '2022-09-05 12:22:03.000000', -4);
INSERT INTO public.reading (date, value, meter_id, version, reliable, created_time, created_by) VALUES ('2022-10-05 12:22:03.000000', 556.748, 5, 1, true, '2022-10-05 12:22:03.000000', -4);
INSERT INTO public.reading (date, value, meter_id, version, reliable, created_time, created_by) VALUES ('2022-11-05 12:22:03.000000', 597.434, 5, 1, true, '2022-11-05 12:22:03.000000', -4);
INSERT INTO public.reading (date, value, meter_id, version, reliable, created_time, created_by) VALUES ('2022-12-05 12:22:03.000000', 664.825, 5, 1, true, '2022-12-05 12:22:03.000000', -4);
INSERT INTO public.reading (date, value, meter_id, version, reliable, created_time, created_by) VALUES ('2022-12-31 12:22:03.000000', 729.885, 5, 1, true, '2022-12-31 12:22:03.000000', -4);
INSERT INTO public.reading (date, value, meter_id, version, reliable, created_time, created_by) VALUES ('2021-12-01 12:22:03.000000', 0.000, 6, 1, true, '2021-12-01 12:22:03.000000', -4);
INSERT INTO public.reading (date, value, meter_id, version, reliable, created_time, created_by) VALUES ('2021-12-31 12:22:03.000000', 32.758, 6, 1, true, '2021-12-31 12:22:03.000000', -4);
INSERT INTO public.reading (date, value, meter_id, version, reliable, created_time, created_by) VALUES ('2022-01-05 12:22:03.000000', 92.005, 6, 1, true, '2022-01-05 12:22:03.000000', -4);
INSERT INTO public.reading (date, value, meter_id, version, reliable, created_time, created_by) VALUES ('2022-02-05 12:22:03.000000', 142.639, 6, 1, true, '2022-02-05 12:22:03.000000', -4);
INSERT INTO public.reading (date, value, meter_id, version, reliable, created_time, created_by) VALUES ('2022-03-05 12:22:03.000000', 195.771, 6, 1, true, '2022-03-05 12:22:03.000000', -4);
INSERT INTO public.reading (date, value, meter_id, version, reliable, created_time, created_by) VALUES ('2022-04-05 12:22:03.000000', 244.494, 6, 1, true, '2022-04-05 12:22:03.000000', -4);
INSERT INTO public.reading (date, value, meter_id, version, reliable, created_time, created_by) VALUES ('2022-05-05 12:22:03.000000', 289.992, 6, 1, true, '2022-05-05 12:22:03.000000', -4);
INSERT INTO public.reading (date, value, meter_id, version, reliable, created_time, created_by) VALUES ('2022-06-05 12:22:03.000000', 326.813, 6, 1, true, '2022-06-05 12:22:03.000000', -4);
INSERT INTO public.reading (date, value, meter_id, version, reliable, created_time, created_by) VALUES ('2022-07-05 12:22:03.000000', 393.337, 6, 1, true, '2022-07-05 12:22:03.000000', -4);
INSERT INTO public.reading (date, value, meter_id, version, reliable, created_time, created_by) VALUES ('2022-08-05 12:22:03.000000', 423.864, 6, 1, true, '2022-08-05 12:22:03.000000', -4);
INSERT INTO public.reading (date, value, meter_id, version, reliable, created_time, created_by) VALUES ('2022-09-05 12:22:03.000000', 493.571, 6, 1, true, '2022-09-05 12:22:03.000000', -4);
INSERT INTO public.reading (date, value, meter_id, version, reliable, created_time, created_by) VALUES ('2022-10-05 12:22:03.000000', 550.365, 6, 1, true, '2022-10-05 12:22:03.000000', -4);
INSERT INTO public.reading (date, value, meter_id, version, reliable, created_time, created_by) VALUES ('2022-11-05 12:22:03.000000', 625.322, 6, 1, true, '2022-11-05 12:22:03.000000', -4);
INSERT INTO public.reading (date, value, meter_id, version, reliable, created_time, created_by) VALUES ('2022-12-05 12:22:03.000000', 667.259, 6, 1, true, '2022-12-05 12:22:03.000000', -4);
INSERT INTO public.reading (date, value, meter_id, version, reliable, created_time, created_by) VALUES ('2022-12-31 12:22:03.000000', 719.054, 6, 1, true, '2022-12-31 12:22:03.000000', -4);
INSERT INTO public.reading (date, value, meter_id, version, reliable, created_time, created_by) VALUES ('2021-12-01 12:22:03.000000', 0.000, 7, 1, true, '2021-12-01 12:22:03.000000', -4);
INSERT INTO public.reading (date, value, meter_id, version, reliable, created_time, created_by) VALUES ('2021-12-31 12:22:03.000000', 61.539, 7, 1, true, '2021-12-31 12:22:03.000000', -4);
INSERT INTO public.reading (date, value, meter_id, version, reliable, created_time, created_by) VALUES ('2022-01-05 12:22:03.000000', 102.470, 7, 1, true, '2022-01-05 12:22:03.000000', -4);
INSERT INTO public.reading (date, value, meter_id, version, reliable, created_time, created_by) VALUES ('2022-02-05 12:22:03.000000', 167.893, 7, 1, true, '2022-02-05 12:22:03.000000', -4);
INSERT INTO public.reading (date, value, meter_id, version, reliable, created_time, created_by) VALUES ('2022-03-05 12:22:03.000000', 229.644, 7, 1, true, '2022-03-05 12:22:03.000000', -4);
INSERT INTO public.reading (date, value, meter_id, version, reliable, created_time, created_by) VALUES ('2022-04-05 12:22:03.000000', 279.871, 7, 1, true, '2022-04-05 12:22:03.000000', -4);
INSERT INTO public.reading (date, value, meter_id, version, reliable, created_time, created_by) VALUES ('2022-05-05 12:22:03.000000', 322.658, 7, 1, true, '2022-05-05 12:22:03.000000', -4);
INSERT INTO public.reading (date, value, meter_id, version, reliable, created_time, created_by) VALUES ('2022-06-05 12:22:03.000000', 367.152, 7, 1, true, '2022-06-05 12:22:03.000000', -4);
INSERT INTO public.reading (date, value, meter_id, version, reliable, created_time, created_by) VALUES ('2022-07-05 12:22:03.000000', 427.036, 7, 1, true, '2022-07-05 12:22:03.000000', -4);
INSERT INTO public.reading (date, value, meter_id, version, reliable, created_time, created_by) VALUES ('2022-08-05 12:22:03.000000', 460.101, 7, 1, true, '2022-08-05 12:22:03.000000', -4);
INSERT INTO public.reading (date, value, meter_id, version, reliable, created_time, created_by) VALUES ('2022-09-05 12:22:03.000000', 497.047, 7, 1, true, '2022-09-05 12:22:03.000000', -4);
INSERT INTO public.reading (date, value, meter_id, version, reliable, created_time, created_by) VALUES ('2022-10-05 12:22:03.000000', 536.069, 7, 1, true, '2022-10-05 12:22:03.000000', -4);
INSERT INTO public.reading (date, value, meter_id, version, reliable, created_time, created_by) VALUES ('2022-11-05 12:22:03.000000', 563.888, 7, 1, true, '2022-11-05 12:22:03.000000', -4);
INSERT INTO public.reading (date, value, meter_id, version, reliable, created_time, created_by) VALUES ('2022-12-05 12:22:03.000000', 615.295, 7, 1, true, '2022-12-05 12:22:03.000000', -4);
INSERT INTO public.reading (date, value, meter_id, version, reliable, created_time, created_by) VALUES ('2022-12-31 12:22:03.000000', 652.939, 7, 1, true, '2022-12-31 12:22:03.000000', -4);
INSERT INTO public.reading (date, value, meter_id, version, reliable, created_time, created_by) VALUES ('2021-12-01 12:22:03.000000', 0.000, 8, 1, true, '2021-12-01 12:22:03.000000', -4);
INSERT INTO public.reading (date, value, meter_id, version, reliable, created_time, created_by) VALUES ('2021-12-31 12:22:03.000000', 74.903, 8, 1, true, '2021-12-31 12:22:03.000000', -4);
INSERT INTO public.reading (date, value, meter_id, version, reliable, created_time, created_by) VALUES ('2022-01-05 12:22:03.000000', 141.246, 8, 1, true, '2022-01-05 12:22:03.000000', -4);
INSERT INTO public.reading (date, value, meter_id, version, reliable, created_time, created_by) VALUES ('2022-02-05 12:22:03.000000', 187.860, 8, 1, true, '2022-02-05 12:22:03.000000', -4);
INSERT INTO public.reading (date, value, meter_id, version, reliable, created_time, created_by) VALUES ('2022-03-05 12:22:03.000000', 230.815, 8, 1, true, '2022-03-05 12:22:03.000000', -4);
INSERT INTO public.reading (date, value, meter_id, version, reliable, created_time, created_by) VALUES ('2022-04-05 12:22:03.000000', 257.566, 8, 1, true, '2022-04-05 12:22:03.000000', -4);
INSERT INTO public.reading (date, value, meter_id, version, reliable, created_time, created_by) VALUES ('2022-05-05 12:22:03.000000', 295.243, 8, 1, true, '2022-05-05 12:22:03.000000', -4);
INSERT INTO public.reading (date, value, meter_id, version, reliable, created_time, created_by) VALUES ('2022-06-05 12:22:03.000000', 332.476, 8, 1, true, '2022-06-05 12:22:03.000000', -4);
INSERT INTO public.reading (date, value, meter_id, version, reliable, created_time, created_by) VALUES ('2022-07-05 12:22:03.000000', 392.116, 8, 1, true, '2022-07-05 12:22:03.000000', -4);
INSERT INTO public.reading (date, value, meter_id, version, reliable, created_time, created_by) VALUES ('2022-08-05 12:22:03.000000', 457.337, 8, 1, true, '2022-08-05 12:22:03.000000', -4);
INSERT INTO public.reading (date, value, meter_id, version, reliable, created_time, created_by) VALUES ('2022-09-05 12:22:03.000000', 526.259, 8, 1, true, '2022-09-05 12:22:03.000000', -4);
INSERT INTO public.reading (date, value, meter_id, version, reliable, created_time, created_by) VALUES ('2022-10-05 12:22:03.000000', 568.905, 8, 1, true, '2022-10-05 12:22:03.000000', -4);
INSERT INTO public.reading (date, value, meter_id, version, reliable, created_time, created_by) VALUES ('2022-11-05 12:22:03.000000', 618.488, 8, 1, true, '2022-11-05 12:22:03.000000', -4);
INSERT INTO public.reading (date, value, meter_id, version, reliable, created_time, created_by) VALUES ('2022-12-05 12:22:03.000000', 656.025, 8, 1, true, '2022-12-05 12:22:03.000000', -4);
INSERT INTO public.reading (date, value, meter_id, version, reliable, created_time, created_by) VALUES ('2022-12-31 12:22:03.000000', 683.806, 8, 1, true, '2022-12-31 12:22:03.000000', -4);
INSERT INTO public.reading (date, value, meter_id, version, reliable, created_time, created_by) VALUES ('2021-12-01 12:22:03.000000', 0.000, 9, 1, true, '2021-12-01 12:22:03.000000', -4);
INSERT INTO public.reading (date, value, meter_id, version, reliable, created_time, created_by) VALUES ('2021-12-31 12:22:03.000000', 41.022, 9, 1, true, '2021-12-31 12:22:03.000000', -4);
INSERT INTO public.reading (date, value, meter_id, version, reliable, created_time, created_by) VALUES ('2022-01-05 12:22:03.000000', 97.220, 9, 1, true, '2022-01-05 12:22:03.000000', -4);
INSERT INTO public.reading (date, value, meter_id, version, reliable, created_time, created_by) VALUES ('2022-02-05 12:22:03.000000', 132.004, 9, 1, true, '2022-02-05 12:22:03.000000', -4);
INSERT INTO public.reading (date, value, meter_id, version, reliable, created_time, created_by) VALUES ('2022-03-05 12:22:03.000000', 171.078, 9, 1, true, '2022-03-05 12:22:03.000000', -4);
INSERT INTO public.reading (date, value, meter_id, version, reliable, created_time, created_by) VALUES ('2022-04-05 12:22:03.000000', 212.023, 9, 1, true, '2022-04-05 12:22:03.000000', -4);
INSERT INTO public.reading (date, value, meter_id, version, reliable, created_time, created_by) VALUES ('2022-05-05 12:22:03.000000', 281.137, 9, 1, true, '2022-05-05 12:22:03.000000', -4);
INSERT INTO public.reading (date, value, meter_id, version, reliable, created_time, created_by) VALUES ('2022-06-05 12:22:03.000000', 317.833, 9, 1, true, '2022-06-05 12:22:03.000000', -4);
INSERT INTO public.reading (date, value, meter_id, version, reliable, created_time, created_by) VALUES ('2022-07-05 12:22:03.000000', 343.233, 9, 1, true, '2022-07-05 12:22:03.000000', -4);
INSERT INTO public.reading (date, value, meter_id, version, reliable, created_time, created_by) VALUES ('2022-08-05 12:22:03.000000', 382.059, 9, 1, true, '2022-08-05 12:22:03.000000', -4);
INSERT INTO public.reading (date, value, meter_id, version, reliable, created_time, created_by) VALUES ('2022-09-05 12:22:03.000000', 421.453, 9, 1, true, '2022-09-05 12:22:03.000000', -4);
INSERT INTO public.reading (date, value, meter_id, version, reliable, created_time, created_by) VALUES ('2022-10-05 12:22:03.000000', 451.825, 9, 1, true, '2022-10-05 12:22:03.000000', -4);
INSERT INTO public.reading (date, value, meter_id, version, reliable, created_time, created_by) VALUES ('2022-11-05 12:22:03.000000', 505.216, 9, 1, true, '2022-11-05 12:22:03.000000', -4);
INSERT INTO public.reading (date, value, meter_id, version, reliable, created_time, created_by) VALUES ('2022-12-05 12:22:03.000000', 571.952, 9, 1, true, '2022-12-05 12:22:03.000000', -4);
INSERT INTO public.reading (date, value, meter_id, version, reliable, created_time, created_by) VALUES ('2022-12-31 12:22:03.000000', 641.403, 9, 1, true, '2022-12-31 12:22:03.000000', -4);
INSERT INTO public.reading (date, value, meter_id, version, reliable, created_time, created_by) VALUES ('2021-12-01 12:22:03.000000', 0.000, 10, 1, true, '2021-12-01 12:22:03.000000', -4);
INSERT INTO public.reading (date, value, meter_id, version, reliable, created_time, created_by) VALUES ('2021-12-31 12:22:03.000000', 59.440, 10, 1, true, '2021-12-31 12:22:03.000000', -4);
INSERT INTO public.reading (date, value, meter_id, version, reliable, created_time, created_by) VALUES ('2022-01-05 12:22:03.000000', 105.003, 10, 1, true, '2022-01-05 12:22:03.000000', -4);
INSERT INTO public.reading (date, value, meter_id, version, reliable, created_time, created_by) VALUES ('2022-02-05 12:22:03.000000', 147.304, 10, 1, true, '2022-02-05 12:22:03.000000', -4);
INSERT INTO public.reading (date, value, meter_id, version, reliable, created_time, created_by) VALUES ('2022-03-05 12:22:03.000000', 180.250, 10, 1, true, '2022-03-05 12:22:03.000000', -4);
INSERT INTO public.reading (date, value, meter_id, version, reliable, created_time, created_by) VALUES ('2022-04-05 12:22:03.000000', 250.959, 10, 1, true, '2022-04-05 12:22:03.000000', -4);
INSERT INTO public.reading (date, value, meter_id, version, reliable, created_time, created_by) VALUES ('2022-05-05 12:22:03.000000', 313.673, 10, 1, true, '2022-05-05 12:22:03.000000', -4);
INSERT INTO public.reading (date, value, meter_id, version, reliable, created_time, created_by) VALUES ('2022-06-05 12:22:03.000000', 363.325, 10, 1, true, '2022-06-05 12:22:03.000000', -4);
INSERT INTO public.reading (date, value, meter_id, version, reliable, created_time, created_by) VALUES ('2022-07-05 12:22:03.000000', 400.699, 10, 1, true, '2022-07-05 12:22:03.000000', -4);
INSERT INTO public.reading (date, value, meter_id, version, reliable, created_time, created_by) VALUES ('2022-08-05 12:22:03.000000', 473.812, 10, 1, true, '2022-08-05 12:22:03.000000', -4);
INSERT INTO public.reading (date, value, meter_id, version, reliable, created_time, created_by) VALUES ('2022-09-05 12:22:03.000000', 509.077, 10, 1, true, '2022-09-05 12:22:03.000000', -4);
INSERT INTO public.reading (date, value, meter_id, version, reliable, created_time, created_by) VALUES ('2022-10-05 12:22:03.000000', 564.240, 10, 1, true, '2022-10-05 12:22:03.000000', -4);
INSERT INTO public.reading (date, value, meter_id, version, reliable, created_time, created_by) VALUES ('2022-11-05 12:22:03.000000', 596.717, 10, 1, true, '2022-11-05 12:22:03.000000', -4);
INSERT INTO public.reading (date, value, meter_id, version, reliable, created_time, created_by) VALUES ('2022-12-05 12:22:03.000000', 671.657, 10, 1, true, '2022-12-05 12:22:03.000000', -4);
INSERT INTO public.reading (date, value, meter_id, version, reliable, created_time, created_by) VALUES ('2022-12-31 12:22:03.000000', 714.643, 10, 1, true, '2022-12-31 12:22:03.000000', -4);
INSERT INTO public.reading (date, value, meter_id, version, reliable, created_time, created_by) VALUES ('2023-12-05 12:22:03.000000', 568.722, 9, 1, true, '2023-12-05 12:22:03.000000', -4);
INSERT INTO public.reading (date, value, meter_id, version, reliable, created_time, created_by) VALUES ('2023-07-05 12:22:03.000000', 425.246, 6, 1, true, '2023-07-05 12:22:03.000000', -4);
INSERT INTO public.reading (date, value, meter_id, version, reliable, created_time, created_by) VALUES ('2023-06-05 12:22:03.000000', 334.222, 5, 1, true, '2023-06-05 12:22:03.000000', -4);
INSERT INTO public.reading (date, value, meter_id, version, reliable, created_time, created_by) VALUES ('2022-12-01 12:22:03.000000', 0.000, 4, 1, true, '2022-12-01 12:22:03.000000', -4);
INSERT INTO public.reading (date, value, meter_id, version, reliable, created_time, created_by) VALUES ('2023-01-05 12:22:03.000000', 127.771, 8, 1, true, '2023-01-05 12:22:03.000000', -4);
INSERT INTO public.reading (date, value, meter_id, version, reliable, created_time, created_by) VALUES ('2022-12-31 12:22:03.000000', 72.727, 8, 1, true, '2022-12-31 12:22:03.000000', -4);
INSERT INTO public.reading (date, value, meter_id, version, reliable, created_time, created_by) VALUES ('2023-10-05 12:22:03.000000', 518.820, 5, 1, true, '2023-10-05 12:22:03.000000', -4);
INSERT INTO public.reading (date, value, meter_id, version, reliable, created_time, created_by) VALUES ('2023-12-31 12:22:03.000000', 602.287, 1, 1, true, '2023-12-31 12:22:03.000000', -4);
INSERT INTO public.reading (date, value, meter_id, version, reliable, created_time, created_by) VALUES ('2023-06-05 12:22:03.000000', 229.663, 9, 1, true, '2023-06-05 12:22:03.000000', -4);
INSERT INTO public.reading (date, value, meter_id, version, reliable, created_time, created_by) VALUES ('2023-01-05 12:22:03.000000', 83.913, 2, 1, true, '2023-01-05 12:22:03.000000', -4);
INSERT INTO public.reading (date, value, meter_id, version, reliable, created_time, created_by) VALUES ('2023-07-05 12:22:03.000000', 352.552, 4, 1, true, '2023-07-05 12:22:03.000000', -4);
INSERT INTO public.reading (date, value, meter_id, version, reliable, created_time, created_by) VALUES ('2023-11-05 12:22:03.000000', 539.339, 10, 1, true, '2023-11-05 12:22:03.000000', -4);
INSERT INTO public.reading (date, value, meter_id, version, reliable, created_time, created_by) VALUES ('2023-01-05 12:22:03.000000', 123.167, 7, 1, true, '2023-01-05 12:22:03.000000', -4);
INSERT INTO public.reading (date, value, meter_id, version, reliable, created_time, created_by) VALUES ('2023-11-05 12:22:03.000000', 621.599, 7, 1, true, '2023-11-05 12:22:03.000000', -4);
INSERT INTO public.reading (date, value, meter_id, version, reliable, created_time, created_by) VALUES ('2023-12-05 12:22:03.000000', 597.940, 5, 1, true, '2023-12-05 12:22:03.000000', -4);
INSERT INTO public.reading (date, value, meter_id, version, reliable, created_time, created_by) VALUES ('2023-04-05 12:22:03.000000', 251.664, 3, 1, true, '2023-04-05 12:22:03.000000', -4);
INSERT INTO public.reading (date, value, meter_id, version, reliable, created_time, created_by) VALUES ('2023-08-05 12:22:03.000000', 390.528, 10, 1, true, '2023-08-05 12:22:03.000000', -4);
INSERT INTO public.reading (date, value, meter_id, version, reliable, created_time, created_by) VALUES ('2023-01-05 12:22:03.000000', 100.575, 3, 1, true, '2023-01-05 12:22:03.000000', -4);
INSERT INTO public.reading (date, value, meter_id, version, reliable, created_time, created_by) VALUES ('2022-12-31 12:22:03.000000', 26.490, 9, 1, true, '2022-12-31 12:22:03.000000', -4);
INSERT INTO public.reading (date, value, meter_id, version, reliable, created_time, created_by) VALUES ('2023-07-05 12:22:03.000000', 405.016, 3, 1, true, '2023-07-05 12:22:03.000000', -4);
INSERT INTO public.reading (date, value, meter_id, version, reliable, created_time, created_by) VALUES ('2023-03-05 12:22:03.000000', 201.764, 7, 1, true, '2023-03-05 12:22:03.000000', -4);
INSERT INTO public.reading (date, value, meter_id, version, reliable, created_time, created_by) VALUES ('2023-02-05 12:22:03.000000', 150.191, 5, 1, true, '2023-02-05 12:22:03.000000', -4);
INSERT INTO public.reading (date, value, meter_id, version, reliable, created_time, created_by) VALUES ('2023-03-05 12:22:03.000000', 201.199, 4, 1, true, '2023-03-05 12:22:03.000000', -4);
INSERT INTO public.reading (date, value, meter_id, version, reliable, created_time, created_by) VALUES ('2022-12-01 12:22:03.000000', 0.000, 1, 1, true, '2022-12-01 12:22:03.000000', -4);
INSERT INTO public.reading (date, value, meter_id, version, reliable, created_time, created_by) VALUES ('2023-02-05 12:22:03.000000', 158.900, 2, 1, true, '2023-02-05 12:22:03.000000', -4);
INSERT INTO public.reading (date, value, meter_id, version, reliable, created_time, created_by) VALUES ('2023-12-31 12:22:03.000000', 770.128, 8, 1, true, '2023-12-31 12:22:03.000000', -4);
INSERT INTO public.reading (date, value, meter_id, version, reliable, created_time, created_by) VALUES ('2023-10-05 12:22:03.000000', 495.369, 4, 1, true, '2023-10-05 12:22:03.000000', -4);
INSERT INTO public.reading (date, value, meter_id, version, reliable, created_time, created_by) VALUES ('2022-12-31 12:22:03.000000', 32.640, 4, 1, true, '2022-12-31 12:22:03.000000', -4);
INSERT INTO public.reading (date, value, meter_id, version, reliable, created_time, created_by) VALUES ('2023-04-05 12:22:03.000000', 221.153, 6, 1, true, '2023-04-05 12:22:03.000000', -4);
INSERT INTO public.reading (date, value, meter_id, version, reliable, created_time, created_by) VALUES ('2022-12-01 12:22:03.000000', 0.000, 5, 1, true, '2022-12-01 12:22:03.000000', -4);
INSERT INTO public.reading (date, value, meter_id, version, reliable, created_time, created_by) VALUES ('2023-04-05 12:22:03.000000', 273.558, 2, 1, true, '2023-04-05 12:22:03.000000', -4);
INSERT INTO public.reading (date, value, meter_id, version, reliable, created_time, created_by) VALUES ('2023-12-05 12:22:03.000000', 615.111, 3, 1, true, '2023-12-05 12:22:03.000000', -4);
INSERT INTO public.reading (date, value, meter_id, version, reliable, created_time, created_by) VALUES ('2023-07-05 12:22:03.000000', 296.926, 9, 1, true, '2023-07-05 12:22:03.000000', -4);
INSERT INTO public.reading (date, value, meter_id, version, reliable, created_time, created_by) VALUES ('2022-12-01 12:22:03.000000', 0.000, 10, 1, true, '2022-12-01 12:22:03.000000', -4);
INSERT INTO public.reading (date, value, meter_id, version, reliable, created_time, created_by) VALUES ('2023-02-05 12:22:03.000000', 126.868, 10, 1, true, '2023-02-05 12:22:03.000000', -4);
INSERT INTO public.reading (date, value, meter_id, version, reliable, created_time, created_by) VALUES ('2023-10-05 12:22:03.000000', 604.105, 8, 1, true, '2023-10-05 12:22:03.000000', -4);
INSERT INTO public.reading (date, value, meter_id, version, reliable, created_time, created_by) VALUES ('2023-09-05 12:22:03.000000', 427.515, 10, 1, true, '2023-09-05 12:22:03.000000', -4);
INSERT INTO public.reading (date, value, meter_id, version, reliable, created_time, created_by) VALUES ('2023-11-05 12:22:03.000000', 531.156, 9, 1, true, '2023-11-05 12:22:03.000000', -4);
INSERT INTO public.reading (date, value, meter_id, version, reliable, created_time, created_by) VALUES ('2023-12-31 12:22:03.000000', 632.244, 10, 1, true, '2023-12-31 12:22:03.000000', -4);
INSERT INTO public.reading (date, value, meter_id, version, reliable, created_time, created_by) VALUES ('2023-09-05 12:22:03.000000', 523.643, 6, 1, true, '2023-09-05 12:22:03.000000', -4);
INSERT INTO public.reading (date, value, meter_id, version, reliable, created_time, created_by) VALUES ('2022-12-01 12:22:03.000000', 0.000, 6, 1, true, '2022-12-01 12:22:03.000000', -4);
INSERT INTO public.reading (date, value, meter_id, version, reliable, created_time, created_by) VALUES ('2022-12-01 12:22:03.000000', 0.000, 8, 1, true, '2022-12-01 12:22:03.000000', -4);
INSERT INTO public.reading (date, value, meter_id, version, reliable, created_time, created_by) VALUES ('2023-12-05 12:22:03.000000', 690.692, 6, 1, true, '2023-12-05 12:22:03.000000', -4);
INSERT INTO public.reading (date, value, meter_id, version, reliable, created_time, created_by) VALUES ('2023-11-05 12:22:03.000000', 563.008, 4, 1, true, '2023-11-05 12:22:03.000000', -4);
INSERT INTO public.reading (date, value, meter_id, version, reliable, created_time, created_by) VALUES ('2023-11-05 12:22:03.000000', 548.705, 5, 1, true, '2023-11-05 12:22:03.000000', -4);
INSERT INTO public.reading (date, value, meter_id, version, reliable, created_time, created_by) VALUES ('2023-08-05 12:22:03.000000', 432.321, 2, 1, true, '2023-08-05 12:22:03.000000', -4);
INSERT INTO public.reading (date, value, meter_id, version, reliable, created_time, created_by) VALUES ('2023-01-05 12:22:03.000000', 82.640, 5, 1, true, '2023-01-05 12:22:03.000000', -4);
INSERT INTO public.reading (date, value, meter_id, version, reliable, created_time, created_by) VALUES ('2023-04-05 12:22:03.000000', 161.915, 9, 1, true, '2023-04-05 12:22:03.000000', -4);
INSERT INTO public.reading (date, value, meter_id, version, reliable, created_time, created_by) VALUES ('2023-09-05 12:22:03.000000', 451.967, 4, 1, true, '2023-09-05 12:22:03.000000', -4);
INSERT INTO public.reading (date, value, meter_id, version, reliable, created_time, created_by) VALUES ('2023-12-31 12:22:03.000000', 623.920, 5, 1, true, '2023-12-31 12:22:03.000000', -4);
INSERT INTO public.reading (date, value, meter_id, version, reliable, created_time, created_by) VALUES ('2023-12-05 12:22:03.000000', 584.754, 10, 1, true, '2023-12-05 12:22:03.000000', -4);
INSERT INTO public.reading (date, value, meter_id, version, reliable, created_time, created_by) VALUES ('2023-12-05 12:22:03.000000', 683.407, 7, 1, true, '2023-12-05 12:22:03.000000', -4);
INSERT INTO public.reading (date, value, meter_id, version, reliable, created_time, created_by) VALUES ('2023-05-05 12:22:03.000000', 332.235, 7, 1, true, '2023-05-05 12:22:03.000000', -4);
INSERT INTO public.reading (date, value, meter_id, version, reliable, created_time, created_by) VALUES ('2023-04-05 12:22:03.000000', 275.265, 7, 1, true, '2023-04-05 12:22:03.000000', -4);
INSERT INTO public.reading (date, value, meter_id, version, reliable, created_time, created_by) VALUES ('2023-12-31 12:22:03.000000', 660.592, 4, 1, true, '2023-12-31 12:22:03.000000', -4);
INSERT INTO public.reading (date, value, meter_id, version, reliable, created_time, created_by) VALUES ('2023-08-05 12:22:03.000000', 405.507, 1, 1, true, '2023-08-05 12:22:03.000000', -4);
INSERT INTO public.reading (date, value, meter_id, version, reliable, created_time, created_by) VALUES ('2022-12-31 12:22:03.000000', 33.915, 1, 1, true, '2022-12-31 12:22:03.000000', -4);
INSERT INTO public.reading (date, value, meter_id, version, reliable, created_time, created_by) VALUES ('2023-06-05 12:22:03.000000', 357.607, 7, 1, true, '2023-06-05 12:22:03.000000', -4);
INSERT INTO public.reading (date, value, meter_id, version, reliable, created_time, created_by) VALUES ('2022-12-01 12:22:03.000000', 0.000, 9, 1, true, '2022-12-01 12:22:03.000000', -4);
INSERT INTO public.reading (date, value, meter_id, version, reliable, created_time, created_by) VALUES ('2023-04-05 12:22:03.000000', 235.500, 1, 1, true, '2023-04-05 12:22:03.000000', -4);
INSERT INTO public.reading (date, value, meter_id, version, reliable, created_time, created_by) VALUES ('2023-03-05 12:22:03.000000', 132.909, 9, 1, true, '2023-03-05 12:22:03.000000', -4);
INSERT INTO public.reading (date, value, meter_id, version, reliable, created_time, created_by) VALUES ('2023-03-05 12:22:03.000000', 230.954, 2, 1, true, '2023-03-05 12:22:03.000000', -4);
INSERT INTO public.reading (date, value, meter_id, version, reliable, created_time, created_by) VALUES ('2023-02-05 12:22:03.000000', 160.219, 3, 1, true, '2023-02-05 12:22:03.000000', -4);
INSERT INTO public.reading (date, value, meter_id, version, reliable, created_time, created_by) VALUES ('2023-08-05 12:22:03.000000', 492.687, 6, 1, true, '2023-08-05 12:22:03.000000', -4);
INSERT INTO public.reading (date, value, meter_id, version, reliable, created_time, created_by) VALUES ('2023-06-05 12:22:03.000000', 353.845, 6, 1, true, '2023-06-05 12:22:03.000000', -4);
INSERT INTO public.reading (date, value, meter_id, version, reliable, created_time, created_by) VALUES ('2023-08-05 12:22:03.000000', 394.044, 4, 1, true, '2023-08-05 12:22:03.000000', -4);
INSERT INTO public.reading (date, value, meter_id, version, reliable, created_time, created_by) VALUES ('2023-09-05 12:22:03.000000', 568.703, 8, 1, true, '2023-09-05 12:22:03.000000', -4);
INSERT INTO public.reading (date, value, meter_id, version, reliable, created_time, created_by) VALUES ('2023-05-05 12:22:03.000000', 257.677, 10, 1, true, '2023-05-05 12:22:03.000000', -4);
INSERT INTO public.reading (date, value, meter_id, version, reliable, created_time, created_by) VALUES ('2023-03-05 12:22:03.000000', 234.464, 8, 1, true, '2023-03-05 12:22:03.000000', -4);
INSERT INTO public.reading (date, value, meter_id, version, reliable, created_time, created_by) VALUES ('2023-05-05 12:22:03.000000', 295.798, 6, 1, true, '2023-05-05 12:22:03.000000', -4);
INSERT INTO public.reading (date, value, meter_id, version, reliable, created_time, created_by) VALUES ('2023-05-05 12:22:03.000000', 292.189, 4, 1, true, '2023-05-05 12:22:03.000000', -4);
INSERT INTO public.reading (date, value, meter_id, version, reliable, created_time, created_by) VALUES ('2023-12-31 12:22:03.000000', 727.021, 6, 1, true, '2023-12-31 12:22:03.000000', -4);
INSERT INTO public.reading (date, value, meter_id, version, reliable, created_time, created_by) VALUES ('2023-06-05 12:22:03.000000', 324.740, 4, 1, true, '2023-06-05 12:22:03.000000', -4);
INSERT INTO public.reading (date, value, meter_id, version, reliable, created_time, created_by) VALUES ('2023-04-05 12:22:03.000000', 282.213, 8, 1, true, '2023-04-05 12:22:03.000000', -4);
INSERT INTO public.reading (date, value, meter_id, version, reliable, created_time, created_by) VALUES ('2023-07-05 12:22:03.000000', 343.148, 1, 1, true, '2023-07-05 12:22:03.000000', -4);
INSERT INTO public.reading (date, value, meter_id, version, reliable, created_time, created_by) VALUES ('2023-11-05 12:22:03.000000', 557.510, 3, 1, true, '2023-11-05 12:22:03.000000', -4);
INSERT INTO public.reading (date, value, meter_id, version, reliable, created_time, created_by) VALUES ('2022-12-31 12:22:03.000000', 60.340, 7, 1, true, '2022-12-31 12:22:03.000000', -4);
INSERT INTO public.reading (date, value, meter_id, version, reliable, created_time, created_by) VALUES ('2023-04-05 12:22:03.000000', 243.301, 5, 1, true, '2023-04-05 12:22:03.000000', -4);
INSERT INTO public.reading (date, value, meter_id, version, reliable, created_time, created_by) VALUES ('2023-05-05 12:22:03.000000', 344.177, 8, 1, true, '2023-05-05 12:22:03.000000', -4);
INSERT INTO public.reading (date, value, meter_id, version, reliable, created_time, created_by) VALUES ('2022-12-31 12:22:03.000000', 49.796, 5, 1, true, '2022-12-31 12:22:03.000000', -4);
INSERT INTO public.reading (date, value, meter_id, version, reliable, created_time, created_by) VALUES ('2023-11-05 12:22:03.000000', 511.023, 1, 1, true, '2023-11-05 12:22:03.000000', -4);
INSERT INTO public.reading (date, value, meter_id, version, reliable, created_time, created_by) VALUES ('2023-12-31 12:22:03.000000', 747.157, 7, 1, true, '2023-12-31 12:22:03.000000', -4);
INSERT INTO public.reading (date, value, meter_id, version, reliable, created_time, created_by) VALUES ('2023-10-05 12:22:03.000000', 487.607, 3, 1, true, '2023-10-05 12:22:03.000000', -4);
INSERT INTO public.reading (date, value, meter_id, version, reliable, created_time, created_by) VALUES ('2023-03-05 12:22:03.000000', 177.812, 5, 1, true, '2023-03-05 12:22:03.000000', -4);
INSERT INTO public.reading (date, value, meter_id, version, reliable, created_time, created_by) VALUES ('2023-03-05 12:22:03.000000', 183.819, 6, 1, true, '2023-03-05 12:22:03.000000', -4);
INSERT INTO public.reading (date, value, meter_id, version, reliable, created_time, created_by) VALUES ('2023-06-05 12:22:03.000000', 312.234, 1, 1, true, '2023-06-05 12:22:03.000000', -4);
INSERT INTO public.reading (date, value, meter_id, version, reliable, created_time, created_by) VALUES ('2022-12-01 12:22:03.000000', 0.000, 3, 1, true, '2022-12-01 12:22:03.000000', -4);
INSERT INTO public.reading (date, value, meter_id, version, reliable, created_time, created_by) VALUES ('2023-11-05 12:22:03.000000', 584.431, 2, 1, true, '2023-11-05 12:22:03.000000', -4);
INSERT INTO public.reading (date, value, meter_id, version, reliable, created_time, created_by) VALUES ('2023-02-05 12:22:03.000000', 188.603, 8, 1, true, '2023-02-05 12:22:03.000000', -4);
INSERT INTO public.reading (date, value, meter_id, version, reliable, created_time, created_by) VALUES ('2023-12-31 12:22:03.000000', 613.037, 9, 1, true, '2023-12-31 12:22:03.000000', -4);
INSERT INTO public.reading (date, value, meter_id, version, reliable, created_time, created_by) VALUES ('2023-03-05 12:22:03.000000', 208.602, 3, 1, true, '2023-03-05 12:22:03.000000', -4);
INSERT INTO public.reading (date, value, meter_id, version, reliable, created_time, created_by) VALUES ('2023-10-05 12:22:03.000000', 467.163, 9, 1, true, '2023-10-05 12:22:03.000000', -4);
INSERT INTO public.reading (date, value, meter_id, version, reliable, created_time, created_by) VALUES ('2023-06-05 12:22:03.000000', 350.516, 2, 1, true, '2023-06-05 12:22:03.000000', -4);
INSERT INTO public.reading (date, value, meter_id, version, reliable, created_time, created_by) VALUES ('2022-12-01 12:22:03.000000', 0.000, 2, 1, true, '2022-12-01 12:22:03.000000', -4);
INSERT INTO public.reading (date, value, meter_id, version, reliable, created_time, created_by) VALUES ('2023-09-05 12:22:03.000000', 458.415, 3, 1, true, '2023-09-05 12:22:03.000000', -4);
INSERT INTO public.reading (date, value, meter_id, version, reliable, created_time, created_by) VALUES ('2023-07-05 12:22:03.000000', 395.683, 5, 1, true, '2023-07-05 12:22:03.000000', -4);
INSERT INTO public.reading (date, value, meter_id, version, reliable, created_time, created_by) VALUES ('2023-08-05 12:22:03.000000', 515.043, 8, 1, true, '2023-08-05 12:22:03.000000', -4);
INSERT INTO public.reading (date, value, meter_id, version, reliable, created_time, created_by) VALUES ('2023-12-05 12:22:03.000000', 627.763, 4, 1, true, '2023-12-05 12:22:03.000000', -4);
INSERT INTO public.reading (date, value, meter_id, version, reliable, created_time, created_by) VALUES ('2023-12-05 12:22:03.000000', 741.655, 8, 1, true, '2023-12-05 12:22:03.000000', -4);
INSERT INTO public.reading (date, value, meter_id, version, reliable, created_time, created_by) VALUES ('2023-02-05 12:22:03.000000', 135.925, 1, 1, true, '2023-02-05 12:22:03.000000', -4);
INSERT INTO public.reading (date, value, meter_id, version, reliable, created_time, created_by) VALUES ('2023-12-31 12:22:03.000000', 674.349, 2, 1, true, '2023-12-31 12:22:03.000000', -4);
INSERT INTO public.reading (date, value, meter_id, version, reliable, created_time, created_by) VALUES ('2023-01-05 12:22:03.000000', 101.542, 1, 1, true, '2023-01-05 12:22:03.000000', -4);
INSERT INTO public.reading (date, value, meter_id, version, reliable, created_time, created_by) VALUES ('2023-12-05 12:22:03.000000', 561.501, 1, 1, true, '2023-12-05 12:22:03.000000', -4);
INSERT INTO public.reading (date, value, meter_id, version, reliable, created_time, created_by) VALUES ('2023-01-05 12:22:03.000000', 105.436, 4, 1, true, '2023-01-05 12:22:03.000000', -4);
INSERT INTO public.reading (date, value, meter_id, version, reliable, created_time, created_by) VALUES ('2023-10-05 12:22:03.000000', 543.969, 2, 1, true, '2023-10-05 12:22:03.000000', -4);
INSERT INTO public.reading (date, value, meter_id, version, reliable, created_time, created_by) VALUES ('2023-07-05 12:22:03.000000', 345.256, 10, 1, true, '2023-07-05 12:22:03.000000', -4);
INSERT INTO public.reading (date, value, meter_id, version, reliable, created_time, created_by) VALUES ('2023-09-05 12:22:03.000000', 471.060, 2, 1, true, '2023-09-05 12:22:03.000000', -4);
INSERT INTO public.reading (date, value, meter_id, version, reliable, created_time, created_by) VALUES ('2022-12-31 12:22:03.000000', 70.534, 10, 1, true, '2022-12-31 12:22:03.000000', -4);
INSERT INTO public.reading (date, value, meter_id, version, reliable, created_time, created_by) VALUES ('2023-10-05 12:22:03.000000', 471.629, 1, 1, true, '2023-10-05 12:22:03.000000', -4);
INSERT INTO public.reading (date, value, meter_id, version, reliable, created_time, created_by) VALUES ('2022-12-31 12:22:03.000000', 35.557, 6, 1, true, '2022-12-31 12:22:03.000000', -4);
INSERT INTO public.reading (date, value, meter_id, version, reliable, created_time, created_by) VALUES ('2023-09-05 12:22:03.000000', 492.946, 5, 1, true, '2023-09-05 12:22:03.000000', -4);
INSERT INTO public.reading (date, value, meter_id, version, reliable, created_time, created_by) VALUES ('2023-05-05 12:22:03.000000', 295.153, 3, 1, true, '2023-05-05 12:22:03.000000', -4);
INSERT INTO public.reading (date, value, meter_id, version, reliable, created_time, created_by) VALUES ('2023-08-05 12:22:03.000000', 349.518, 9, 1, true, '2023-08-05 12:22:03.000000', -4);
INSERT INTO public.reading (date, value, meter_id, version, reliable, created_time, created_by) VALUES ('2023-10-05 12:22:03.000000', 564.082, 6, 1, true, '2023-10-05 12:22:03.000000', -4);
INSERT INTO public.reading (date, value, meter_id, version, reliable, created_time, created_by) VALUES ('2023-03-05 12:22:03.000000', 176.229, 10, 1, true, '2023-03-05 12:22:03.000000', -4);
INSERT INTO public.reading (date, value, meter_id, version, reliable, created_time, created_by) VALUES ('2023-06-05 12:22:03.000000', 410.253, 8, 1, true, '2023-06-05 12:22:03.000000', -4);
INSERT INTO public.reading (date, value, meter_id, version, reliable, created_time, created_by) VALUES ('2023-07-05 12:22:03.000000', 387.196, 2, 1, true, '2023-07-05 12:22:03.000000', -4);
INSERT INTO public.reading (date, value, meter_id, version, reliable, created_time, created_by) VALUES ('2023-08-05 12:22:03.000000', 455.847, 5, 1, true, '2023-08-05 12:22:03.000000', -4);
INSERT INTO public.reading (date, value, meter_id, version, reliable, created_time, created_by) VALUES ('2023-05-05 12:22:03.000000', 201.089, 9, 1, true, '2023-05-05 12:22:03.000000', -4);
INSERT INTO public.reading (date, value, meter_id, version, reliable, created_time, created_by) VALUES ('2023-07-05 12:22:03.000000', 398.626, 7, 1, true, '2023-07-05 12:22:03.000000', -4);
INSERT INTO public.reading (date, value, meter_id, version, reliable, created_time, created_by) VALUES ('2023-05-05 12:22:03.000000', 279.817, 1, 1, true, '2023-05-05 12:22:03.000000', -4);
INSERT INTO public.reading (date, value, meter_id, version, reliable, created_time, created_by) VALUES ('2023-02-05 12:22:03.000000', 124.957, 6, 1, true, '2023-02-05 12:22:03.000000', -4);
INSERT INTO public.reading (date, value, meter_id, version, reliable, created_time, created_by) VALUES ('2023-09-05 12:22:03.000000', 399.211, 9, 1, true, '2023-09-05 12:22:03.000000', -4);
INSERT INTO public.reading (date, value, meter_id, version, reliable, created_time, created_by) VALUES ('2023-05-05 12:22:03.000000', 300.527, 5, 1, true, '2023-05-05 12:22:03.000000', -4);
INSERT INTO public.reading (date, value, meter_id, version, reliable, created_time, created_by) VALUES ('2023-02-05 12:22:03.000000', 165.948, 7, 1, true, '2023-02-05 12:22:03.000000', -4);
INSERT INTO public.reading (date, value, meter_id, version, reliable, created_time, created_by) VALUES ('2023-01-05 12:22:03.000000', 97.901, 10, 1, true, '2023-01-05 12:22:03.000000', -4);
INSERT INTO public.reading (date, value, meter_id, version, reliable, created_time, created_by) VALUES ('2023-11-05 12:22:03.000000', 627.903, 6, 1, true, '2023-11-05 12:22:03.000000', -4);
INSERT INTO public.reading (date, value, meter_id, version, reliable, created_time, created_by) VALUES ('2023-06-05 12:22:03.000000', 311.863, 10, 1, true, '2023-06-05 12:22:03.000000', -4);
INSERT INTO public.reading (date, value, meter_id, version, reliable, created_time, created_by) VALUES ('2023-02-05 12:22:03.000000', 101.447, 9, 1, true, '2023-02-05 12:22:03.000000', -4);
INSERT INTO public.reading (date, value, meter_id, version, reliable, created_time, created_by) VALUES ('2022-12-01 12:22:03.000000', 0.000, 7, 1, true, '2022-12-01 12:22:03.000000', -4);
INSERT INTO public.reading (date, value, meter_id, version, reliable, created_time, created_by) VALUES ('2023-05-05 12:22:03.000000', 317.451, 2, 1, true, '2023-05-05 12:22:03.000000', -4);
INSERT INTO public.reading (date, value, meter_id, version, reliable, created_time, created_by) VALUES ('2023-03-05 12:22:03.000000', 169.884, 1, 1, true, '2023-03-05 12:22:03.000000', -4);
INSERT INTO public.reading (date, value, meter_id, version, reliable, created_time, created_by) VALUES ('2023-01-05 12:22:03.000000', 64.209, 9, 1, true, '2023-01-05 12:22:03.000000', -4);
INSERT INTO public.reading (date, value, meter_id, version, reliable, created_time, created_by) VALUES ('2023-08-05 12:22:03.000000', 460.902, 7, 1, true, '2023-08-05 12:22:03.000000', -4);
INSERT INTO public.reading (date, value, meter_id, version, reliable, created_time, created_by) VALUES ('2023-10-05 12:22:03.000000', 560.175, 7, 1, true, '2023-10-05 12:22:03.000000', -4);
INSERT INTO public.reading (date, value, meter_id, version, reliable, created_time, created_by) VALUES ('2023-04-05 12:22:03.000000', 231.446, 4, 1, true, '2023-04-05 12:22:03.000000', -4);
INSERT INTO public.reading (date, value, meter_id, version, reliable, created_time, created_by) VALUES ('2022-12-31 12:22:03.000000', 34.964, 2, 1, true, '2022-12-31 12:22:03.000000', -4);
INSERT INTO public.reading (date, value, meter_id, version, reliable, created_time, created_by) VALUES ('2023-09-05 12:22:03.000000', 529.194, 7, 1, true, '2023-09-05 12:22:03.000000', -4);
INSERT INTO public.reading (date, value, meter_id, version, reliable, created_time, created_by) VALUES ('2023-04-05 12:22:03.000000', 217.229, 10, 1, true, '2023-04-05 12:22:03.000000', -4);
INSERT INTO public.reading (date, value, meter_id, version, reliable, created_time, created_by) VALUES ('2023-08-05 12:22:03.000000', 432.870, 3, 1, true, '2023-08-05 12:22:03.000000', -4);
INSERT INTO public.reading (date, value, meter_id, version, reliable, created_time, created_by) VALUES ('2023-06-05 12:22:03.000000', 342.671, 3, 1, true, '2023-06-05 12:22:03.000000', -4);
INSERT INTO public.reading (date, value, meter_id, version, reliable, created_time, created_by) VALUES ('2023-10-05 12:22:03.000000', 477.254, 10, 1, true, '2023-10-05 12:22:03.000000', -4);
INSERT INTO public.reading (date, value, meter_id, version, reliable, created_time, created_by) VALUES ('2023-01-05 12:22:03.000000', 81.297, 6, 1, true, '2023-01-05 12:22:03.000000', -4);
INSERT INTO public.reading (date, value, meter_id, version, reliable, created_time, created_by) VALUES ('2023-11-05 12:22:03.000000', 673.096, 8, 1, true, '2023-11-05 12:22:03.000000', -4);
INSERT INTO public.reading (date, value, meter_id, version, reliable, created_time, created_by) VALUES ('2023-07-05 12:22:03.000000', 483.644, 8, 1, true, '2023-07-05 12:22:03.000000', -4);
INSERT INTO public.reading (date, value, meter_id, version, reliable, created_time, created_by) VALUES ('2023-12-31 12:22:03.000000', 663.904, 3, 1, true, '2023-12-31 12:22:03.000000', -4);
INSERT INTO public.reading (date, value, meter_id, version, reliable, created_time, created_by) VALUES ('2022-12-31 12:22:03.000000', 64.338, 3, 1, true, '2022-12-31 12:22:03.000000', -4);
INSERT INTO public.reading (date, value, meter_id, version, reliable, created_time, created_by) VALUES ('2023-12-05 12:22:03.000000', 634.768, 2, 1, true, '2023-12-05 12:22:03.000000', -4);
INSERT INTO public.reading (date, value, meter_id, version, reliable, created_time, created_by) VALUES ('2023-02-05 12:22:03.000000', 175.033, 4, 1, true, '2023-02-05 12:22:03.000000', -4);
INSERT INTO public.reading (date, value, meter_id, version, reliable, created_time, created_by) VALUES ('2023-09-05 12:22:03.000000', 442.000, 1, 1, true, '2023-09-05 12:22:03.000000', -4);
--endregion

--region forecast
-- Forecast
INSERT INTO public.forecast (amount, month, real_value, value, version, year, place_id, rate_id) VALUES (1.000, 0, 48.315, 50.000, 2, 2022, 1, 2);
INSERT INTO public.forecast (amount, month, real_value, value, version, year, place_id, rate_id) VALUES (54.000, 0, 266.203, 270.000, 2, 2022, 1, 3);
INSERT INTO public.forecast (amount, month, real_value, value, version, year, place_id, rate_id) VALUES (1.000, 0, 99.847, 100.000, 2, 2022, 1, 1);
INSERT INTO public.forecast (amount, month, real_value, value, version, year, place_id, rate_id) VALUES (20.181, 0, 143.963, 141.267, 2, 2022, 1, 4);
INSERT INTO public.forecast (amount, month, real_value, value, version, year, place_id, rate_id) VALUES (54.000, 1, 262.463, 270.000, 2, 2022, 1, 3);
INSERT INTO public.forecast (amount, month, real_value, value, version, year, place_id, rate_id) VALUES (1.000, 0, 239.223, 250.000, 2, 2022, 1, 10);
INSERT INTO public.forecast (amount, month, real_value, value, version, year, place_id, rate_id) VALUES (22.196, 0, 91.435, 88.784, 2, 2022, 1, 5);
INSERT INTO public.forecast (amount, month, real_value, value, version, year, place_id, rate_id) VALUES (1.000, 1, 49.001, 50.000, 2, 2022, 1, 2);
INSERT INTO public.forecast (amount, month, real_value, value, version, year, place_id, rate_id) VALUES (4.000, 0, 111.094, 112.000, 2, 2022, 1, 7);
INSERT INTO public.forecast (amount, month, real_value, value, version, year, place_id, rate_id) VALUES (1.000, 1, 103.890, 100.000, 2, 2022, 1, 1);
INSERT INTO public.forecast (amount, month, real_value, value, version, year, place_id, rate_id) VALUES (1.000, 0, 19.605, 20.000, 2, 2022, 1, 6);
INSERT INTO public.forecast (amount, month, real_value, value, version, year, place_id, rate_id) VALUES (33.824, 1, 247.654, 236.768, 2, 2022, 1, 4);
INSERT INTO public.forecast (amount, month, real_value, value, version, year, place_id, rate_id) VALUES (1.000, 2, 49.607, 50.000, 2, 2022, 1, 2);
INSERT INTO public.forecast (amount, month, real_value, value, version, year, place_id, rate_id) VALUES (1.000, 1, 19.641, 20.000, 2, 2022, 1, 6);
INSERT INTO public.forecast (amount, month, real_value, value, version, year, place_id, rate_id) VALUES (1.000, 2, 100.388, 100.000, 2, 2022, 1, 1);
INSERT INTO public.forecast (amount, month, real_value, value, version, year, place_id, rate_id) VALUES (4.000, 1, 115.842, 112.000, 2, 2022, 1, 7);
INSERT INTO public.forecast (amount, month, real_value, value, version, year, place_id, rate_id) VALUES (54.000, 2, 266.077, 270.000, 2, 2022, 1, 3);
INSERT INTO public.forecast (amount, month, real_value, value, version, year, place_id, rate_id) VALUES (42.644, 1, 171.758, 170.576, 2, 2022, 1, 5);
INSERT INTO public.forecast (amount, month, real_value, value, version, year, place_id, rate_id) VALUES (1.000, 1, 246.259, 250.000, 2, 2022, 1, 10);
INSERT INTO public.forecast (amount, month, real_value, value, version, year, place_id, rate_id) VALUES (47.089, 2, 349.840, 329.623, 2, 2022, 1, 4);
INSERT INTO public.forecast (amount, month, real_value, value, version, year, place_id, rate_id) VALUES (1.000, 2, 258.807, 250.000, 2, 2022, 1, 10);
INSERT INTO public.forecast (amount, month, real_value, value, version, year, place_id, rate_id) VALUES (1.000, 3, 105.032, 100.000, 2, 2022, 1, 1);
INSERT INTO public.forecast (amount, month, real_value, value, version, year, place_id, rate_id) VALUES (54.000, 3, 260.699, 270.000, 2, 2022, 1, 3);
INSERT INTO public.forecast (amount, month, real_value, value, version, year, place_id, rate_id) VALUES (1.000, 3, 47.820, 50.000, 2, 2022, 1, 2);
INSERT INTO public.forecast (amount, month, real_value, value, version, year, place_id, rate_id) VALUES (1.000, 2, 20.107, 20.000, 2, 2022, 1, 6);
INSERT INTO public.forecast (amount, month, real_value, value, version, year, place_id, rate_id) VALUES (60.512, 2, 238.290, 242.048, 2, 2022, 1, 5);
INSERT INTO public.forecast (amount, month, real_value, value, version, year, place_id, rate_id) VALUES (4.000, 2, 107.696, 112.000, 2, 2022, 1, 7);
INSERT INTO public.forecast (amount, month, real_value, value, version, year, place_id, rate_id) VALUES (29.490, 3, 209.260, 206.430, 2, 2022, 1, 4);
INSERT INTO public.forecast (amount, month, real_value, value, version, year, place_id, rate_id) VALUES (1.000, 3, 20.933, 20.000, 2, 2022, 1, 6);
INSERT INTO public.forecast (amount, month, real_value, value, version, year, place_id, rate_id) VALUES (26.010, 3, 100.956, 104.040, 2, 2022, 1, 5);
INSERT INTO public.forecast (amount, month, real_value, value, version, year, place_id, rate_id) VALUES (54.000, 4, 264.819, 270.000, 2, 2022, 1, 3);
INSERT INTO public.forecast (amount, month, real_value, value, version, year, place_id, rate_id) VALUES (4.000, 3, 112.599, 112.000, 2, 2022, 1, 7);
INSERT INTO public.forecast (amount, month, real_value, value, version, year, place_id, rate_id) VALUES (1.000, 3, 246.766, 250.000, 2, 2022, 1, 10);
INSERT INTO public.forecast (amount, month, real_value, value, version, year, place_id, rate_id) VALUES (1.000, 4, 99.453, 100.000, 2, 2022, 1, 1);
INSERT INTO public.forecast (amount, month, real_value, value, version, year, place_id, rate_id) VALUES (1.000, 4, 50.085, 50.000, 2, 2022, 1, 2);
INSERT INTO public.forecast (amount, month, real_value, value, version, year, place_id, rate_id) VALUES (41.788, 4, 271.123, 292.516, 2, 2022, 1, 4);
INSERT INTO public.forecast (amount, month, real_value, value, version, year, place_id, rate_id) VALUES (34.038, 4, 137.116, 136.152, 2, 2022, 1, 5);
INSERT INTO public.forecast (amount, month, real_value, value, version, year, place_id, rate_id) VALUES (1.000, 4, 262.815, 250.000, 2, 2022, 1, 10);
INSERT INTO public.forecast (amount, month, real_value, value, version, year, place_id, rate_id) VALUES (4.000, 4, 113.728, 112.000, 2, 2022, 1, 7);
INSERT INTO public.forecast (amount, month, real_value, value, version, year, place_id, rate_id) VALUES (1.000, 5, 48.107, 50.000, 2, 2022, 1, 2);
INSERT INTO public.forecast (amount, month, real_value, value, version, year, place_id, rate_id) VALUES (54.000, 5, 258.620, 270.000, 2, 2022, 1, 3);
INSERT INTO public.forecast (amount, month, real_value, value, version, year, place_id, rate_id) VALUES (1.000, 5, 104.140, 100.000, 2, 2022, 1, 1);
INSERT INTO public.forecast (amount, month, real_value, value, version, year, place_id, rate_id) VALUES (1.000, 4, 19.855, 20.000, 2, 2022, 1, 6);
INSERT INTO public.forecast (amount, month, real_value, value, version, year, place_id, rate_id) VALUES (40.380, 5, 285.733, 282.660, 2, 2022, 1, 4);
INSERT INTO public.forecast (amount, month, real_value, value, version, year, place_id, rate_id) VALUES (4.000, 5, 114.501, 112.000, 2, 2022, 1, 7);
INSERT INTO public.forecast (amount, month, real_value, value, version, year, place_id, rate_id) VALUES (1.000, 5, 254.036, 250.000, 2, 2022, 1, 10);
INSERT INTO public.forecast (amount, month, real_value, value, version, year, place_id, rate_id) VALUES (54.000, 6, 265.467, 270.000, 2, 2022, 1, 3);
INSERT INTO public.forecast (amount, month, real_value, value, version, year, place_id, rate_id) VALUES (1.000, 5, 19.773, 20.000, 2, 2022, 1, 6);
INSERT INTO public.forecast (amount, month, real_value, value, version, year, place_id, rate_id) VALUES (35.700, 5, 149.857, 142.800, 2, 2022, 1, 5);
INSERT INTO public.forecast (amount, month, real_value, value, version, year, place_id, rate_id) VALUES (1.000, 6, 48.528, 50.000, 2, 2022, 1, 2);
INSERT INTO public.forecast (amount, month, real_value, value, version, year, place_id, rate_id) VALUES (1.000, 6, 97.981, 100.000, 2, 2022, 1, 1);
INSERT INTO public.forecast (amount, month, real_value, value, version, year, place_id, rate_id) VALUES (37.293, 6, 263.746, 261.051, 2, 2022, 1, 4);
INSERT INTO public.forecast (amount, month, real_value, value, version, year, place_id, rate_id) VALUES (1.000, 6, 259.896, 250.000, 2, 2022, 1, 10);
INSERT INTO public.forecast (amount, month, real_value, value, version, year, place_id, rate_id) VALUES (1.000, 6, 20.046, 20.000, 2, 2022, 1, 6);
INSERT INTO public.forecast (amount, month, real_value, value, version, year, place_id, rate_id) VALUES (1.000, 7, 50.936, 50.000, 2, 2022, 1, 2);
INSERT INTO public.forecast (amount, month, real_value, value, version, year, place_id, rate_id) VALUES (1.000, 7, 98.943, 100.000, 2, 2022, 1, 1);
INSERT INTO public.forecast (amount, month, real_value, value, version, year, place_id, rate_id) VALUES (54.000, 7, 269.332, 270.000, 2, 2022, 1, 3);
INSERT INTO public.forecast (amount, month, real_value, value, version, year, place_id, rate_id) VALUES (28.706, 6, 119.357, 114.824, 2, 2022, 1, 5);
INSERT INTO public.forecast (amount, month, real_value, value, version, year, place_id, rate_id) VALUES (4.000, 6, 117.637, 112.000, 2, 2022, 1, 7);
INSERT INTO public.forecast (amount, month, real_value, value, version, year, place_id, rate_id) VALUES (28.241, 7, 198.673, 197.687, 2, 2022, 1, 4);
INSERT INTO public.forecast (amount, month, real_value, value, version, year, place_id, rate_id) VALUES (4.000, 7, 110.354, 112.000, 2, 2022, 1, 7);
INSERT INTO public.forecast (amount, month, real_value, value, version, year, place_id, rate_id) VALUES (1.000, 7, 20.772, 20.000, 2, 2022, 1, 6);
INSERT INTO public.forecast (amount, month, real_value, value, version, year, place_id, rate_id) VALUES (1.000, 8, 52.155, 50.000, 2, 2022, 1, 2);
INSERT INTO public.forecast (amount, month, real_value, value, version, year, place_id, rate_id) VALUES (54.000, 8, 267.705, 270.000, 2, 2022, 1, 3);
INSERT INTO public.forecast (amount, month, real_value, value, version, year, place_id, rate_id) VALUES (1.000, 8, 104.426, 100.000, 2, 2022, 1, 1);
INSERT INTO public.forecast (amount, month, real_value, value, version, year, place_id, rate_id) VALUES (1.000, 7, 260.358, 250.000, 2, 2022, 1, 10);
INSERT INTO public.forecast (amount, month, real_value, value, version, year, place_id, rate_id) VALUES (30.504, 7, 124.422, 122.016, 2, 2022, 1, 5);
INSERT INTO public.forecast (amount, month, real_value, value, version, year, place_id, rate_id) VALUES (32.820, 8, 214.706, 229.740, 2, 2022, 1, 4);
INSERT INTO public.forecast (amount, month, real_value, value, version, year, place_id, rate_id) VALUES (1.000, 8, 245.704, 250.000, 2, 2022, 1, 10);
INSERT INTO public.forecast (amount, month, real_value, value, version, year, place_id, rate_id) VALUES (1.000, 8, 20.769, 20.000, 2, 2022, 1, 6);
INSERT INTO public.forecast (amount, month, real_value, value, version, year, place_id, rate_id) VALUES (1.000, 9, 48.329, 50.000, 2, 2022, 1, 2);
INSERT INTO public.forecast (amount, month, real_value, value, version, year, place_id, rate_id) VALUES (54.000, 9, 265.768, 270.000, 2, 2022, 1, 3);
INSERT INTO public.forecast (amount, month, real_value, value, version, year, place_id, rate_id) VALUES (4.000, 8, 116.566, 112.000, 2, 2022, 1, 7);
INSERT INTO public.forecast (amount, month, real_value, value, version, year, place_id, rate_id) VALUES (1.000, 9, 104.564, 100.000, 2, 2022, 1, 1);
INSERT INTO public.forecast (amount, month, real_value, value, version, year, place_id, rate_id) VALUES (41.220, 8, 169.919, 164.880, 2, 2022, 1, 5);
INSERT INTO public.forecast (amount, month, real_value, value, version, year, place_id, rate_id) VALUES (37.479, 9, 269.767, 262.353, 2, 2022, 1, 4);
INSERT INTO public.forecast (amount, month, real_value, value, version, year, place_id, rate_id) VALUES (1.000, 10, 50.393, 50.000, 2, 2022, 1, 2);
INSERT INTO public.forecast (amount, month, real_value, value, version, year, place_id, rate_id) VALUES (1.000, 10, 101.858, 100.000, 2, 2022, 1, 1);
INSERT INTO public.forecast (amount, month, real_value, value, version, year, place_id, rate_id) VALUES (1.000, 9, 20.586, 20.000, 2, 2022, 1, 6);
INSERT INTO public.forecast (amount, month, real_value, value, version, year, place_id, rate_id) VALUES (36.921, 9, 152.590, 147.684, 2, 2022, 1, 5);
INSERT INTO public.forecast (amount, month, real_value, value, version, year, place_id, rate_id) VALUES (54.000, 10, 258.360, 270.000, 2, 2022, 1, 3);
INSERT INTO public.forecast (amount, month, real_value, value, version, year, place_id, rate_id) VALUES (1.000, 9, 241.005, 250.000, 2, 2022, 1, 10);
INSERT INTO public.forecast (amount, month, real_value, value, version, year, place_id, rate_id) VALUES (4.000, 9, 108.236, 112.000, 2, 2022, 1, 7);
INSERT INTO public.forecast (amount, month, real_value, value, version, year, place_id, rate_id) VALUES (27.300, 10, 182.618, 191.100, 2, 2022, 1, 4);
INSERT INTO public.forecast (amount, month, real_value, value, version, year, place_id, rate_id) VALUES (25.350, 10, 100.771, 101.400, 2, 2022, 1, 5);
INSERT INTO public.forecast (amount, month, real_value, value, version, year, place_id, rate_id) VALUES (1.000, 10, 19.399, 20.000, 2, 2022, 1, 6);
INSERT INTO public.forecast (amount, month, real_value, value, version, year, place_id, rate_id) VALUES (4.000, 10, 108.727, 112.000, 2, 2022, 1, 7);
INSERT INTO public.forecast (amount, month, real_value, value, version, year, place_id, rate_id) VALUES (1.000, 11, 99.434, 100.000, 2, 2022, 1, 1);
INSERT INTO public.forecast (amount, month, real_value, value, version, year, place_id, rate_id) VALUES (1.000, 10, 250.950, 250.000, 2, 2022, 1, 10);
INSERT INTO public.forecast (amount, month, real_value, value, version, year, place_id, rate_id) VALUES (54.000, 11, 277.105, 270.000, 2, 2022, 1, 3);
INSERT INTO public.forecast (amount, month, real_value, value, version, year, place_id, rate_id) VALUES (1.000, 11, 48.148, 50.000, 2, 2022, 1, 2);
INSERT INTO public.forecast (amount, month, real_value, value, version, year, place_id, rate_id) VALUES (32.271, 11, 233.324, 225.897, 2, 2022, 1, 4);
INSERT INTO public.forecast (amount, month, real_value, value, version, year, place_id, rate_id) VALUES (1.000, 11, 255.637, 250.000, 2, 2022, 1, 10);
INSERT INTO public.forecast (amount, month, real_value, value, version, year, place_id, rate_id) VALUES (1.000, 11, 20.748, 20.000, 2, 2022, 1, 6);
INSERT INTO public.forecast (amount, month, real_value, value, version, year, place_id, rate_id) VALUES (35.154, 11, 139.405, 140.616, 2, 2022, 1, 5);
INSERT INTO public.forecast (amount, month, real_value, value, version, year, place_id, rate_id) VALUES (1.000, 0, 99.847, 100.000, 2, 2022, 2, 1);
INSERT INTO public.forecast (amount, month, real_value, value, version, year, place_id, rate_id) VALUES (1.000, 0, 48.315, 50.000, 2, 2022, 2, 2);
INSERT INTO public.forecast (amount, month, real_value, value, version, year, place_id, rate_id) VALUES (4.000, 11, 109.676, 112.000, 2, 2022, 1, 7);
INSERT INTO public.forecast (amount, month, real_value, value, version, year, place_id, rate_id) VALUES (40.000, 0, 198.151, 200.000, 2, 2022, 2, 3);
INSERT INTO public.forecast (amount, month, real_value, value, version, year, place_id, rate_id) VALUES (17.732, 0, 126.419, 124.124, 2, 2022, 2, 4);
INSERT INTO public.forecast (amount, month, real_value, value, version, year, place_id, rate_id) VALUES (1.000, 0, 19.605, 20.000, 2, 2022, 2, 6);
INSERT INTO public.forecast (amount, month, real_value, value, version, year, place_id, rate_id) VALUES (40.000, 1, 195.367, 200.000, 2, 2022, 2, 3);
INSERT INTO public.forecast (amount, month, real_value, value, version, year, place_id, rate_id) VALUES (3.000, 0, 83.196, 84.000, 2, 2022, 2, 7);
INSERT INTO public.forecast (amount, month, real_value, value, version, year, place_id, rate_id) VALUES (1.000, 0, 239.223, 250.000, 2, 2022, 2, 10);
INSERT INTO public.forecast (amount, month, real_value, value, version, year, place_id, rate_id) VALUES (1.000, 1, 103.890, 100.000, 2, 2022, 2, 1);
INSERT INTO public.forecast (amount, month, real_value, value, version, year, place_id, rate_id) VALUES (1.000, 1, 49.001, 50.000, 2, 2022, 2, 2);
INSERT INTO public.forecast (amount, month, real_value, value, version, year, place_id, rate_id) VALUES (21.452, 0, 88.547, 85.808, 2, 2022, 2, 5);
INSERT INTO public.forecast (amount, month, real_value, value, version, year, place_id, rate_id) VALUES (32.732, 1, 240.206, 229.124, 2, 2022, 2, 4);
INSERT INTO public.forecast (amount, month, real_value, value, version, year, place_id, rate_id) VALUES (3.000, 1, 86.751, 84.000, 2, 2022, 2, 7);
INSERT INTO public.forecast (amount, month, real_value, value, version, year, place_id, rate_id) VALUES (1.000, 1, 19.641, 20.000, 2, 2022, 2, 6);
INSERT INTO public.forecast (amount, month, real_value, value, version, year, place_id, rate_id) VALUES (36.120, 1, 145.461, 144.480, 2, 2022, 2, 5);
INSERT INTO public.forecast (amount, month, real_value, value, version, year, place_id, rate_id) VALUES (1.000, 2, 49.607, 50.000, 2, 2022, 2, 2);
INSERT INTO public.forecast (amount, month, real_value, value, version, year, place_id, rate_id) VALUES (1.000, 1, 246.259, 250.000, 2, 2022, 2, 10);
INSERT INTO public.forecast (amount, month, real_value, value, version, year, place_id, rate_id) VALUES (40.000, 2, 198.057, 200.000, 2, 2022, 2, 3);
INSERT INTO public.forecast (amount, month, real_value, value, version, year, place_id, rate_id) VALUES (1.000, 2, 100.388, 100.000, 2, 2022, 2, 1);
INSERT INTO public.forecast (amount, month, real_value, value, version, year, place_id, rate_id) VALUES (62.279, 2, 461.726, 435.953, 2, 2022, 2, 4);
INSERT INTO public.forecast (amount, month, real_value, value, version, year, place_id, rate_id) VALUES (1.000, 2, 20.107, 20.000, 2, 2022, 2, 6);
INSERT INTO public.forecast (amount, month, real_value, value, version, year, place_id, rate_id) VALUES (56.141, 2, 221.813, 224.564, 2, 2022, 2, 5);
INSERT INTO public.forecast (amount, month, real_value, value, version, year, place_id, rate_id) VALUES (3.000, 2, 80.651, 84.000, 2, 2022, 2, 7);
INSERT INTO public.forecast (amount, month, real_value, value, version, year, place_id, rate_id) VALUES (1.000, 2, 258.807, 250.000, 2, 2022, 2, 10);
INSERT INTO public.forecast (amount, month, real_value, value, version, year, place_id, rate_id) VALUES (1.000, 3, 105.032, 100.000, 2, 2022, 2, 1);
INSERT INTO public.forecast (amount, month, real_value, value, version, year, place_id, rate_id) VALUES (40.000, 3, 194.054, 200.000, 2, 2022, 2, 3);
INSERT INTO public.forecast (amount, month, real_value, value, version, year, place_id, rate_id) VALUES (1.000, 3, 47.820, 50.000, 2, 2022, 2, 2);
INSERT INTO public.forecast (amount, month, real_value, value, version, year, place_id, rate_id) VALUES (43.260, 3, 307.444, 302.820, 2, 2022, 2, 4);
INSERT INTO public.forecast (amount, month, real_value, value, version, year, place_id, rate_id) VALUES (26.340, 3, 101.607, 105.360, 2, 2022, 2, 5);
INSERT INTO public.forecast (amount, month, real_value, value, version, year, place_id, rate_id) VALUES (1.000, 3, 246.766, 250.000, 2, 2022, 2, 10);
INSERT INTO public.forecast (amount, month, real_value, value, version, year, place_id, rate_id) VALUES (3.000, 3, 84.323, 84.000, 2, 2022, 2, 7);
INSERT INTO public.forecast (amount, month, real_value, value, version, year, place_id, rate_id) VALUES (1.000, 3, 20.933, 20.000, 2, 2022, 2, 6);
INSERT INTO public.forecast (amount, month, real_value, value, version, year, place_id, rate_id) VALUES (1.000, 4, 99.453, 100.000, 2, 2022, 2, 1);
INSERT INTO public.forecast (amount, month, real_value, value, version, year, place_id, rate_id) VALUES (1.000, 4, 50.085, 50.000, 2, 2022, 2, 2);
INSERT INTO public.forecast (amount, month, real_value, value, version, year, place_id, rate_id) VALUES (40.000, 4, 197.121, 200.000, 2, 2022, 2, 3);
INSERT INTO public.forecast (amount, month, real_value, value, version, year, place_id, rate_id) VALUES (33.635, 4, 218.558, 235.445, 2, 2022, 2, 4);
INSERT INTO public.forecast (amount, month, real_value, value, version, year, place_id, rate_id) VALUES (3.000, 4, 85.168, 84.000, 2, 2022, 2, 7);
INSERT INTO public.forecast (amount, month, real_value, value, version, year, place_id, rate_id) VALUES (40.000, 5, 192.507, 200.000, 2, 2022, 2, 3);
INSERT INTO public.forecast (amount, month, real_value, value, version, year, place_id, rate_id) VALUES (1.000, 4, 19.855, 20.000, 2, 2022, 2, 6);
INSERT INTO public.forecast (amount, month, real_value, value, version, year, place_id, rate_id) VALUES (1.000, 4, 262.815, 250.000, 2, 2022, 2, 10);
INSERT INTO public.forecast (amount, month, real_value, value, version, year, place_id, rate_id) VALUES (1.000, 5, 104.140, 100.000, 2, 2022, 2, 1);
INSERT INTO public.forecast (amount, month, real_value, value, version, year, place_id, rate_id) VALUES (1.000, 5, 48.107, 50.000, 2, 2022, 2, 2);
INSERT INTO public.forecast (amount, month, real_value, value, version, year, place_id, rate_id) VALUES (28.117, 4, 113.502, 112.468, 2, 2022, 2, 5);
INSERT INTO public.forecast (amount, month, real_value, value, version, year, place_id, rate_id) VALUES (33.630, 5, 238.110, 235.410, 2, 2022, 2, 4);
INSERT INTO public.forecast (amount, month, real_value, value, version, year, place_id, rate_id) VALUES (27.300, 5, 114.836, 109.200, 2, 2022, 2, 5);
INSERT INTO public.forecast (amount, month, real_value, value, version, year, place_id, rate_id) VALUES (3.000, 5, 85.747, 84.000, 2, 2022, 2, 7);
INSERT INTO public.forecast (amount, month, real_value, value, version, year, place_id, rate_id) VALUES (1.000, 5, 19.773, 20.000, 2, 2022, 2, 6);
INSERT INTO public.forecast (amount, month, real_value, value, version, year, place_id, rate_id) VALUES (40.000, 6, 197.603, 200.000, 2, 2022, 2, 3);
INSERT INTO public.forecast (amount, month, real_value, value, version, year, place_id, rate_id) VALUES (1.000, 6, 97.981, 100.000, 2, 2022, 2, 1);
INSERT INTO public.forecast (amount, month, real_value, value, version, year, place_id, rate_id) VALUES (1.000, 5, 254.036, 250.000, 2, 2022, 2, 10);
INSERT INTO public.forecast (amount, month, real_value, value, version, year, place_id, rate_id) VALUES (1.000, 6, 48.528, 50.000, 2, 2022, 2, 2);
INSERT INTO public.forecast (amount, month, real_value, value, version, year, place_id, rate_id) VALUES (44.392, 6, 313.785, 310.744, 2, 2022, 2, 4);
INSERT INTO public.forecast (amount, month, real_value, value, version, year, place_id, rate_id) VALUES (3.000, 6, 88.096, 84.000, 2, 2022, 2, 7);
INSERT INTO public.forecast (amount, month, real_value, value, version, year, place_id, rate_id) VALUES (1.000, 7, 98.943, 100.000, 2, 2022, 2, 1);
INSERT INTO public.forecast (amount, month, real_value, value, version, year, place_id, rate_id) VALUES (1.000, 6, 259.896, 250.000, 2, 2022, 2, 10);
INSERT INTO public.forecast (amount, month, real_value, value, version, year, place_id, rate_id) VALUES (40.000, 7, 200.480, 200.000, 2, 2022, 2, 3);
INSERT INTO public.forecast (amount, month, real_value, value, version, year, place_id, rate_id) VALUES (1.000, 7, 50.936, 50.000, 2, 2022, 2, 2);
INSERT INTO public.forecast (amount, month, real_value, value, version, year, place_id, rate_id) VALUES (24.738, 6, 102.842, 98.952, 2, 2022, 2, 5);
INSERT INTO public.forecast (amount, month, real_value, value, version, year, place_id, rate_id) VALUES (1.000, 6, 20.046, 20.000, 2, 2022, 2, 6);
INSERT INTO public.forecast (amount, month, real_value, value, version, year, place_id, rate_id) VALUES (45.570, 7, 319.882, 318.990, 2, 2022, 2, 4);
INSERT INTO public.forecast (amount, month, real_value, value, version, year, place_id, rate_id) VALUES (27.435, 7, 111.603, 109.740, 2, 2022, 2, 5);
INSERT INTO public.forecast (amount, month, real_value, value, version, year, place_id, rate_id) VALUES (1.000, 7, 20.772, 20.000, 2, 2022, 2, 6);
INSERT INTO public.forecast (amount, month, real_value, value, version, year, place_id, rate_id) VALUES (1.000, 8, 104.426, 100.000, 2, 2022, 2, 1);
INSERT INTO public.forecast (amount, month, real_value, value, version, year, place_id, rate_id) VALUES (1.000, 8, 52.155, 50.000, 2, 2022, 2, 2);
INSERT INTO public.forecast (amount, month, real_value, value, version, year, place_id, rate_id) VALUES (3.000, 7, 82.642, 84.000, 2, 2022, 2, 7);
INSERT INTO public.forecast (amount, month, real_value, value, version, year, place_id, rate_id) VALUES (1.000, 7, 260.358, 250.000, 2, 2022, 2, 10);
INSERT INTO public.forecast (amount, month, real_value, value, version, year, place_id, rate_id) VALUES (40.000, 8, 199.269, 200.000, 2, 2022, 2, 3);
INSERT INTO public.forecast (amount, month, real_value, value, version, year, place_id, rate_id) VALUES (41.820, 8, 273.935, 292.740, 2, 2022, 2, 4);
INSERT INTO public.forecast (amount, month, real_value, value, version, year, place_id, rate_id) VALUES (34.290, 8, 141.446, 137.160, 2, 2022, 2, 5);
INSERT INTO public.forecast (amount, month, real_value, value, version, year, place_id, rate_id) VALUES (3.000, 8, 87.294, 84.000, 2, 2022, 2, 7);
INSERT INTO public.forecast (amount, month, real_value, value, version, year, place_id, rate_id) VALUES (1.000, 8, 245.704, 250.000, 2, 2022, 2, 10);
INSERT INTO public.forecast (amount, month, real_value, value, version, year, place_id, rate_id) VALUES (1.000, 9, 104.564, 100.000, 2, 2022, 2, 1);
INSERT INTO public.forecast (amount, month, real_value, value, version, year, place_id, rate_id) VALUES (40.000, 9, 197.827, 200.000, 2, 2022, 2, 3);
INSERT INTO public.forecast (amount, month, real_value, value, version, year, place_id, rate_id) VALUES (1.000, 9, 48.329, 50.000, 2, 2022, 2, 2);
INSERT INTO public.forecast (amount, month, real_value, value, version, year, place_id, rate_id) VALUES (1.000, 8, 20.769, 20.000, 2, 2022, 2, 6);
INSERT INTO public.forecast (amount, month, real_value, value, version, year, place_id, rate_id) VALUES (34.100, 9, 245.322, 238.700, 2, 2022, 2, 4);
INSERT INTO public.forecast (amount, month, real_value, value, version, year, place_id, rate_id) VALUES (1.000, 9, 241.005, 250.000, 2, 2022, 2, 10);
INSERT INTO public.forecast (amount, month, real_value, value, version, year, place_id, rate_id) VALUES (34.038, 9, 141.073, 136.152, 2, 2022, 2, 5);
INSERT INTO public.forecast (amount, month, real_value, value, version, year, place_id, rate_id) VALUES (1.000, 10, 101.858, 100.000, 2, 2022, 2, 1);
INSERT INTO public.forecast (amount, month, real_value, value, version, year, place_id, rate_id) VALUES (1.000, 9, 20.586, 20.000, 2, 2022, 2, 6);
INSERT INTO public.forecast (amount, month, real_value, value, version, year, place_id, rate_id) VALUES (3.000, 9, 81.056, 84.000, 2, 2022, 2, 7);
INSERT INTO public.forecast (amount, month, real_value, value, version, year, place_id, rate_id) VALUES (40.000, 10, 192.313, 200.000, 2, 2022, 2, 3);
INSERT INTO public.forecast (amount, month, real_value, value, version, year, place_id, rate_id) VALUES (1.000, 10, 50.393, 50.000, 2, 2022, 2, 2);
INSERT INTO public.forecast (amount, month, real_value, value, version, year, place_id, rate_id) VALUES (34.200, 10, 228.454, 239.400, 2, 2022, 2, 4);
INSERT INTO public.forecast (amount, month, real_value, value, version, year, place_id, rate_id) VALUES (3.000, 10, 81.424, 84.000, 2, 2022, 2, 7);
INSERT INTO public.forecast (amount, month, real_value, value, version, year, place_id, rate_id) VALUES (1.000, 10, 250.950, 250.000, 2, 2022, 2, 10);
INSERT INTO public.forecast (amount, month, real_value, value, version, year, place_id, rate_id) VALUES (40.000, 11, 206.266, 200.000, 2, 2022, 2, 3);
INSERT INTO public.forecast (amount, month, real_value, value, version, year, place_id, rate_id) VALUES (1.000, 10, 19.399, 20.000, 2, 2022, 2, 6);
INSERT INTO public.forecast (amount, month, real_value, value, version, year, place_id, rate_id) VALUES (1.000, 11, 99.434, 100.000, 2, 2022, 2, 1);
INSERT INTO public.forecast (amount, month, real_value, value, version, year, place_id, rate_id) VALUES (1.000, 11, 48.148, 50.000, 2, 2022, 2, 2);
INSERT INTO public.forecast (amount, month, real_value, value, version, year, place_id, rate_id) VALUES (27.540, 10, 109.499, 110.160, 2, 2022, 2, 5);
INSERT INTO public.forecast (amount, month, real_value, value, version, year, place_id, rate_id) VALUES (31.434, 11, 227.512, 220.038, 2, 2022, 2, 4);
INSERT INTO public.forecast (amount, month, real_value, value, version, year, place_id, rate_id) VALUES (1.000, 11, 20.748, 20.000, 2, 2022, 2, 6);
INSERT INTO public.forecast (amount, month, real_value, value, version, year, place_id, rate_id) VALUES (1.000, 0, 99.847, 100.000, 2, 2022, 3, 1);
INSERT INTO public.forecast (amount, month, real_value, value, version, year, place_id, rate_id) VALUES (28.520, 11, 112.814, 114.080, 2, 2022, 2, 5);
INSERT INTO public.forecast (amount, month, real_value, value, version, year, place_id, rate_id) VALUES (1.000, 11, 255.637, 250.000, 2, 2022, 2, 10);
INSERT INTO public.forecast (amount, month, real_value, value, version, year, place_id, rate_id) VALUES (1.000, 0, 48.315, 50.000, 2, 2022, 3, 2);
INSERT INTO public.forecast (amount, month, real_value, value, version, year, place_id, rate_id) VALUES (32.000, 0, 158.121, 160.000, 2, 2022, 3, 3);
INSERT INTO public.forecast (amount, month, real_value, value, version, year, place_id, rate_id) VALUES (3.000, 11, 82.134, 84.000, 2, 2022, 2, 7);
INSERT INTO public.forecast (amount, month, real_value, value, version, year, place_id, rate_id) VALUES (1.000, 0, 8.931, 9.000, 2, 2022, 3, 9);
INSERT INTO public.forecast (amount, month, real_value, value, version, year, place_id, rate_id) VALUES (16.957, 0, 69.779, 67.828, 2, 2022, 3, 5);
INSERT INTO public.forecast (amount, month, real_value, value, version, year, place_id, rate_id) VALUES (32.000, 1, 155.899, 160.000, 2, 2022, 3, 3);
INSERT INTO public.forecast (amount, month, real_value, value, version, year, place_id, rate_id) VALUES (1.000, 1, 49.001, 50.000, 2, 2022, 3, 2);
INSERT INTO public.forecast (amount, month, real_value, value, version, year, place_id, rate_id) VALUES (1.000, 1, 103.890, 100.000, 2, 2022, 3, 1);
INSERT INTO public.forecast (amount, month, real_value, value, version, year, place_id, rate_id) VALUES (1.000, 0, 19.605, 20.000, 2, 2022, 3, 6);
INSERT INTO public.forecast (amount, month, real_value, value, version, year, place_id, rate_id) VALUES (1.000, 0, 27.898, 28.000, 2, 2022, 3, 7);
INSERT INTO public.forecast (amount, month, real_value, value, version, year, place_id, rate_id) VALUES (1.000, 1, 29.090, 28.000, 2, 2022, 3, 7);
INSERT INTO public.forecast (amount, month, real_value, value, version, year, place_id, rate_id) VALUES (1.000, 2, 100.388, 100.000, 2, 2022, 3, 1);
INSERT INTO public.forecast (amount, month, real_value, value, version, year, place_id, rate_id) VALUES (32.000, 2, 158.046, 160.000, 2, 2022, 3, 3);
INSERT INTO public.forecast (amount, month, real_value, value, version, year, place_id, rate_id) VALUES (23.072, 1, 92.865, 92.288, 2, 2022, 3, 5);
INSERT INTO public.forecast (amount, month, real_value, value, version, year, place_id, rate_id) VALUES (1.000, 2, 49.607, 50.000, 2, 2022, 3, 2);
INSERT INTO public.forecast (amount, month, real_value, value, version, year, place_id, rate_id) VALUES (1.000, 1, 9.188, 9.000, 2, 2022, 3, 9);
INSERT INTO public.forecast (amount, month, real_value, value, version, year, place_id, rate_id) VALUES (1.000, 1, 19.641, 20.000, 2, 2022, 3, 6);
INSERT INTO public.forecast (amount, month, real_value, value, version, year, place_id, rate_id) VALUES (32.000, 3, 154.851, 160.000, 2, 2022, 3, 3);
INSERT INTO public.forecast (amount, month, real_value, value, version, year, place_id, rate_id) VALUES (1.000, 2, 27.045, 28.000, 2, 2022, 3, 7);
INSERT INTO public.forecast (amount, month, real_value, value, version, year, place_id, rate_id) VALUES (1.000, 3, 105.032, 100.000, 2, 2022, 3, 1);
INSERT INTO public.forecast (amount, month, real_value, value, version, year, place_id, rate_id) VALUES (1.000, 2, 8.684, 9.000, 2, 2022, 3, 9);
INSERT INTO public.forecast (amount, month, real_value, value, version, year, place_id, rate_id) VALUES (1.000, 3, 47.820, 50.000, 2, 2022, 3, 2);
INSERT INTO public.forecast (amount, month, real_value, value, version, year, place_id, rate_id) VALUES (1.000, 2, 20.107, 20.000, 2, 2022, 3, 6);
INSERT INTO public.forecast (amount, month, real_value, value, version, year, place_id, rate_id) VALUES (40.703, 2, 160.973, 162.812, 2, 2022, 3, 5);
INSERT INTO public.forecast (amount, month, real_value, value, version, year, place_id, rate_id) VALUES (1.000, 4, 99.453, 100.000, 2, 2022, 3, 1);
INSERT INTO public.forecast (amount, month, real_value, value, version, year, place_id, rate_id) VALUES (1.000, 4, 50.085, 50.000, 2, 2022, 3, 2);
INSERT INTO public.forecast (amount, month, real_value, value, version, year, place_id, rate_id) VALUES (1.000, 3, 20.933, 20.000, 2, 2022, 3, 6);
INSERT INTO public.forecast (amount, month, real_value, value, version, year, place_id, rate_id) VALUES (1.000, 3, 28.276, 28.000, 2, 2022, 3, 7);
INSERT INTO public.forecast (amount, month, real_value, value, version, year, place_id, rate_id) VALUES (32.000, 4, 157.298, 160.000, 2, 2022, 3, 3);
INSERT INTO public.forecast (amount, month, real_value, value, version, year, place_id, rate_id) VALUES (26.940, 3, 104.212, 107.760, 2, 2022, 3, 5);
INSERT INTO public.forecast (amount, month, real_value, value, version, year, place_id, rate_id) VALUES (1.000, 3, 8.844, 9.000, 2, 2022, 3, 9);
INSERT INTO public.forecast (amount, month, real_value, value, version, year, place_id, rate_id) VALUES (1.000, 4, 9.100, 9.000, 2, 2022, 3, 9);
INSERT INTO public.forecast (amount, month, real_value, value, version, year, place_id, rate_id) VALUES (31.651, 4, 127.213, 126.604, 2, 2022, 3, 5);
INSERT INTO public.forecast (amount, month, real_value, value, version, year, place_id, rate_id) VALUES (1.000, 4, 28.559, 28.000, 2, 2022, 3, 7);
INSERT INTO public.forecast (amount, month, real_value, value, version, year, place_id, rate_id) VALUES (1.000, 5, 48.107, 50.000, 2, 2022, 3, 2);
INSERT INTO public.forecast (amount, month, real_value, value, version, year, place_id, rate_id) VALUES (32.000, 5, 153.616, 160.000, 2, 2022, 3, 3);
INSERT INTO public.forecast (amount, month, real_value, value, version, year, place_id, rate_id) VALUES (1.000, 4, 19.855, 20.000, 2, 2022, 3, 6);
INSERT INTO public.forecast (amount, month, real_value, value, version, year, place_id, rate_id) VALUES (1.000, 5, 104.140, 100.000, 2, 2022, 3, 1);
INSERT INTO public.forecast (amount, month, real_value, value, version, year, place_id, rate_id) VALUES (36.540, 5, 153.115, 146.160, 2, 2022, 3, 5);
INSERT INTO public.forecast (amount, month, real_value, value, version, year, place_id, rate_id) VALUES (1.000, 5, 8.916, 9.000, 2, 2022, 3, 9);
INSERT INTO public.forecast (amount, month, real_value, value, version, year, place_id, rate_id) VALUES (1.000, 6, 48.528, 50.000, 2, 2022, 3, 2);
INSERT INTO public.forecast (amount, month, real_value, value, version, year, place_id, rate_id) VALUES (1.000, 5, 28.754, 28.000, 2, 2022, 3, 7);
INSERT INTO public.forecast (amount, month, real_value, value, version, year, place_id, rate_id) VALUES (32.000, 6, 157.684, 160.000, 2, 2022, 3, 3);
INSERT INTO public.forecast (amount, month, real_value, value, version, year, place_id, rate_id) VALUES (1.000, 6, 97.981, 100.000, 2, 2022, 3, 1);
INSERT INTO public.forecast (amount, month, real_value, value, version, year, place_id, rate_id) VALUES (1.000, 5, 19.773, 20.000, 2, 2022, 3, 6);
INSERT INTO public.forecast (amount, month, real_value, value, version, year, place_id, rate_id) VALUES (1.000, 6, 29.541, 28.000, 2, 2022, 3, 7);
INSERT INTO public.forecast (amount, month, real_value, value, version, year, place_id, rate_id) VALUES (1.000, 6, 20.046, 20.000, 2, 2022, 3, 6);
INSERT INTO public.forecast (amount, month, real_value, value, version, year, place_id, rate_id) VALUES (35.557, 6, 147.883, 142.228, 2, 2022, 3, 5);
INSERT INTO public.forecast (amount, month, real_value, value, version, year, place_id, rate_id) VALUES (1.000, 7, 50.936, 50.000, 2, 2022, 3, 2);
INSERT INTO public.forecast (amount, month, real_value, value, version, year, place_id, rate_id) VALUES (1.000, 6, 9.204, 9.000, 2, 2022, 3, 9);
INSERT INTO public.forecast (amount, month, real_value, value, version, year, place_id, rate_id) VALUES (32.000, 7, 159.979, 160.000, 2, 2022, 3, 3);
INSERT INTO public.forecast (amount, month, real_value, value, version, year, place_id, rate_id) VALUES (1.000, 7, 98.943, 100.000, 2, 2022, 3, 1);
INSERT INTO public.forecast (amount, month, real_value, value, version, year, place_id, rate_id) VALUES (1.000, 7, 27.712, 28.000, 2, 2022, 3, 7);
INSERT INTO public.forecast (amount, month, real_value, value, version, year, place_id, rate_id) VALUES (1.000, 7, 20.772, 20.000, 2, 2022, 3, 6);
INSERT INTO public.forecast (amount, month, real_value, value, version, year, place_id, rate_id) VALUES (1.000, 8, 52.155, 50.000, 2, 2022, 3, 2);
INSERT INTO public.forecast (amount, month, real_value, value, version, year, place_id, rate_id) VALUES (32.000, 8, 159.012, 160.000, 2, 2022, 3, 3);
INSERT INTO public.forecast (amount, month, real_value, value, version, year, place_id, rate_id) VALUES (30.969, 7, 125.930, 123.876, 2, 2022, 3, 5);
INSERT INTO public.forecast (amount, month, real_value, value, version, year, place_id, rate_id) VALUES (1.000, 8, 104.426, 100.000, 2, 2022, 3, 1);
INSERT INTO public.forecast (amount, month, real_value, value, version, year, place_id, rate_id) VALUES (1.000, 7, 9.018, 9.000, 2, 2022, 3, 9);
INSERT INTO public.forecast (amount, month, real_value, value, version, year, place_id, rate_id) VALUES (39.750, 8, 163.489, 159.000, 2, 2022, 3, 5);
INSERT INTO public.forecast (amount, month, real_value, value, version, year, place_id, rate_id) VALUES (1.000, 9, 48.329, 50.000, 2, 2022, 3, 2);
INSERT INTO public.forecast (amount, month, real_value, value, version, year, place_id, rate_id) VALUES (1.000, 8, 20.769, 20.000, 2, 2022, 3, 6);
INSERT INTO public.forecast (amount, month, real_value, value, version, year, place_id, rate_id) VALUES (1.000, 8, 29.272, 28.000, 2, 2022, 3, 7);
INSERT INTO public.forecast (amount, month, real_value, value, version, year, place_id, rate_id) VALUES (1.000, 8, 9.327, 9.000, 2, 2022, 3, 9);
INSERT INTO public.forecast (amount, month, real_value, value, version, year, place_id, rate_id) VALUES (1.000, 9, 104.564, 100.000, 2, 2022, 3, 1);
INSERT INTO public.forecast (amount, month, real_value, value, version, year, place_id, rate_id) VALUES (32.000, 9, 157.862, 160.000, 2, 2022, 3, 3);
INSERT INTO public.forecast (amount, month, real_value, value, version, year, place_id, rate_id) VALUES (1.000, 10, 50.393, 50.000, 2, 2022, 3, 2);
INSERT INTO public.forecast (amount, month, real_value, value, version, year, place_id, rate_id) VALUES (1.000, 9, 8.989, 9.000, 2, 2022, 3, 9);
INSERT INTO public.forecast (amount, month, real_value, value, version, year, place_id, rate_id) VALUES (1.000, 9, 27.180, 28.000, 2, 2022, 3, 7);
INSERT INTO public.forecast (amount, month, real_value, value, version, year, place_id, rate_id) VALUES (32.000, 10, 153.462, 160.000, 2, 2022, 3, 3);
INSERT INTO public.forecast (amount, month, real_value, value, version, year, place_id, rate_id) VALUES (45.849, 9, 190.017, 183.396, 2, 2022, 3, 5);
INSERT INTO public.forecast (amount, month, real_value, value, version, year, place_id, rate_id) VALUES (1.000, 10, 101.858, 100.000, 2, 2022, 3, 1);
INSERT INTO public.forecast (amount, month, real_value, value, version, year, place_id, rate_id) VALUES (1.000, 9, 20.586, 20.000, 2, 2022, 3, 6);
INSERT INTO public.forecast (amount, month, real_value, value, version, year, place_id, rate_id) VALUES (1.000, 10, 19.399, 20.000, 2, 2022, 3, 6);
INSERT INTO public.forecast (amount, month, real_value, value, version, year, place_id, rate_id) VALUES (1.000, 10, 27.304, 28.000, 2, 2022, 3, 7);
INSERT INTO public.forecast (amount, month, real_value, value, version, year, place_id, rate_id) VALUES (1.000, 11, 48.148, 50.000, 2, 2022, 3, 2);
INSERT INTO public.forecast (amount, month, real_value, value, version, year, place_id, rate_id) VALUES (1.000, 10, 9.239, 9.000, 2, 2022, 3, 9);
INSERT INTO public.forecast (amount, month, real_value, value, version, year, place_id, rate_id) VALUES (32.000, 11, 164.596, 160.000, 2, 2022, 3, 3);
INSERT INTO public.forecast (amount, month, real_value, value, version, year, place_id, rate_id) VALUES (39.690, 10, 157.901, 158.760, 2, 2022, 3, 5);
INSERT INTO public.forecast (amount, month, real_value, value, version, year, place_id, rate_id) VALUES (1.000, 11, 99.434, 100.000, 2, 2022, 3, 1);
INSERT INTO public.forecast (amount, month, real_value, value, version, year, place_id, rate_id) VALUES (1.000, 0, 99.847, 100.000, 2, 2022, 4, 1);
INSERT INTO public.forecast (amount, month, real_value, value, version, year, place_id, rate_id) VALUES (1.000, 11, 20.748, 20.000, 2, 2022, 3, 6);
INSERT INTO public.forecast (amount, month, real_value, value, version, year, place_id, rate_id) VALUES (1.000, 11, 27.542, 28.000, 2, 2022, 3, 7);
INSERT INTO public.forecast (amount, month, real_value, value, version, year, place_id, rate_id) VALUES (1.000, 11, 8.961, 9.000, 2, 2022, 3, 9);
INSERT INTO public.forecast (amount, month, real_value, value, version, year, place_id, rate_id) VALUES (34.441, 11, 136.182, 137.764, 2, 2022, 3, 5);
INSERT INTO public.forecast (amount, month, real_value, value, version, year, place_id, rate_id) VALUES (1.000, 0, 48.315, 50.000, 2, 2022, 4, 2);
INSERT INTO public.forecast (amount, month, real_value, value, version, year, place_id, rate_id) VALUES (117.000, 0, 574.438, 585.000, 2, 2022, 4, 3);
INSERT INTO public.forecast (amount, month, real_value, value, version, year, place_id, rate_id) VALUES (1.000, 0, 8.931, 9.000, 2, 2022, 4, 9);
INSERT INTO public.forecast (amount, month, real_value, value, version, year, place_id, rate_id) VALUES (5.000, 0, 26.132, 25.000, 2, 2022, 4, 8);
INSERT INTO public.forecast (amount, month, real_value, value, version, year, place_id, rate_id) VALUES (11.067, 0, 45.717, 44.268, 2, 2022, 4, 5);
INSERT INTO public.forecast (amount, month, real_value, value, version, year, place_id, rate_id) VALUES (1.000, 1, 103.890, 100.000, 2, 2022, 4, 1);
INSERT INTO public.forecast (amount, month, real_value, value, version, year, place_id, rate_id) VALUES (1.000, 1, 49.001, 50.000, 2, 2022, 4, 2);
INSERT INTO public.forecast (amount, month, real_value, value, version, year, place_id, rate_id) VALUES (5.000, 0, 138.493, 140.000, 2, 2022, 4, 7);
INSERT INTO public.forecast (amount, month, real_value, value, version, year, place_id, rate_id) VALUES (117.000, 1, 566.368, 585.000, 2, 2022, 4, 3);
INSERT INTO public.forecast (amount, month, real_value, value, version, year, place_id, rate_id) VALUES (1.000, 1, 9.188, 9.000, 2, 2022, 4, 9);
INSERT INTO public.forecast (amount, month, real_value, value, version, year, place_id, rate_id) VALUES (5.000, 1, 144.412, 140.000, 2, 2022, 4, 7);
INSERT INTO public.forecast (amount, month, real_value, value, version, year, place_id, rate_id) VALUES (28.028, 1, 112.588, 112.112, 2, 2022, 4, 5);
INSERT INTO public.forecast (amount, month, real_value, value, version, year, place_id, rate_id) VALUES (1.000, 2, 100.388, 100.000, 2, 2022, 4, 1);
INSERT INTO public.forecast (amount, month, real_value, value, version, year, place_id, rate_id) VALUES (117.000, 2, 574.166, 585.000, 2, 2022, 4, 3);
INSERT INTO public.forecast (amount, month, real_value, value, version, year, place_id, rate_id) VALUES (5.000, 1, 25.729, 25.000, 2, 2022, 4, 8);
INSERT INTO public.forecast (amount, month, real_value, value, version, year, place_id, rate_id) VALUES (1.000, 2, 49.607, 50.000, 2, 2022, 4, 2);
INSERT INTO public.forecast (amount, month, real_value, value, version, year, place_id, rate_id) VALUES (117.000, 3, 562.562, 585.000, 2, 2022, 4, 3);
INSERT INTO public.forecast (amount, month, real_value, value, version, year, place_id, rate_id) VALUES (49.135, 2, 193.928, 196.540, 2, 2022, 4, 5);
INSERT INTO public.forecast (amount, month, real_value, value, version, year, place_id, rate_id) VALUES (1.000, 3, 105.032, 100.000, 2, 2022, 4, 1);
INSERT INTO public.forecast (amount, month, real_value, value, version, year, place_id, rate_id) VALUES (5.000, 2, 24.361, 25.000, 2, 2022, 4, 8);
INSERT INTO public.forecast (amount, month, real_value, value, version, year, place_id, rate_id) VALUES (1.000, 3, 47.820, 50.000, 2, 2022, 4, 2);
INSERT INTO public.forecast (amount, month, real_value, value, version, year, place_id, rate_id) VALUES (1.000, 2, 8.684, 9.000, 2, 2022, 4, 9);
INSERT INTO public.forecast (amount, month, real_value, value, version, year, place_id, rate_id) VALUES (5.000, 2, 134.257, 140.000, 2, 2022, 4, 7);
INSERT INTO public.forecast (amount, month, real_value, value, version, year, place_id, rate_id) VALUES (117.000, 4, 571.451, 585.000, 2, 2022, 4, 3);
INSERT INTO public.forecast (amount, month, real_value, value, version, year, place_id, rate_id) VALUES (1.000, 4, 50.085, 50.000, 2, 2022, 4, 2);
INSERT INTO public.forecast (amount, month, real_value, value, version, year, place_id, rate_id) VALUES (1.000, 3, 8.844, 9.000, 2, 2022, 4, 9);
INSERT INTO public.forecast (amount, month, real_value, value, version, year, place_id, rate_id) VALUES (1.000, 4, 99.453, 100.000, 2, 2022, 4, 1);
INSERT INTO public.forecast (amount, month, real_value, value, version, year, place_id, rate_id) VALUES (5.000, 3, 25.065, 25.000, 2, 2022, 4, 8);
INSERT INTO public.forecast (amount, month, real_value, value, version, year, place_id, rate_id) VALUES (34.590, 3, 133.522, 138.360, 2, 2022, 4, 5);
INSERT INTO public.forecast (amount, month, real_value, value, version, year, place_id, rate_id) VALUES (5.000, 3, 140.371, 140.000, 2, 2022, 4, 7);
INSERT INTO public.forecast (amount, month, real_value, value, version, year, place_id, rate_id) VALUES (1.000, 5, 48.107, 50.000, 2, 2022, 4, 2);
INSERT INTO public.forecast (amount, month, real_value, value, version, year, place_id, rate_id) VALUES (117.000, 5, 558.074, 585.000, 2, 2022, 4, 3);
INSERT INTO public.forecast (amount, month, real_value, value, version, year, place_id, rate_id) VALUES (35.495, 4, 143.210, 141.980, 2, 2022, 4, 5);
INSERT INTO public.forecast (amount, month, real_value, value, version, year, place_id, rate_id) VALUES (1.000, 4, 9.100, 9.000, 2, 2022, 4, 9);
INSERT INTO public.forecast (amount, month, real_value, value, version, year, place_id, rate_id) VALUES (5.000, 4, 24.453, 25.000, 2, 2022, 4, 8);
INSERT INTO public.forecast (amount, month, real_value, value, version, year, place_id, rate_id) VALUES (5.000, 4, 141.777, 140.000, 2, 2022, 4, 7);
INSERT INTO public.forecast (amount, month, real_value, value, version, year, place_id, rate_id) VALUES (1.000, 5, 104.140, 100.000, 2, 2022, 4, 1);
INSERT INTO public.forecast (amount, month, real_value, value, version, year, place_id, rate_id) VALUES (5.000, 5, 23.773, 25.000, 2, 2022, 4, 8);
INSERT INTO public.forecast (amount, month, real_value, value, version, year, place_id, rate_id) VALUES (30.750, 5, 128.682, 123.000, 2, 2022, 4, 5);
INSERT INTO public.forecast (amount, month, real_value, value, version, year, place_id, rate_id) VALUES (1.000, 6, 48.528, 50.000, 2, 2022, 4, 2);
INSERT INTO public.forecast (amount, month, real_value, value, version, year, place_id, rate_id) VALUES (1.000, 6, 97.981, 100.000, 2, 2022, 4, 1);
INSERT INTO public.forecast (amount, month, real_value, value, version, year, place_id, rate_id) VALUES (5.000, 5, 142.741, 140.000, 2, 2022, 4, 7);
INSERT INTO public.forecast (amount, month, real_value, value, version, year, place_id, rate_id) VALUES (117.000, 6, 572.850, 585.000, 2, 2022, 4, 3);
INSERT INTO public.forecast (amount, month, real_value, value, version, year, place_id, rate_id) VALUES (1.000, 5, 8.916, 9.000, 2, 2022, 4, 9);
INSERT INTO public.forecast (amount, month, real_value, value, version, year, place_id, rate_id) VALUES (5.000, 6, 146.650, 140.000, 2, 2022, 4, 7);
INSERT INTO public.forecast (amount, month, real_value, value, version, year, place_id, rate_id) VALUES (28.055, 6, 117.105, 112.220, 2, 2022, 4, 5);
INSERT INTO public.forecast (amount, month, real_value, value, version, year, place_id, rate_id) VALUES (1.000, 7, 50.936, 50.000, 2, 2022, 4, 2);
INSERT INTO public.forecast (amount, month, real_value, value, version, year, place_id, rate_id) VALUES (1.000, 6, 9.204, 9.000, 2, 2022, 4, 9);
INSERT INTO public.forecast (amount, month, real_value, value, version, year, place_id, rate_id) VALUES (117.000, 7, 581.190, 585.000, 2, 2022, 4, 3);
INSERT INTO public.forecast (amount, month, real_value, value, version, year, place_id, rate_id) VALUES (5.000, 6, 23.882, 25.000, 2, 2022, 4, 8);
INSERT INTO public.forecast (amount, month, real_value, value, version, year, place_id, rate_id) VALUES (1.000, 7, 98.943, 100.000, 2, 2022, 4, 1);
INSERT INTO public.forecast (amount, month, real_value, value, version, year, place_id, rate_id) VALUES (1.000, 8, 52.155, 50.000, 2, 2022, 4, 2);
INSERT INTO public.forecast (amount, month, real_value, value, version, year, place_id, rate_id) VALUES (1.000, 7, 9.018, 9.000, 2, 2022, 4, 9);
INSERT INTO public.forecast (amount, month, real_value, value, version, year, place_id, rate_id) VALUES (117.000, 8, 577.678, 585.000, 2, 2022, 4, 3);
INSERT INTO public.forecast (amount, month, real_value, value, version, year, place_id, rate_id) VALUES (34.844, 7, 141.766, 139.376, 2, 2022, 4, 5);
INSERT INTO public.forecast (amount, month, real_value, value, version, year, place_id, rate_id) VALUES (1.000, 8, 104.426, 100.000, 2, 2022, 4, 1);
INSERT INTO public.forecast (amount, month, real_value, value, version, year, place_id, rate_id) VALUES (5.000, 7, 137.572, 140.000, 2, 2022, 4, 7);
INSERT INTO public.forecast (amount, month, real_value, value, version, year, place_id, rate_id) VALUES (5.000, 7, 24.414, 25.000, 2, 2022, 4, 8);
INSERT INTO public.forecast (amount, month, real_value, value, version, year, place_id, rate_id) VALUES (1.000, 9, 48.329, 50.000, 2, 2022, 4, 2);
INSERT INTO public.forecast (amount, month, real_value, value, version, year, place_id, rate_id) VALUES (5.000, 8, 24.003, 25.000, 2, 2022, 4, 8);
INSERT INTO public.forecast (amount, month, real_value, value, version, year, place_id, rate_id) VALUES (1.000, 8, 9.327, 9.000, 2, 2022, 4, 9);
INSERT INTO public.forecast (amount, month, real_value, value, version, year, place_id, rate_id) VALUES (5.000, 8, 145.316, 140.000, 2, 2022, 4, 7);
INSERT INTO public.forecast (amount, month, real_value, value, version, year, place_id, rate_id) VALUES (117.000, 9, 573.499, 585.000, 2, 2022, 4, 3);
INSERT INTO public.forecast (amount, month, real_value, value, version, year, place_id, rate_id) VALUES (1.000, 9, 104.564, 100.000, 2, 2022, 4, 1);
INSERT INTO public.forecast (amount, month, real_value, value, version, year, place_id, rate_id) VALUES (31.650, 8, 130.424, 126.600, 2, 2022, 4, 5);
INSERT INTO public.forecast (amount, month, real_value, value, version, year, place_id, rate_id) VALUES (117.000, 10, 557.515, 585.000, 2, 2022, 4, 3);
INSERT INTO public.forecast (amount, month, real_value, value, version, year, place_id, rate_id) VALUES (33.790, 9, 140.114, 135.160, 2, 2022, 4, 5);
INSERT INTO public.forecast (amount, month, real_value, value, version, year, place_id, rate_id) VALUES (1.000, 10, 50.393, 50.000, 2, 2022, 4, 2);
INSERT INTO public.forecast (amount, month, real_value, value, version, year, place_id, rate_id) VALUES (5.000, 9, 134.931, 140.000, 2, 2022, 4, 7);
INSERT INTO public.forecast (amount, month, real_value, value, version, year, place_id, rate_id) VALUES (1.000, 10, 101.858, 100.000, 2, 2022, 4, 1);
INSERT INTO public.forecast (amount, month, real_value, value, version, year, place_id, rate_id) VALUES (5.000, 9, 24.474, 25.000, 2, 2022, 4, 8);
INSERT INTO public.forecast (amount, month, real_value, value, version, year, place_id, rate_id) VALUES (1.000, 9, 8.989, 9.000, 2, 2022, 4, 9);
INSERT INTO public.forecast (amount, month, real_value, value, version, year, place_id, rate_id) VALUES (5.000, 10, 25.752, 25.000, 2, 2022, 4, 8);
INSERT INTO public.forecast (amount, month, real_value, value, version, year, place_id, rate_id) VALUES (1.000, 10, 9.239, 9.000, 2, 2022, 4, 9);
INSERT INTO public.forecast (amount, month, real_value, value, version, year, place_id, rate_id) VALUES (1.000, 11, 48.148, 50.000, 2, 2022, 4, 2);
INSERT INTO public.forecast (amount, month, real_value, value, version, year, place_id, rate_id) VALUES (41.280, 10, 164.249, 165.120, 2, 2022, 4, 5);
INSERT INTO public.forecast (amount, month, real_value, value, version, year, place_id, rate_id) VALUES (5.000, 10, 135.543, 140.000, 2, 2022, 4, 7);
INSERT INTO public.forecast (amount, month, real_value, value, version, year, place_id, rate_id) VALUES (1.000, 11, 99.434, 100.000, 2, 2022, 4, 1);
INSERT INTO public.forecast (amount, month, real_value, value, version, year, place_id, rate_id) VALUES (117.000, 11, 597.964, 585.000, 2, 2022, 4, 3);
INSERT INTO public.forecast (amount, month, real_value, value, version, year, place_id, rate_id) VALUES (44.888, 11, 177.278, 179.552, 2, 2022, 4, 5);
INSERT INTO public.forecast (amount, month, real_value, value, version, year, place_id, rate_id) VALUES (1.000, 0, 99.847, 100.000, 2, 2022, 5, 1);
INSERT INTO public.forecast (amount, month, real_value, value, version, year, place_id, rate_id) VALUES (1.000, 0, 48.315, 50.000, 2, 2022, 5, 2);
INSERT INTO public.forecast (amount, month, real_value, value, version, year, place_id, rate_id) VALUES (5.000, 11, 136.726, 140.000, 2, 2022, 4, 7);
INSERT INTO public.forecast (amount, month, real_value, value, version, year, place_id, rate_id) VALUES (5.000, 11, 25.272, 25.000, 2, 2022, 4, 8);
INSERT INTO public.forecast (amount, month, real_value, value, version, year, place_id, rate_id) VALUES (1.000, 11, 8.961, 9.000, 2, 2022, 4, 9);
INSERT INTO public.forecast (amount, month, real_value, value, version, year, place_id, rate_id) VALUES (68.000, 0, 334.255, 340.000, 2, 2022, 5, 3);
INSERT INTO public.forecast (amount, month, real_value, value, version, year, place_id, rate_id) VALUES (20.739, 0, 148.091, 145.173, 2, 2022, 5, 4);
INSERT INTO public.forecast (amount, month, real_value, value, version, year, place_id, rate_id) VALUES (1.000, 1, 103.890, 100.000, 2, 2022, 5, 1);
INSERT INTO public.forecast (amount, month, real_value, value, version, year, place_id, rate_id) VALUES (1.000, 1, 49.001, 50.000, 2, 2022, 5, 2);
INSERT INTO public.forecast (amount, month, real_value, value, version, year, place_id, rate_id) VALUES (25.265, 0, 103.947, 101.060, 2, 2022, 5, 5);
INSERT INTO public.forecast (amount, month, real_value, value, version, year, place_id, rate_id) VALUES (2.000, 0, 55.796, 56.000, 2, 2022, 5, 7);
INSERT INTO public.forecast (amount, month, real_value, value, version, year, place_id, rate_id) VALUES (2.000, 0, 10.453, 10.000, 2, 2022, 5, 8);
INSERT INTO public.forecast (amount, month, real_value, value, version, year, place_id, rate_id) VALUES (68.000, 1, 329.559, 340.000, 2, 2022, 5, 3);
INSERT INTO public.forecast (amount, month, real_value, value, version, year, place_id, rate_id) VALUES (1.000, 0, 239.223, 250.000, 2, 2022, 5, 10);
INSERT INTO public.forecast (amount, month, real_value, value, version, year, place_id, rate_id) VALUES (31.192, 1, 228.103, 218.344, 2, 2022, 5, 4);
INSERT INTO public.forecast (amount, month, real_value, value, version, year, place_id, rate_id) VALUES (68.000, 2, 334.097, 340.000, 2, 2022, 5, 3);
INSERT INTO public.forecast (amount, month, real_value, value, version, year, place_id, rate_id) VALUES (43.008, 1, 172.580, 172.032, 2, 2022, 5, 5);
INSERT INTO public.forecast (amount, month, real_value, value, version, year, place_id, rate_id) VALUES (2.000, 1, 10.291, 10.000, 2, 2022, 5, 8);
INSERT INTO public.forecast (amount, month, real_value, value, version, year, place_id, rate_id) VALUES (1.000, 1, 246.259, 250.000, 2, 2022, 5, 10);
INSERT INTO public.forecast (amount, month, real_value, value, version, year, place_id, rate_id) VALUES (2.000, 1, 58.181, 56.000, 2, 2022, 5, 7);
INSERT INTO public.forecast (amount, month, real_value, value, version, year, place_id, rate_id) VALUES (1.000, 2, 100.388, 100.000, 2, 2022, 5, 1);
INSERT INTO public.forecast (amount, month, real_value, value, version, year, place_id, rate_id) VALUES (1.000, 2, 49.607, 50.000, 2, 2022, 5, 2);
INSERT INTO public.forecast (amount, month, real_value, value, version, year, place_id, rate_id) VALUES (57.846, 2, 428.633, 404.922, 2, 2022, 5, 4);
INSERT INTO public.forecast (amount, month, real_value, value, version, year, place_id, rate_id) VALUES (64.728, 2, 256.035, 258.912, 2, 2022, 5, 5);
INSERT INTO public.forecast (amount, month, real_value, value, version, year, place_id, rate_id) VALUES (1.000, 3, 105.032, 100.000, 2, 2022, 5, 1);
INSERT INTO public.forecast (amount, month, real_value, value, version, year, place_id, rate_id) VALUES (2.000, 2, 54.089, 56.000, 2, 2022, 5, 7);
INSERT INTO public.forecast (amount, month, real_value, value, version, year, place_id, rate_id) VALUES (1.000, 3, 47.820, 50.000, 2, 2022, 5, 2);
INSERT INTO public.forecast (amount, month, real_value, value, version, year, place_id, rate_id) VALUES (2.000, 2, 9.745, 10.000, 2, 2022, 5, 8);
INSERT INTO public.forecast (amount, month, real_value, value, version, year, place_id, rate_id) VALUES (1.000, 2, 258.807, 250.000, 2, 2022, 5, 10);
INSERT INTO public.forecast (amount, month, real_value, value, version, year, place_id, rate_id) VALUES (68.000, 3, 327.344, 340.000, 2, 2022, 5, 3);
INSERT INTO public.forecast (amount, month, real_value, value, version, year, place_id, rate_id) VALUES (42.420, 3, 301.493, 296.940, 2, 2022, 5, 4);
INSERT INTO public.forecast (amount, month, real_value, value, version, year, place_id, rate_id) VALUES (68.000, 4, 332.517, 340.000, 2, 2022, 5, 3);
INSERT INTO public.forecast (amount, month, real_value, value, version, year, place_id, rate_id) VALUES (1.000, 3, 246.766, 250.000, 2, 2022, 5, 10);
INSERT INTO public.forecast (amount, month, real_value, value, version, year, place_id, rate_id) VALUES (2.000, 3, 56.552, 56.000, 2, 2022, 5, 7);
INSERT INTO public.forecast (amount, month, real_value, value, version, year, place_id, rate_id) VALUES (29.880, 3, 115.285, 119.520, 2, 2022, 5, 5);
INSERT INTO public.forecast (amount, month, real_value, value, version, year, place_id, rate_id) VALUES (1.000, 4, 99.453, 100.000, 2, 2022, 5, 1);
INSERT INTO public.forecast (amount, month, real_value, value, version, year, place_id, rate_id) VALUES (2.000, 3, 10.026, 10.000, 2, 2022, 5, 8);
INSERT INTO public.forecast (amount, month, real_value, value, version, year, place_id, rate_id) VALUES (1.000, 4, 50.085, 50.000, 2, 2022, 5, 2);
INSERT INTO public.forecast (amount, month, real_value, value, version, year, place_id, rate_id) VALUES (39.029, 4, 253.601, 273.203, 2, 2022, 5, 4);
INSERT INTO public.forecast (amount, month, real_value, value, version, year, place_id, rate_id) VALUES (1.000, 4, 262.815, 250.000, 2, 2022, 5, 10);
INSERT INTO public.forecast (amount, month, real_value, value, version, year, place_id, rate_id) VALUES (1.000, 5, 48.107, 50.000, 2, 2022, 5, 2);
INSERT INTO public.forecast (amount, month, real_value, value, version, year, place_id, rate_id) VALUES (24.304, 4, 98.266, 97.216, 2, 2022, 5, 5);
INSERT INTO public.forecast (amount, month, real_value, value, version, year, place_id, rate_id) VALUES (2.000, 4, 9.781, 10.000, 2, 2022, 5, 8);
INSERT INTO public.forecast (amount, month, real_value, value, version, year, place_id, rate_id) VALUES (2.000, 4, 57.119, 56.000, 2, 2022, 5, 7);
INSERT INTO public.forecast (amount, month, real_value, value, version, year, place_id, rate_id) VALUES (68.000, 5, 324.733, 340.000, 2, 2022, 5, 3);
INSERT INTO public.forecast (amount, month, real_value, value, version, year, place_id, rate_id) VALUES (1.000, 5, 104.140, 100.000, 2, 2022, 5, 1);
INSERT INTO public.forecast (amount, month, real_value, value, version, year, place_id, rate_id) VALUES (30.360, 5, 215.292, 212.520, 2, 2022, 5, 4);
INSERT INTO public.forecast (amount, month, real_value, value, version, year, place_id, rate_id) VALUES (1.000, 6, 48.528, 50.000, 2, 2022, 5, 2);
INSERT INTO public.forecast (amount, month, real_value, value, version, year, place_id, rate_id) VALUES (21.030, 5, 87.960, 84.120, 2, 2022, 5, 5);
INSERT INTO public.forecast (amount, month, real_value, value, version, year, place_id, rate_id) VALUES (1.000, 5, 254.036, 250.000, 2, 2022, 5, 10);
INSERT INTO public.forecast (amount, month, real_value, value, version, year, place_id, rate_id) VALUES (2.000, 5, 9.509, 10.000, 2, 2022, 5, 8);
INSERT INTO public.forecast (amount, month, real_value, value, version, year, place_id, rate_id) VALUES (2.000, 5, 57.507, 56.000, 2, 2022, 5, 7);
INSERT INTO public.forecast (amount, month, real_value, value, version, year, place_id, rate_id) VALUES (68.000, 6, 333.331, 340.000, 2, 2022, 5, 3);
INSERT INTO public.forecast (amount, month, real_value, value, version, year, place_id, rate_id) VALUES (1.000, 6, 97.981, 100.000, 2, 2022, 5, 1);
INSERT INTO public.forecast (amount, month, real_value, value, version, year, place_id, rate_id) VALUES (29.760, 6, 210.580, 208.320, 2, 2022, 5, 4);
INSERT INTO public.forecast (amount, month, real_value, value, version, year, place_id, rate_id) VALUES (2.000, 6, 59.082, 56.000, 2, 2022, 5, 7);
INSERT INTO public.forecast (amount, month, real_value, value, version, year, place_id, rate_id) VALUES (1.000, 7, 50.936, 50.000, 2, 2022, 5, 2);
INSERT INTO public.forecast (amount, month, real_value, value, version, year, place_id, rate_id) VALUES (68.000, 7, 338.184, 340.000, 2, 2022, 5, 3);
INSERT INTO public.forecast (amount, month, real_value, value, version, year, place_id, rate_id) VALUES (25.544, 6, 106.596, 102.176, 2, 2022, 5, 5);
INSERT INTO public.forecast (amount, month, real_value, value, version, year, place_id, rate_id) VALUES (2.000, 6, 9.553, 10.000, 2, 2022, 5, 8);
INSERT INTO public.forecast (amount, month, real_value, value, version, year, place_id, rate_id) VALUES (1.000, 7, 98.943, 100.000, 2, 2022, 5, 1);
INSERT INTO public.forecast (amount, month, real_value, value, version, year, place_id, rate_id) VALUES (1.000, 6, 259.896, 250.000, 2, 2022, 5, 10);
INSERT INTO public.forecast (amount, month, real_value, value, version, year, place_id, rate_id) VALUES (35.185, 7, 246.975, 246.295, 2, 2022, 5, 4);
INSERT INTO public.forecast (amount, month, real_value, value, version, year, place_id, rate_id) VALUES (1.000, 7, 260.358, 250.000, 2, 2022, 5, 10);
INSERT INTO public.forecast (amount, month, real_value, value, version, year, place_id, rate_id) VALUES (2.000, 7, 9.765, 10.000, 2, 2022, 5, 8);
INSERT INTO public.forecast (amount, month, real_value, value, version, year, place_id, rate_id) VALUES (32.643, 7, 132.717, 130.572, 2, 2022, 5, 5);
INSERT INTO public.forecast (amount, month, real_value, value, version, year, place_id, rate_id) VALUES (1.000, 8, 52.155, 50.000, 2, 2022, 5, 2);
INSERT INTO public.forecast (amount, month, real_value, value, version, year, place_id, rate_id) VALUES (1.000, 8, 104.426, 100.000, 2, 2022, 5, 1);
INSERT INTO public.forecast (amount, month, real_value, value, version, year, place_id, rate_id) VALUES (2.000, 7, 55.425, 56.000, 2, 2022, 5, 7);
INSERT INTO public.forecast (amount, month, real_value, value, version, year, place_id, rate_id) VALUES (68.000, 8, 336.140, 340.000, 2, 2022, 5, 3);
INSERT INTO public.forecast (amount, month, real_value, value, version, year, place_id, rate_id) VALUES (30.330, 8, 198.253, 212.310, 2, 2022, 5, 4);
INSERT INTO public.forecast (amount, month, real_value, value, version, year, place_id, rate_id) VALUES (68.000, 9, 333.709, 340.000, 2, 2022, 5, 3);
INSERT INTO public.forecast (amount, month, real_value, value, version, year, place_id, rate_id) VALUES (1.000, 8, 245.704, 250.000, 2, 2022, 5, 10);
INSERT INTO public.forecast (amount, month, real_value, value, version, year, place_id, rate_id) VALUES (40.740, 8, 168.082, 162.960, 2, 2022, 5, 5);
INSERT INTO public.forecast (amount, month, real_value, value, version, year, place_id, rate_id) VALUES (2.000, 8, 58.545, 56.000, 2, 2022, 5, 7);
INSERT INTO public.forecast (amount, month, real_value, value, version, year, place_id, rate_id) VALUES (2.000, 8, 9.601, 10.000, 2, 2022, 5, 8);
INSERT INTO public.forecast (amount, month, real_value, value, version, year, place_id, rate_id) VALUES (1.000, 9, 104.564, 100.000, 2, 2022, 5, 1);
INSERT INTO public.forecast (amount, month, real_value, value, version, year, place_id, rate_id) VALUES (1.000, 9, 48.329, 50.000, 2, 2022, 5, 2);
INSERT INTO public.forecast (amount, month, real_value, value, version, year, place_id, rate_id) VALUES (23.591, 9, 170.242, 165.137, 2, 2022, 5, 4);
INSERT INTO public.forecast (amount, month, real_value, value, version, year, place_id, rate_id) VALUES (45.229, 9, 187.138, 180.916, 2, 2022, 5, 5);
INSERT INTO public.forecast (amount, month, real_value, value, version, year, place_id, rate_id) VALUES (68.000, 10, 324.407, 340.000, 2, 2022, 5, 3);
INSERT INTO public.forecast (amount, month, real_value, value, version, year, place_id, rate_id) VALUES (2.000, 9, 54.361, 56.000, 2, 2022, 5, 7);
INSERT INTO public.forecast (amount, month, real_value, value, version, year, place_id, rate_id) VALUES (2.000, 9, 9.790, 10.000, 2, 2022, 5, 8);
INSERT INTO public.forecast (amount, month, real_value, value, version, year, place_id, rate_id) VALUES (1.000, 10, 101.858, 100.000, 2, 2022, 5, 1);
INSERT INTO public.forecast (amount, month, real_value, value, version, year, place_id, rate_id) VALUES (1.000, 9, 241.005, 250.000, 2, 2022, 5, 10);
INSERT INTO public.forecast (amount, month, real_value, value, version, year, place_id, rate_id) VALUES (1.000, 10, 50.393, 50.000, 2, 2022, 5, 2);
INSERT INTO public.forecast (amount, month, real_value, value, version, year, place_id, rate_id) VALUES (24.780, 10, 165.884, 173.460, 2, 2022, 5, 4);
INSERT INTO public.forecast (amount, month, real_value, value, version, year, place_id, rate_id) VALUES (68.000, 11, 347.944, 340.000, 2, 2022, 5, 3);
INSERT INTO public.forecast (amount, month, real_value, value, version, year, place_id, rate_id) VALUES (2.000, 10, 10.301, 10.000, 2, 2022, 5, 8);
INSERT INTO public.forecast (amount, month, real_value, value, version, year, place_id, rate_id) VALUES (1.000, 11, 99.434, 100.000, 2, 2022, 5, 1);
INSERT INTO public.forecast (amount, month, real_value, value, version, year, place_id, rate_id) VALUES (1.000, 11, 48.148, 50.000, 2, 2022, 5, 2);
INSERT INTO public.forecast (amount, month, real_value, value, version, year, place_id, rate_id) VALUES (2.000, 10, 54.607, 56.000, 2, 2022, 5, 7);
INSERT INTO public.forecast (amount, month, real_value, value, version, year, place_id, rate_id) VALUES (36.390, 10, 145.206, 145.560, 2, 2022, 5, 5);
INSERT INTO public.forecast (amount, month, real_value, value, version, year, place_id, rate_id) VALUES (1.000, 10, 250.950, 250.000, 2, 2022, 5, 10);
INSERT INTO public.forecast (amount, month, real_value, value, version, year, place_id, rate_id) VALUES (22.785, 11, 165.237, 159.495, 2, 2022, 5, 4);
INSERT INTO public.forecast (amount, month, real_value, value, version, year, place_id, rate_id) VALUES (1.000, 11, 255.637, 250.000, 2, 2022, 5, 10);
INSERT INTO public.forecast (amount, month, real_value, value, version, year, place_id, rate_id) VALUES (1.000, 0, 48.315, 50.000, 2, 2022, 6, 2);
INSERT INTO public.forecast (amount, month, real_value, value, version, year, place_id, rate_id) VALUES (1.000, 0, 99.847, 100.000, 2, 2022, 6, 1);
INSERT INTO public.forecast (amount, month, real_value, value, version, year, place_id, rate_id) VALUES (2.000, 11, 55.084, 56.000, 2, 2022, 5, 7);
INSERT INTO public.forecast (amount, month, real_value, value, version, year, place_id, rate_id) VALUES (2.000, 11, 10.109, 10.000, 2, 2022, 5, 8);
INSERT INTO public.forecast (amount, month, real_value, value, version, year, place_id, rate_id) VALUES (97.000, 0, 476.363, 485.000, 2, 2022, 6, 3);
INSERT INTO public.forecast (amount, month, real_value, value, version, year, place_id, rate_id) VALUES (31.434, 11, 124.095, 125.736, 2, 2022, 5, 5);
INSERT INTO public.forecast (amount, month, real_value, value, version, year, place_id, rate_id) VALUES (13.826, 0, 98.555, 96.782, 2, 2022, 6, 4);
INSERT INTO public.forecast (amount, month, real_value, value, version, year, place_id, rate_id) VALUES (1.000, 1, 49.001, 50.000, 2, 2022, 6, 2);
INSERT INTO public.forecast (amount, month, real_value, value, version, year, place_id, rate_id) VALUES (3.000, 0, 15.679, 15.000, 2, 2022, 6, 8);
INSERT INTO public.forecast (amount, month, real_value, value, version, year, place_id, rate_id) VALUES (20.057, 0, 82.772, 80.228, 2, 2022, 6, 5);
INSERT INTO public.forecast (amount, month, real_value, value, version, year, place_id, rate_id) VALUES (1.000, 1, 103.890, 100.000, 2, 2022, 6, 1);
INSERT INTO public.forecast (amount, month, real_value, value, version, year, place_id, rate_id) VALUES (97.000, 1, 469.671, 485.000, 2, 2022, 6, 3);
INSERT INTO public.forecast (amount, month, real_value, value, version, year, place_id, rate_id) VALUES (3.000, 0, 83.196, 84.000, 2, 2022, 6, 7);
INSERT INTO public.forecast (amount, month, real_value, value, version, year, place_id, rate_id) VALUES (1.000, 0, 8.931, 9.000, 2, 2022, 6, 9);
INSERT INTO public.forecast (amount, month, real_value, value, version, year, place_id, rate_id) VALUES (29.596, 1, 216.930, 207.172, 2, 2022, 6, 4);
INSERT INTO public.forecast (amount, month, real_value, value, version, year, place_id, rate_id) VALUES (1.000, 2, 100.388, 100.000, 2, 2022, 6, 1);
INSERT INTO public.forecast (amount, month, real_value, value, version, year, place_id, rate_id) VALUES (1.000, 2, 49.607, 50.000, 2, 2022, 6, 2);
INSERT INTO public.forecast (amount, month, real_value, value, version, year, place_id, rate_id) VALUES (1.000, 1, 9.188, 9.000, 2, 2022, 6, 9);
INSERT INTO public.forecast (amount, month, real_value, value, version, year, place_id, rate_id) VALUES (3.000, 1, 15.437, 15.000, 2, 2022, 6, 8);
INSERT INTO public.forecast (amount, month, real_value, value, version, year, place_id, rate_id) VALUES (31.976, 1, 129.024, 127.904, 2, 2022, 6, 5);
INSERT INTO public.forecast (amount, month, real_value, value, version, year, place_id, rate_id) VALUES (3.000, 1, 86.751, 84.000, 2, 2022, 6, 7);
INSERT INTO public.forecast (amount, month, real_value, value, version, year, place_id, rate_id) VALUES (97.000, 2, 476.138, 485.000, 2, 2022, 6, 3);
INSERT INTO public.forecast (amount, month, real_value, value, version, year, place_id, rate_id) VALUES (45.477, 2, 337.233, 318.339, 2, 2022, 6, 4);
INSERT INTO public.forecast (amount, month, real_value, value, version, year, place_id, rate_id) VALUES (1.000, 2, 8.684, 9.000, 2, 2022, 6, 9);
INSERT INTO public.forecast (amount, month, real_value, value, version, year, place_id, rate_id) VALUES (3.000, 2, 14.617, 15.000, 2, 2022, 6, 8);
INSERT INTO public.forecast (amount, month, real_value, value, version, year, place_id, rate_id) VALUES (1.000, 3, 105.032, 100.000, 2, 2022, 6, 1);
INSERT INTO public.forecast (amount, month, real_value, value, version, year, place_id, rate_id) VALUES (50.747, 2, 200.265, 202.988, 2, 2022, 6, 5);
INSERT INTO public.forecast (amount, month, real_value, value, version, year, place_id, rate_id) VALUES (3.000, 2, 80.651, 84.000, 2, 2022, 6, 7);
INSERT INTO public.forecast (amount, month, real_value, value, version, year, place_id, rate_id) VALUES (97.000, 3, 466.515, 485.000, 2, 2022, 6, 3);
INSERT INTO public.forecast (amount, month, real_value, value, version, year, place_id, rate_id) VALUES (1.000, 3, 47.820, 50.000, 2, 2022, 6, 2);
INSERT INTO public.forecast (amount, month, real_value, value, version, year, place_id, rate_id) VALUES (24.630, 3, 175.540, 172.410, 2, 2022, 6, 4);
INSERT INTO public.forecast (amount, month, real_value, value, version, year, place_id, rate_id) VALUES (1.000, 4, 50.085, 50.000, 2, 2022, 6, 2);
INSERT INTO public.forecast (amount, month, real_value, value, version, year, place_id, rate_id) VALUES (97.000, 4, 473.887, 485.000, 2, 2022, 6, 3);
INSERT INTO public.forecast (amount, month, real_value, value, version, year, place_id, rate_id) VALUES (1.000, 4, 99.453, 100.000, 2, 2022, 6, 1);
INSERT INTO public.forecast (amount, month, real_value, value, version, year, place_id, rate_id) VALUES (3.000, 3, 15.039, 15.000, 2, 2022, 6, 8);
INSERT INTO public.forecast (amount, month, real_value, value, version, year, place_id, rate_id) VALUES (25.110, 3, 97.048, 100.440, 2, 2022, 6, 5);
INSERT INTO public.forecast (amount, month, real_value, value, version, year, place_id, rate_id) VALUES (3.000, 3, 84.323, 84.000, 2, 2022, 6, 7);
INSERT INTO public.forecast (amount, month, real_value, value, version, year, place_id, rate_id) VALUES (1.000, 3, 8.844, 9.000, 2, 2022, 6, 9);
INSERT INTO public.forecast (amount, month, real_value, value, version, year, place_id, rate_id) VALUES (27.900, 4, 180.748, 195.300, 2, 2022, 6, 4);
INSERT INTO public.forecast (amount, month, real_value, value, version, year, place_id, rate_id) VALUES (3.000, 4, 14.672, 15.000, 2, 2022, 6, 8);
INSERT INTO public.forecast (amount, month, real_value, value, version, year, place_id, rate_id) VALUES (97.000, 5, 462.793, 485.000, 2, 2022, 6, 3);
INSERT INTO public.forecast (amount, month, real_value, value, version, year, place_id, rate_id) VALUES (1.000, 4, 9.100, 9.000, 2, 2022, 6, 9);
INSERT INTO public.forecast (amount, month, real_value, value, version, year, place_id, rate_id) VALUES (36.115, 4, 145.495, 144.460, 2, 2022, 6, 5);
INSERT INTO public.forecast (amount, month, real_value, value, version, year, place_id, rate_id) VALUES (1.000, 5, 48.107, 50.000, 2, 2022, 6, 2);
INSERT INTO public.forecast (amount, month, real_value, value, version, year, place_id, rate_id) VALUES (1.000, 5, 104.140, 100.000, 2, 2022, 6, 1);
INSERT INTO public.forecast (amount, month, real_value, value, version, year, place_id, rate_id) VALUES (3.000, 4, 85.168, 84.000, 2, 2022, 6, 7);
INSERT INTO public.forecast (amount, month, real_value, value, version, year, place_id, rate_id) VALUES (35.910, 5, 253.984, 251.370, 2, 2022, 6, 4);
INSERT INTO public.forecast (amount, month, real_value, value, version, year, place_id, rate_id) VALUES (1.000, 5, 8.916, 9.000, 2, 2022, 6, 9);
INSERT INTO public.forecast (amount, month, real_value, value, version, year, place_id, rate_id) VALUES (1.000, 6, 48.528, 50.000, 2, 2022, 6, 2);
INSERT INTO public.forecast (amount, month, real_value, value, version, year, place_id, rate_id) VALUES (97.000, 6, 475.047, 485.000, 2, 2022, 6, 3);
INSERT INTO public.forecast (amount, month, real_value, value, version, year, place_id, rate_id) VALUES (43.530, 5, 182.435, 174.120, 2, 2022, 6, 5);
INSERT INTO public.forecast (amount, month, real_value, value, version, year, place_id, rate_id) VALUES (3.000, 5, 85.747, 84.000, 2, 2022, 6, 7);
INSERT INTO public.forecast (amount, month, real_value, value, version, year, place_id, rate_id) VALUES (1.000, 6, 97.981, 100.000, 2, 2022, 6, 1);
INSERT INTO public.forecast (amount, month, real_value, value, version, year, place_id, rate_id) VALUES (3.000, 5, 14.264, 15.000, 2, 2022, 6, 8);
INSERT INTO public.forecast (amount, month, real_value, value, version, year, place_id, rate_id) VALUES (36.053, 6, 255.406, 252.371, 2, 2022, 6, 4);
INSERT INTO public.forecast (amount, month, real_value, value, version, year, place_id, rate_id) VALUES (38.285, 6, 159.143, 153.140, 2, 2022, 6, 5);
INSERT INTO public.forecast (amount, month, real_value, value, version, year, place_id, rate_id) VALUES (3.000, 6, 14.329, 15.000, 2, 2022, 6, 8);
INSERT INTO public.forecast (amount, month, real_value, value, version, year, place_id, rate_id) VALUES (1.000, 6, 9.204, 9.000, 2, 2022, 6, 9);
INSERT INTO public.forecast (amount, month, real_value, value, version, year, place_id, rate_id) VALUES (97.000, 7, 481.962, 485.000, 2, 2022, 6, 3);
INSERT INTO public.forecast (amount, month, real_value, value, version, year, place_id, rate_id) VALUES (3.000, 6, 88.096, 84.000, 2, 2022, 6, 7);
INSERT INTO public.forecast (amount, month, real_value, value, version, year, place_id, rate_id) VALUES (1.000, 7, 50.936, 50.000, 2, 2022, 6, 2);
INSERT INTO public.forecast (amount, month, real_value, value, version, year, place_id, rate_id) VALUES (1.000, 7, 98.943, 100.000, 2, 2022, 6, 1);
INSERT INTO public.forecast (amount, month, real_value, value, version, year, place_id, rate_id) VALUES (20.925, 7, 147.638, 146.475, 2, 2022, 6, 4);
INSERT INTO public.forecast (amount, month, real_value, value, version, year, place_id, rate_id) VALUES (29.326, 7, 119.144, 117.304, 2, 2022, 6, 5);
INSERT INTO public.forecast (amount, month, real_value, value, version, year, place_id, rate_id) VALUES (1.000, 7, 9.018, 9.000, 2, 2022, 6, 9);
INSERT INTO public.forecast (amount, month, real_value, value, version, year, place_id, rate_id) VALUES (3.000, 7, 82.642, 84.000, 2, 2022, 6, 7);
INSERT INTO public.forecast (amount, month, real_value, value, version, year, place_id, rate_id) VALUES (3.000, 7, 14.648, 15.000, 2, 2022, 6, 8);
INSERT INTO public.forecast (amount, month, real_value, value, version, year, place_id, rate_id) VALUES (97.000, 8, 479.050, 485.000, 2, 2022, 6, 3);
INSERT INTO public.forecast (amount, month, real_value, value, version, year, place_id, rate_id) VALUES (1.000, 8, 52.155, 50.000, 2, 2022, 6, 2);
INSERT INTO public.forecast (amount, month, real_value, value, version, year, place_id, rate_id) VALUES (1.000, 8, 104.426, 100.000, 2, 2022, 6, 1);
INSERT INTO public.forecast (amount, month, real_value, value, version, year, place_id, rate_id) VALUES (20.970, 8, 137.379, 146.790, 2, 2022, 6, 4);
INSERT INTO public.forecast (amount, month, real_value, value, version, year, place_id, rate_id) VALUES (3.000, 8, 14.402, 15.000, 2, 2022, 6, 8);
INSERT INTO public.forecast (amount, month, real_value, value, version, year, place_id, rate_id) VALUES (1.000, 9, 48.329, 50.000, 2, 2022, 6, 2);
INSERT INTO public.forecast (amount, month, real_value, value, version, year, place_id, rate_id) VALUES (1.000, 8, 9.327, 9.000, 2, 2022, 6, 9);
INSERT INTO public.forecast (amount, month, real_value, value, version, year, place_id, rate_id) VALUES (97.000, 9, 475.585, 485.000, 2, 2022, 6, 3);
INSERT INTO public.forecast (amount, month, real_value, value, version, year, place_id, rate_id) VALUES (1.000, 9, 104.564, 100.000, 2, 2022, 6, 1);
INSERT INTO public.forecast (amount, month, real_value, value, version, year, place_id, rate_id) VALUES (3.000, 8, 87.294, 84.000, 2, 2022, 6, 7);
INSERT INTO public.forecast (amount, month, real_value, value, version, year, place_id, rate_id) VALUES (36.030, 8, 148.794, 144.120, 2, 2022, 6, 5);
INSERT INTO public.forecast (amount, month, real_value, value, version, year, place_id, rate_id) VALUES (26.381, 9, 190.321, 184.667, 2, 2022, 6, 4);
INSERT INTO public.forecast (amount, month, real_value, value, version, year, place_id, rate_id) VALUES (97.000, 10, 462.329, 485.000, 2, 2022, 6, 3);
INSERT INTO public.forecast (amount, month, real_value, value, version, year, place_id, rate_id) VALUES (1.000, 10, 101.858, 100.000, 2, 2022, 6, 1);
INSERT INTO public.forecast (amount, month, real_value, value, version, year, place_id, rate_id) VALUES (3.000, 9, 14.684, 15.000, 2, 2022, 6, 8);
INSERT INTO public.forecast (amount, month, real_value, value, version, year, place_id, rate_id) VALUES (36.549, 9, 151.630, 146.196, 2, 2022, 6, 5);
INSERT INTO public.forecast (amount, month, real_value, value, version, year, place_id, rate_id) VALUES (3.000, 9, 81.056, 84.000, 2, 2022, 6, 7);
INSERT INTO public.forecast (amount, month, real_value, value, version, year, place_id, rate_id) VALUES (1.000, 9, 8.989, 9.000, 2, 2022, 6, 9);
INSERT INTO public.forecast (amount, month, real_value, value, version, year, place_id, rate_id) VALUES (1.000, 10, 50.393, 50.000, 2, 2022, 6, 2);
INSERT INTO public.forecast (amount, month, real_value, value, version, year, place_id, rate_id) VALUES (22.770, 10, 152.060, 159.390, 2, 2022, 6, 4);
INSERT INTO public.forecast (amount, month, real_value, value, version, year, place_id, rate_id) VALUES (3.000, 10, 15.451, 15.000, 2, 2022, 6, 8);
INSERT INTO public.forecast (amount, month, real_value, value, version, year, place_id, rate_id) VALUES (3.000, 10, 81.424, 84.000, 2, 2022, 6, 7);
INSERT INTO public.forecast (amount, month, real_value, value, version, year, place_id, rate_id) VALUES (29.490, 10, 117.434, 117.960, 2, 2022, 6, 5);
INSERT INTO public.forecast (amount, month, real_value, value, version, year, place_id, rate_id) VALUES (1.000, 10, 9.239, 9.000, 2, 2022, 6, 9);
INSERT INTO public.forecast (amount, month, real_value, value, version, year, place_id, rate_id) VALUES (1.000, 11, 48.148, 50.000, 2, 2022, 6, 2);
INSERT INTO public.forecast (amount, month, real_value, value, version, year, place_id, rate_id) VALUES (1.000, 11, 99.434, 100.000, 2, 2022, 6, 1);
INSERT INTO public.forecast (amount, month, real_value, value, version, year, place_id, rate_id) VALUES (97.000, 11, 495.872, 485.000, 2, 2022, 6, 3);
INSERT INTO public.forecast (amount, month, real_value, value, version, year, place_id, rate_id) VALUES (28.551, 11, 206.753, 199.857, 2, 2022, 6, 4);
INSERT INTO public.forecast (amount, month, real_value, value, version, year, place_id, rate_id) VALUES (3.000, 11, 82.134, 84.000, 2, 2022, 6, 7);
INSERT INTO public.forecast (amount, month, real_value, value, version, year, place_id, rate_id) VALUES (3.000, 11, 15.163, 15.000, 2, 2022, 6, 8);
INSERT INTO public.forecast (amount, month, real_value, value, version, year, place_id, rate_id) VALUES (1.000, 11, 8.961, 9.000, 2, 2022, 6, 9);
INSERT INTO public.forecast (amount, month, real_value, value, version, year, place_id, rate_id) VALUES (29.884, 11, 118.454, 119.536, 2, 2022, 6, 5);
INSERT INTO public.forecast (amount, month, real_value, value, version, year, place_id, rate_id) VALUES (4.000, 6, null, 270.000, 1, 2023, 1, 3);
INSERT INTO public.forecast (amount, month, real_value, value, version, year, place_id, rate_id) VALUES (1.000, 6, null, 50.000, 1, 2023, 1, 2);
INSERT INTO public.forecast (amount, month, real_value, value, version, year, place_id, rate_id) VALUES (1.000, 6, null, 100.000, 1, 2023, 1, 1);
INSERT INTO public.forecast (amount, month, real_value, value, version, year, place_id, rate_id) VALUES (5.097, 6, null, 105.679, 1, 2023, 1, 4);
INSERT INTO public.forecast (amount, month, real_value, value, version, year, place_id, rate_id) VALUES (1.000, 7, null, 50.000, 1, 2023, 1, 2);
INSERT INTO public.forecast (amount, month, real_value, value, version, year, place_id, rate_id) VALUES (1.000, 6, null, 112.000, 1, 2023, 1, 7);
INSERT INTO public.forecast (amount, month, real_value, value, version, year, place_id, rate_id) VALUES (1.000, 6, null, 250.000, 1, 2023, 1, 10);
INSERT INTO public.forecast (amount, month, real_value, value, version, year, place_id, rate_id) VALUES (1.000, 7, null, 100.000, 1, 2023, 1, 1);
INSERT INTO public.forecast (amount, month, real_value, value, version, year, place_id, rate_id) VALUES (4.973, 6, null, 59.892, 1, 2023, 1, 5);
INSERT INTO public.forecast (amount, month, real_value, value, version, year, place_id, rate_id) VALUES (1.000, 6, null, 20.000, 1, 2023, 1, 6);
INSERT INTO public.forecast (amount, month, real_value, value, version, year, place_id, rate_id) VALUES (4.000, 7, null, 270.000, 1, 2023, 1, 3);
INSERT INTO public.forecast (amount, month, real_value, value, version, year, place_id, rate_id) VALUES (21.328, 7, null, 149.296, 1, 2023, 1, 4);
INSERT INTO public.forecast (amount, month, real_value, value, version, year, place_id, rate_id) VALUES (1.000, 7, null, 112.000, 1, 2023, 1, 7);
INSERT INTO public.forecast (amount, month, real_value, value, version, year, place_id, rate_id) VALUES (1.000, 8, null, 50.000, 1, 2023, 1, 2);
INSERT INTO public.forecast (amount, month, real_value, value, version, year, place_id, rate_id) VALUES (11.129, 7, null, 44.516, 1, 2023, 1, 5);
INSERT INTO public.forecast (amount, month, real_value, value, version, year, place_id, rate_id) VALUES (1.000, 7, null, 250.000, 1, 2023, 1, 10);
INSERT INTO public.forecast (amount, month, real_value, value, version, year, place_id, rate_id) VALUES (1.000, 8, null, 100.000, 1, 2023, 1, 1);
INSERT INTO public.forecast (amount, month, real_value, value, version, year, place_id, rate_id) VALUES (1.000, 7, null, 20.000, 1, 2023, 1, 6);
INSERT INTO public.forecast (amount, month, real_value, value, version, year, place_id, rate_id) VALUES (4.000, 8, null, 270.000, 1, 2023, 1, 3);
INSERT INTO public.forecast (amount, month, real_value, value, version, year, place_id, rate_id) VALUES (30.390, 8, null, 212.730, 1, 2023, 1, 4);
INSERT INTO public.forecast (amount, month, real_value, value, version, year, place_id, rate_id) VALUES (1.000, 8, null, 112.000, 1, 2023, 1, 7);
INSERT INTO public.forecast (amount, month, real_value, value, version, year, place_id, rate_id) VALUES (1.000, 8, null, 250.000, 1, 2023, 1, 10);
INSERT INTO public.forecast (amount, month, real_value, value, version, year, place_id, rate_id) VALUES (1.000, 8, null, 20.000, 1, 2023, 1, 6);
INSERT INTO public.forecast (amount, month, real_value, value, version, year, place_id, rate_id) VALUES (4.000, 9, null, 270.000, 1, 2023, 1, 3);
INSERT INTO public.forecast (amount, month, real_value, value, version, year, place_id, rate_id) VALUES (1.000, 9, null, 50.000, 1, 2023, 1, 2);
INSERT INTO public.forecast (amount, month, real_value, value, version, year, place_id, rate_id) VALUES (14.700, 8, null, 58.800, 1, 2023, 1, 5);
INSERT INTO public.forecast (amount, month, real_value, value, version, year, place_id, rate_id) VALUES (.000, 9, null, 100.000, 1, 2023, 1, 1);
INSERT INTO public.forecast (amount, month, real_value, value, version, year, place_id, rate_id) VALUES (2.307, 9, null, 86.149, 1, 2023, 1, 4);
INSERT INTO public.forecast (amount, month, real_value, value, version, year, place_id, rate_id) VALUES (1.000, 9, null, 20.000, 1, 2023, 1, 6);
INSERT INTO public.forecast (amount, month, real_value, value, version, year, place_id, rate_id) VALUES (1.000, 9, null, 250.000, 1, 2023, 1, 10);
INSERT INTO public.forecast (amount, month, real_value, value, version, year, place_id, rate_id) VALUES (1.000, 9, null, 112.000, 1, 2023, 1, 7);
INSERT INTO public.forecast (amount, month, real_value, value, version, year, place_id, rate_id) VALUES (15.190, 9, null, 60.760, 1, 2023, 1, 5);
INSERT INTO public.forecast (amount, month, real_value, value, version, year, place_id, rate_id) VALUES (1.000, 10, null, 100.000, 1, 2023, 1, 1);
INSERT INTO public.forecast (amount, month, real_value, value, version, year, place_id, rate_id) VALUES (1.000, 10, null, 50.000, 1, 2023, 1, 2);
INSERT INTO public.forecast (amount, month, real_value, value, version, year, place_id, rate_id) VALUES (4.000, 10, null, 270.000, 1, 2023, 1, 3);
INSERT INTO public.forecast (amount, month, real_value, value, version, year, place_id, rate_id) VALUES (1.910, 10, null, 83.370, 1, 2023, 1, 4);
INSERT INTO public.forecast (amount, month, real_value, value, version, year, place_id, rate_id) VALUES (2.660, 10, null, 50.640, 1, 2023, 1, 5);
INSERT INTO public.forecast (amount, month, real_value, value, version, year, place_id, rate_id) VALUES (1.000, 10, null, 250.000, 1, 2023, 1, 10);
INSERT INTO public.forecast (amount, month, real_value, value, version, year, place_id, rate_id) VALUES (1.000, 11, null, 50.000, 1, 2023, 1, 2);
INSERT INTO public.forecast (amount, month, real_value, value, version, year, place_id, rate_id) VALUES (1.000, 11, null, 100.000, 1, 2023, 1, 1);
INSERT INTO public.forecast (amount, month, real_value, value, version, year, place_id, rate_id) VALUES (4.000, 11, null, 270.000, 1, 2023, 1, 3);
INSERT INTO public.forecast (amount, month, real_value, value, version, year, place_id, rate_id) VALUES (1.000, 10, null, 112.000, 1, 2023, 1, 7);
INSERT INTO public.forecast (amount, month, real_value, value, version, year, place_id, rate_id) VALUES (1.000, 10, null, 20.000, 1, 2023, 1, 6);
INSERT INTO public.forecast (amount, month, real_value, value, version, year, place_id, rate_id) VALUES (23.498, 11, null, 164.486, 1, 2023, 1, 4);
INSERT INTO public.forecast (amount, month, real_value, value, version, year, place_id, rate_id) VALUES (1.000, 11, null, 112.000, 1, 2023, 1, 7);
INSERT INTO public.forecast (amount, month, real_value, value, version, year, place_id, rate_id) VALUES (38.595, 11, null, 154.380, 1, 2023, 1, 5);
INSERT INTO public.forecast (amount, month, real_value, value, version, year, place_id, rate_id) VALUES (1.000, 11, null, 20.000, 1, 2023, 1, 6);
INSERT INTO public.forecast (amount, month, real_value, value, version, year, place_id, rate_id) VALUES (1.000, 11, null, 250.000, 1, 2023, 1, 10);
INSERT INTO public.forecast (amount, month, real_value, value, version, year, place_id, rate_id) VALUES (1.000, 6, null, 50.000, 1, 2023, 2, 2);
INSERT INTO public.forecast (amount, month, real_value, value, version, year, place_id, rate_id) VALUES (0.000, 6, null, 200.000, 1, 2023, 2, 3);
INSERT INTO public.forecast (amount, month, real_value, value, version, year, place_id, rate_id) VALUES (1.000, 6, null, 100.000, 1, 2023, 2, 1);
INSERT INTO public.forecast (amount, month, real_value, value, version, year, place_id, rate_id) VALUES (1.031, 6, null, 217.217, 1, 2023, 2, 4);
INSERT INTO public.forecast (amount, month, real_value, value, version, year, place_id, rate_id) VALUES (1.000, 6, null, 84.000, 1, 2023, 2, 7);
INSERT INTO public.forecast (amount, month, real_value, value, version, year, place_id, rate_id) VALUES (20.677, 6, null, 82.708, 1, 2023, 2, 5);
INSERT INTO public.forecast (amount, month, real_value, value, version, year, place_id, rate_id) VALUES (0.000, 7, null, 200.000, 1, 2023, 2, 3);
INSERT INTO public.forecast (amount, month, real_value, value, version, year, place_id, rate_id) VALUES (1.000, 6, null, 250.000, 1, 2023, 2, 10);
INSERT INTO public.forecast (amount, month, real_value, value, version, year, place_id, rate_id) VALUES (1.000, 7, null, 100.000, 1, 2023, 2, 1);
INSERT INTO public.forecast (amount, month, real_value, value, version, year, place_id, rate_id) VALUES (1.000, 6, null, 20.000, 1, 2023, 2, 6);
INSERT INTO public.forecast (amount, month, real_value, value, version, year, place_id, rate_id) VALUES (1.000, 7, null, 50.000, 1, 2023, 2, 2);
INSERT INTO public.forecast (amount, month, real_value, value, version, year, place_id, rate_id) VALUES (20.987, 7, null, 146.909, 1, 2023, 2, 4);
INSERT INTO public.forecast (amount, month, real_value, value, version, year, place_id, rate_id) VALUES (1.000, 8, null, 50.000, 1, 2023, 2, 2);
INSERT INTO public.forecast (amount, month, real_value, value, version, year, place_id, rate_id) VALUES (9.362, 7, null, 37.448, 1, 2023, 2, 5);
INSERT INTO public.forecast (amount, month, real_value, value, version, year, place_id, rate_id) VALUES (1.000, 8, null, 100.000, 1, 2023, 2, 1);
INSERT INTO public.forecast (amount, month, real_value, value, version, year, place_id, rate_id) VALUES (1.000, 7, null, 84.000, 1, 2023, 2, 7);
INSERT INTO public.forecast (amount, month, real_value, value, version, year, place_id, rate_id) VALUES (1.000, 7, null, 250.000, 1, 2023, 2, 10);
INSERT INTO public.forecast (amount, month, real_value, value, version, year, place_id, rate_id) VALUES (0.000, 8, null, 200.000, 1, 2023, 2, 3);
INSERT INTO public.forecast (amount, month, real_value, value, version, year, place_id, rate_id) VALUES (1.000, 7, null, 20.000, 1, 2023, 2, 6);
INSERT INTO public.forecast (amount, month, real_value, value, version, year, place_id, rate_id) VALUES (20.310, 8, null, 142.170, 1, 2023, 2, 4);
INSERT INTO public.forecast (amount, month, real_value, value, version, year, place_id, rate_id) VALUES (1.000, 9, null, 50.000, 1, 2023, 2, 2);
INSERT INTO public.forecast (amount, month, real_value, value, version, year, place_id, rate_id) VALUES (1.000, 8, null, 84.000, 1, 2023, 2, 7);
INSERT INTO public.forecast (amount, month, real_value, value, version, year, place_id, rate_id) VALUES (1.000, 9, null, 100.000, 1, 2023, 2, 1);
INSERT INTO public.forecast (amount, month, real_value, value, version, year, place_id, rate_id) VALUES (9.060, 8, null, 36.240, 1, 2023, 2, 5);
INSERT INTO public.forecast (amount, month, real_value, value, version, year, place_id, rate_id) VALUES (1.000, 8, null, 250.000, 1, 2023, 2, 10);
INSERT INTO public.forecast (amount, month, real_value, value, version, year, place_id, rate_id) VALUES (1.000, 8, null, 20.000, 1, 2023, 2, 6);
INSERT INTO public.forecast (amount, month, real_value, value, version, year, place_id, rate_id) VALUES (0.000, 9, null, 200.000, 1, 2023, 2, 3);
INSERT INTO public.forecast (amount, month, real_value, value, version, year, place_id, rate_id) VALUES (.393, 9, null, 65.751, 1, 2023, 2, 4);
INSERT INTO public.forecast (amount, month, real_value, value, version, year, place_id, rate_id) VALUES (1.000, 9, null, 84.000, 1, 2023, 2, 7);
INSERT INTO public.forecast (amount, month, real_value, value, version, year, place_id, rate_id) VALUES (3.981, 9, null, 55.924, 1, 2023, 2, 5);
INSERT INTO public.forecast (amount, month, real_value, value, version, year, place_id, rate_id) VALUES (1.000, 9, null, 20.000, 1, 2023, 2, 6);
INSERT INTO public.forecast (amount, month, real_value, value, version, year, place_id, rate_id) VALUES (1.000, 9, null, 250.000, 1, 2023, 2, 10);
INSERT INTO public.forecast (amount, month, real_value, value, version, year, place_id, rate_id) VALUES (0.000, 10, null, 200.000, 1, 2023, 2, 3);
INSERT INTO public.forecast (amount, month, real_value, value, version, year, place_id, rate_id) VALUES (1.000, 10, null, 100.000, 1, 2023, 2, 1);
INSERT INTO public.forecast (amount, month, real_value, value, version, year, place_id, rate_id) VALUES (1.000, 10, null, 50.000, 1, 2023, 2, 2);
INSERT INTO public.forecast (amount, month, real_value, value, version, year, place_id, rate_id) VALUES (17.820, 10, null, 124.740, 1, 2023, 2, 4);
INSERT INTO public.forecast (amount, month, real_value, value, version, year, place_id, rate_id) VALUES (1.000, 11, null, 100.000, 1, 2023, 2, 1);
INSERT INTO public.forecast (amount, month, real_value, value, version, year, place_id, rate_id) VALUES (1.000, 10, null, 84.000, 1, 2023, 2, 7);
INSERT INTO public.forecast (amount, month, real_value, value, version, year, place_id, rate_id) VALUES (1.000, 11, null, 50.000, 1, 2023, 2, 2);
INSERT INTO public.forecast (amount, month, real_value, value, version, year, place_id, rate_id) VALUES (1.000, 10, null, 250.000, 1, 2023, 2, 10);
INSERT INTO public.forecast (amount, month, real_value, value, version, year, place_id, rate_id) VALUES (0.000, 11, null, 200.000, 1, 2023, 2, 3);
INSERT INTO public.forecast (amount, month, real_value, value, version, year, place_id, rate_id) VALUES (33.030, 10, null, 132.120, 1, 2023, 2, 5);
INSERT INTO public.forecast (amount, month, real_value, value, version, year, place_id, rate_id) VALUES (1.000, 10, null, 20.000, 1, 2023, 2, 6);
INSERT INTO public.forecast (amount, month, real_value, value, version, year, place_id, rate_id) VALUES (33.728, 11, null, 236.096, 1, 2023, 2, 4);
INSERT INTO public.forecast (amount, month, real_value, value, version, year, place_id, rate_id) VALUES (1.000, 11, null, 84.000, 1, 2023, 2, 7);
INSERT INTO public.forecast (amount, month, real_value, value, version, year, place_id, rate_id) VALUES (1.000, 11, null, 250.000, 1, 2023, 2, 10);
INSERT INTO public.forecast (amount, month, real_value, value, version, year, place_id, rate_id) VALUES (14.756, 11, null, 59.024, 1, 2023, 2, 5);
INSERT INTO public.forecast (amount, month, real_value, value, version, year, place_id, rate_id) VALUES (1.000, 11, null, 20.000, 1, 2023, 2, 6);
INSERT INTO public.forecast (amount, month, real_value, value, version, year, place_id, rate_id) VALUES (2.000, 6, null, 160.000, 1, 2023, 3, 3);
INSERT INTO public.forecast (amount, month, real_value, value, version, year, place_id, rate_id) VALUES (1.000, 6, null, 100.000, 1, 2023, 3, 1);
INSERT INTO public.forecast (amount, month, real_value, value, version, year, place_id, rate_id) VALUES (1.000, 6, null, 50.000, 1, 2023, 3, 2);
INSERT INTO public.forecast (amount, month, real_value, value, version, year, place_id, rate_id) VALUES (1.000, 7, null, 100.000, 1, 2023, 3, 1);
INSERT INTO public.forecast (amount, month, real_value, value, version, year, place_id, rate_id) VALUES (1.000, 6, null, 28.000, 1, 2023, 3, 7);
INSERT INTO public.forecast (amount, month, real_value, value, version, year, place_id, rate_id) VALUES (1.000, 6, null, 20.000, 1, 2023, 3, 6);
INSERT INTO public.forecast (amount, month, real_value, value, version, year, place_id, rate_id) VALUES (11.470, 6, null, 45.880, 1, 2023, 3, 5);
INSERT INTO public.forecast (amount, month, real_value, value, version, year, place_id, rate_id) VALUES (1.000, 6, null, 9.000, 1, 2023, 3, 9);
INSERT INTO public.forecast (amount, month, real_value, value, version, year, place_id, rate_id) VALUES (1.000, 7, null, 50.000, 1, 2023, 3, 2);
INSERT INTO public.forecast (amount, month, real_value, value, version, year, place_id, rate_id) VALUES (2.000, 7, null, 160.000, 1, 2023, 3, 3);
INSERT INTO public.forecast (amount, month, real_value, value, version, year, place_id, rate_id) VALUES (1.000, 8, null, 50.000, 1, 2023, 3, 2);
INSERT INTO public.forecast (amount, month, real_value, value, version, year, place_id, rate_id) VALUES (1.000, 8, null, 100.000, 1, 2023, 3, 1);
INSERT INTO public.forecast (amount, month, real_value, value, version, year, place_id, rate_id) VALUES (11.346, 7, null, 45.384, 1, 2023, 3, 5);
INSERT INTO public.forecast (amount, month, real_value, value, version, year, place_id, rate_id) VALUES (2.000, 8, null, 160.000, 1, 2023, 3, 3);
INSERT INTO public.forecast (amount, month, real_value, value, version, year, place_id, rate_id) VALUES (1.000, 7, null, 20.000, 1, 2023, 3, 6);
INSERT INTO public.forecast (amount, month, real_value, value, version, year, place_id, rate_id) VALUES (1.000, 7, null, 9.000, 1, 2023, 3, 9);
INSERT INTO public.forecast (amount, month, real_value, value, version, year, place_id, rate_id) VALUES (1.000, 7, null, 28.000, 1, 2023, 3, 7);
INSERT INTO public.forecast (amount, month, real_value, value, version, year, place_id, rate_id) VALUES (1.000, 9, null, 50.000, 1, 2023, 3, 2);
INSERT INTO public.forecast (amount, month, real_value, value, version, year, place_id, rate_id) VALUES (1.000, 9, null, 100.000, 1, 2023, 3, 1);
INSERT INTO public.forecast (amount, month, real_value, value, version, year, place_id, rate_id) VALUES (9.690, 8, null, 158.760, 1, 2023, 3, 5);
INSERT INTO public.forecast (amount, month, real_value, value, version, year, place_id, rate_id) VALUES (1.000, 8, null, 20.000, 1, 2023, 3, 6);
INSERT INTO public.forecast (amount, month, real_value, value, version, year, place_id, rate_id) VALUES (1.000, 8, null, 9.000, 1, 2023, 3, 9);
INSERT INTO public.forecast (amount, month, real_value, value, version, year, place_id, rate_id) VALUES (2.000, 9, null, 160.000, 1, 2023, 3, 3);
INSERT INTO public.forecast (amount, month, real_value, value, version, year, place_id, rate_id) VALUES (1.000, 8, null, 28.000, 1, 2023, 3, 7);
INSERT INTO public.forecast (amount, month, real_value, value, version, year, place_id, rate_id) VALUES (1.000, 9, null, 28.000, 1, 2023, 3, 7);
INSERT INTO public.forecast (amount, month, real_value, value, version, year, place_id, rate_id) VALUES (1.000, 10, null, 50.000, 1, 2023, 3, 2);
INSERT INTO public.forecast (amount, month, real_value, value, version, year, place_id, rate_id) VALUES (1.000, 10, null, 100.000, 1, 2023, 3, 1);
INSERT INTO public.forecast (amount, month, real_value, value, version, year, place_id, rate_id) VALUES (2.000, 10, null, 160.000, 1, 2023, 3, 3);
INSERT INTO public.forecast (amount, month, real_value, value, version, year, place_id, rate_id) VALUES (1.000, 9, null, 9.000, 1, 2023, 3, 9);
INSERT INTO public.forecast (amount, month, real_value, value, version, year, place_id, rate_id) VALUES (1.000, 9, null, 20.000, 1, 2023, 3, 6);
INSERT INTO public.forecast (amount, month, real_value, value, version, year, place_id, rate_id) VALUES (0.274, 9, null, 81.096, 1, 2023, 3, 5);
INSERT INTO public.forecast (amount, month, real_value, value, version, year, place_id, rate_id) VALUES (1.000, 11, null, 50.000, 1, 2023, 3, 2);
INSERT INTO public.forecast (amount, month, real_value, value, version, year, place_id, rate_id) VALUES (1.000, 10, null, 28.000, 1, 2023, 3, 7);
INSERT INTO public.forecast (amount, month, real_value, value, version, year, place_id, rate_id) VALUES (1.000, 11, null, 100.000, 1, 2023, 3, 1);
INSERT INTO public.forecast (amount, month, real_value, value, version, year, place_id, rate_id) VALUES (2.000, 11, null, 160.000, 1, 2023, 3, 3);
INSERT INTO public.forecast (amount, month, real_value, value, version, year, place_id, rate_id) VALUES (1.000, 10, null, 20.000, 1, 2023, 3, 6);
INSERT INTO public.forecast (amount, month, real_value, value, version, year, place_id, rate_id) VALUES (1.000, 10, null, 9.000, 1, 2023, 3, 9);
INSERT INTO public.forecast (amount, month, real_value, value, version, year, place_id, rate_id) VALUES (20.520, 10, null, 82.080, 1, 2023, 3, 5);
INSERT INTO public.forecast (amount, month, real_value, value, version, year, place_id, rate_id) VALUES (1.000, 11, null, 9.000, 1, 2023, 3, 9);
INSERT INTO public.forecast (amount, month, real_value, value, version, year, place_id, rate_id) VALUES (1.000, 11, null, 28.000, 1, 2023, 3, 7);
INSERT INTO public.forecast (amount, month, real_value, value, version, year, place_id, rate_id) VALUES (8.804, 11, null, 35.216, 1, 2023, 3, 5);
INSERT INTO public.forecast (amount, month, real_value, value, version, year, place_id, rate_id) VALUES (1.000, 11, null, 20.000, 1, 2023, 3, 6);
INSERT INTO public.forecast (amount, month, real_value, value, version, year, place_id, rate_id) VALUES (17.000, 6, null, 585.000, 1, 2023, 4, 3);
INSERT INTO public.forecast (amount, month, real_value, value, version, year, place_id, rate_id) VALUES (1.000, 6, null, 50.000, 1, 2023, 4, 2);
INSERT INTO public.forecast (amount, month, real_value, value, version, year, place_id, rate_id) VALUES (1.000, 6, null, 100.000, 1, 2023, 4, 1);
INSERT INTO public.forecast (amount, month, real_value, value, version, year, place_id, rate_id) VALUES (1.000, 6, null, 140.000, 1, 2023, 4, 7);
INSERT INTO public.forecast (amount, month, real_value, value, version, year, place_id, rate_id) VALUES (17.000, 7, null, 585.000, 1, 2023, 4, 3);
INSERT INTO public.forecast (amount, month, real_value, value, version, year, place_id, rate_id) VALUES (1.000, 7, null, 100.000, 1, 2023, 4, 1);
INSERT INTO public.forecast (amount, month, real_value, value, version, year, place_id, rate_id) VALUES (1.000, 6, null, 25.000, 1, 2023, 4, 8);
INSERT INTO public.forecast (amount, month, real_value, value, version, year, place_id, rate_id) VALUES (1.000, 7, null, 50.000, 1, 2023, 4, 2);
INSERT INTO public.forecast (amount, month, real_value, value, version, year, place_id, rate_id) VALUES (1.000, 6, null, 9.000, 1, 2023, 4, 9);
INSERT INTO public.forecast (amount, month, real_value, value, version, year, place_id, rate_id) VALUES (5.451, 6, null, 101.804, 1, 2023, 4, 5);
INSERT INTO public.forecast (amount, month, real_value, value, version, year, place_id, rate_id) VALUES (17.000, 8, null, 585.000, 1, 2023, 4, 3);
INSERT INTO public.forecast (amount, month, real_value, value, version, year, place_id, rate_id) VALUES (43.617, 7, null, 174.468, 1, 2023, 4, 5);
INSERT INTO public.forecast (amount, month, real_value, value, version, year, place_id, rate_id) VALUES (1.000, 7, null, 9.000, 1, 2023, 4, 9);
INSERT INTO public.forecast (amount, month, real_value, value, version, year, place_id, rate_id) VALUES (1.000, 7, null, 140.000, 1, 2023, 4, 7);
INSERT INTO public.forecast (amount, month, real_value, value, version, year, place_id, rate_id) VALUES (1.000, 7, null, 25.000, 1, 2023, 4, 8);
INSERT INTO public.forecast (amount, month, real_value, value, version, year, place_id, rate_id) VALUES (1.000, 8, null, 100.000, 1, 2023, 4, 1);
INSERT INTO public.forecast (amount, month, real_value, value, version, year, place_id, rate_id) VALUES (1.000, 8, null, 50.000, 1, 2023, 4, 2);
INSERT INTO public.forecast (amount, month, real_value, value, version, year, place_id, rate_id) VALUES (1.000, 9, null, 50.000, 1, 2023, 4, 2);
INSERT INTO public.forecast (amount, month, real_value, value, version, year, place_id, rate_id) VALUES (1.000, 8, null, 25.000, 1, 2023, 4, 8);
INSERT INTO public.forecast (amount, month, real_value, value, version, year, place_id, rate_id) VALUES (17.000, 9, null, 585.000, 1, 2023, 4, 3);
INSERT INTO public.forecast (amount, month, real_value, value, version, year, place_id, rate_id) VALUES (1.000, 9, null, 100.000, 1, 2023, 4, 1);
INSERT INTO public.forecast (amount, month, real_value, value, version, year, place_id, rate_id) VALUES (1.000, 8, null, 140.000, 1, 2023, 4, 7);
INSERT INTO public.forecast (amount, month, real_value, value, version, year, place_id, rate_id) VALUES (1.000, 8, null, 9.000, 1, 2023, 4, 9);
INSERT INTO public.forecast (amount, month, real_value, value, version, year, place_id, rate_id) VALUES (23.280, 8, null, 93.120, 1, 2023, 4, 5);
INSERT INTO public.forecast (amount, month, real_value, value, version, year, place_id, rate_id) VALUES (2.754, 9, null, 91.016, 1, 2023, 4, 5);
INSERT INTO public.forecast (amount, month, real_value, value, version, year, place_id, rate_id) VALUES (1.000, 10, null, 100.000, 1, 2023, 4, 1);
INSERT INTO public.forecast (amount, month, real_value, value, version, year, place_id, rate_id) VALUES (1.000, 10, null, 50.000, 1, 2023, 4, 2);
INSERT INTO public.forecast (amount, month, real_value, value, version, year, place_id, rate_id) VALUES (1.000, 9, null, 25.000, 1, 2023, 4, 8);
INSERT INTO public.forecast (amount, month, real_value, value, version, year, place_id, rate_id) VALUES (17.000, 10, null, 585.000, 1, 2023, 4, 3);
INSERT INTO public.forecast (amount, month, real_value, value, version, year, place_id, rate_id) VALUES (1.000, 9, null, 9.000, 1, 2023, 4, 9);
INSERT INTO public.forecast (amount, month, real_value, value, version, year, place_id, rate_id) VALUES (1.000, 9, null, 140.000, 1, 2023, 4, 7);
INSERT INTO public.forecast (amount, month, real_value, value, version, year, place_id, rate_id) VALUES (1.000, 11, null, 50.000, 1, 2023, 4, 2);
INSERT INTO public.forecast (amount, month, real_value, value, version, year, place_id, rate_id) VALUES (3.200, 10, null, 52.800, 1, 2023, 4, 5);
INSERT INTO public.forecast (amount, month, real_value, value, version, year, place_id, rate_id) VALUES (1.000, 10, null, 25.000, 1, 2023, 4, 8);
INSERT INTO public.forecast (amount, month, real_value, value, version, year, place_id, rate_id) VALUES (1.000, 11, null, 100.000, 1, 2023, 4, 1);
INSERT INTO public.forecast (amount, month, real_value, value, version, year, place_id, rate_id) VALUES (1.000, 10, null, 9.000, 1, 2023, 4, 9);
INSERT INTO public.forecast (amount, month, real_value, value, version, year, place_id, rate_id) VALUES (1.000, 10, null, 140.000, 1, 2023, 4, 7);
INSERT INTO public.forecast (amount, month, real_value, value, version, year, place_id, rate_id) VALUES (17.000, 11, null, 585.000, 1, 2023, 4, 3);
INSERT INTO public.forecast (amount, month, real_value, value, version, year, place_id, rate_id) VALUES (1.000, 11, null, 140.000, 1, 2023, 4, 7);
INSERT INTO public.forecast (amount, month, real_value, value, version, year, place_id, rate_id) VALUES (5.526, 11, null, 142.104, 1, 2023, 4, 5);
INSERT INTO public.forecast (amount, month, real_value, value, version, year, place_id, rate_id) VALUES (1.000, 11, null, 9.000, 1, 2023, 4, 9);
INSERT INTO public.forecast (amount, month, real_value, value, version, year, place_id, rate_id) VALUES (1.000, 11, null, 25.000, 1, 2023, 4, 8);
INSERT INTO public.forecast (amount, month, real_value, value, version, year, place_id, rate_id) VALUES (1.000, 6, null, 100.000, 1, 2023, 5, 1);
INSERT INTO public.forecast (amount, month, real_value, value, version, year, place_id, rate_id) VALUES (1.000, 6, null, 50.000, 1, 2023, 5, 2);
INSERT INTO public.forecast (amount, month, real_value, value, version, year, place_id, rate_id) VALUES (8.000, 6, null, 340.000, 1, 2023, 5, 3);
INSERT INTO public.forecast (amount, month, real_value, value, version, year, place_id, rate_id) VALUES (.649, 6, null, 60.543, 1, 2023, 5, 4);
INSERT INTO public.forecast (amount, month, real_value, value, version, year, place_id, rate_id) VALUES (3.648, 6, null, 174.592, 1, 2023, 5, 5);
INSERT INTO public.forecast (amount, month, real_value, value, version, year, place_id, rate_id) VALUES (1.000, 6, null, 10.000, 1, 2023, 5, 8);
INSERT INTO public.forecast (amount, month, real_value, value, version, year, place_id, rate_id) VALUES (8.000, 7, null, 340.000, 1, 2023, 5, 3);
INSERT INTO public.forecast (amount, month, real_value, value, version, year, place_id, rate_id) VALUES (1.000, 6, null, 56.000, 1, 2023, 5, 7);
INSERT INTO public.forecast (amount, month, real_value, value, version, year, place_id, rate_id) VALUES (1.000, 7, null, 100.000, 1, 2023, 5, 1);
INSERT INTO public.forecast (amount, month, real_value, value, version, year, place_id, rate_id) VALUES (1.000, 7, null, 50.000, 1, 2023, 5, 2);
INSERT INTO public.forecast (amount, month, real_value, value, version, year, place_id, rate_id) VALUES (1.000, 6, null, 250.000, 1, 2023, 5, 10);
INSERT INTO public.forecast (amount, month, real_value, value, version, year, place_id, rate_id) VALUES (2.382, 7, null, 156.674, 1, 2023, 5, 4);
INSERT INTO public.forecast (amount, month, real_value, value, version, year, place_id, rate_id) VALUES (1.000, 8, null, 50.000, 1, 2023, 5, 2);
INSERT INTO public.forecast (amount, month, real_value, value, version, year, place_id, rate_id) VALUES (1.000, 8, null, 100.000, 1, 2023, 5, 1);
INSERT INTO public.forecast (amount, month, real_value, value, version, year, place_id, rate_id) VALUES (1.000, 7, null, 250.000, 1, 2023, 5, 10);
INSERT INTO public.forecast (amount, month, real_value, value, version, year, place_id, rate_id) VALUES (8.000, 8, null, 340.000, 1, 2023, 5, 3);
INSERT INTO public.forecast (amount, month, real_value, value, version, year, place_id, rate_id) VALUES (6.996, 7, null, 187.984, 1, 2023, 5, 5);
INSERT INTO public.forecast (amount, month, real_value, value, version, year, place_id, rate_id) VALUES (1.000, 7, null, 56.000, 1, 2023, 5, 7);
INSERT INTO public.forecast (amount, month, real_value, value, version, year, place_id, rate_id) VALUES (1.000, 7, null, 10.000, 1, 2023, 5, 8);
INSERT INTO public.forecast (amount, month, real_value, value, version, year, place_id, rate_id) VALUES (3.690, 8, null, 235.830, 1, 2023, 5, 4);
INSERT INTO public.forecast (amount, month, real_value, value, version, year, place_id, rate_id) VALUES (8.000, 9, null, 340.000, 1, 2023, 5, 3);
INSERT INTO public.forecast (amount, month, real_value, value, version, year, place_id, rate_id) VALUES (10.230, 8, null, 40.920, 1, 2023, 5, 5);
INSERT INTO public.forecast (amount, month, real_value, value, version, year, place_id, rate_id) VALUES (1.000, 8, null, 10.000, 1, 2023, 5, 8);
INSERT INTO public.forecast (amount, month, real_value, value, version, year, place_id, rate_id) VALUES (1.000, 8, null, 250.000, 1, 2023, 5, 10);
INSERT INTO public.forecast (amount, month, real_value, value, version, year, place_id, rate_id) VALUES (1.000, 9, null, 50.000, 1, 2023, 5, 2);
INSERT INTO public.forecast (amount, month, real_value, value, version, year, place_id, rate_id) VALUES (1.000, 9, null, 100.000, 1, 2023, 5, 1);
INSERT INTO public.forecast (amount, month, real_value, value, version, year, place_id, rate_id) VALUES (1.000, 8, null, 56.000, 1, 2023, 5, 7);
INSERT INTO public.forecast (amount, month, real_value, value, version, year, place_id, rate_id) VALUES (4.020, 9, null, 308.140, 1, 2023, 5, 4);
INSERT INTO public.forecast (amount, month, real_value, value, version, year, place_id, rate_id) VALUES (1.000, 10, null, 100.000, 1, 2023, 5, 1);
INSERT INTO public.forecast (amount, month, real_value, value, version, year, place_id, rate_id) VALUES (1.000, 9, null, 250.000, 1, 2023, 5, 10);
INSERT INTO public.forecast (amount, month, real_value, value, version, year, place_id, rate_id) VALUES (8.000, 10, null, 340.000, 1, 2023, 5, 3);
INSERT INTO public.forecast (amount, month, real_value, value, version, year, place_id, rate_id) VALUES (1.000, 10, null, 50.000, 1, 2023, 5, 2);
INSERT INTO public.forecast (amount, month, real_value, value, version, year, place_id, rate_id) VALUES (28.644, 9, null, 114.576, 1, 2023, 5, 5);
INSERT INTO public.forecast (amount, month, real_value, value, version, year, place_id, rate_id) VALUES (1.000, 9, null, 56.000, 1, 2023, 5, 7);
INSERT INTO public.forecast (amount, month, real_value, value, version, year, place_id, rate_id) VALUES (1.000, 9, null, 10.000, 1, 2023, 5, 8);
INSERT INTO public.forecast (amount, month, real_value, value, version, year, place_id, rate_id) VALUES (2.290, 10, null, 156.030, 1, 2023, 5, 4);
INSERT INTO public.forecast (amount, month, real_value, value, version, year, place_id, rate_id) VALUES (1.000, 10, null, 56.000, 1, 2023, 5, 7);
INSERT INTO public.forecast (amount, month, real_value, value, version, year, place_id, rate_id) VALUES (29.040, 10, null, 116.160, 1, 2023, 5, 5);
INSERT INTO public.forecast (amount, month, real_value, value, version, year, place_id, rate_id) VALUES (1.000, 10, null, 10.000, 1, 2023, 5, 8);
INSERT INTO public.forecast (amount, month, real_value, value, version, year, place_id, rate_id) VALUES (68.000, 11, null, 340.000, 1, 2023, 5, 3);
INSERT INTO public.forecast (amount, month, real_value, value, version, year, place_id, rate_id) VALUES (1.000, 11, null, 100.000, 1, 2023, 5, 1);
INSERT INTO public.forecast (amount, month, real_value, value, version, year, place_id, rate_id) VALUES (1.000, 11, null, 50.000, 1, 2023, 5, 2);
INSERT INTO public.forecast (amount, month, real_value, value, version, year, place_id, rate_id) VALUES (1.000, 10, null, 250.000, 1, 2023, 5, 10);
INSERT INTO public.forecast (amount, month, real_value, value, version, year, place_id, rate_id) VALUES (31.465, 11, null, 220.255, 1, 2023, 5, 4);
INSERT INTO public.forecast (amount, month, real_value, value, version, year, place_id, rate_id) VALUES (2.000, 11, null, 56.000, 1, 2023, 5, 7);
INSERT INTO public.forecast (amount, month, real_value, value, version, year, place_id, rate_id) VALUES (23.529, 11, null, 94.116, 1, 2023, 5, 5);
INSERT INTO public.forecast (amount, month, real_value, value, version, year, place_id, rate_id) VALUES (2.000, 11, null, 10.000, 1, 2023, 5, 8);
INSERT INTO public.forecast (amount, month, real_value, value, version, year, place_id, rate_id) VALUES (1.000, 11, null, 250.000, 1, 2023, 5, 10);
INSERT INTO public.forecast (amount, month, real_value, value, version, year, place_id, rate_id) VALUES (1.000, 6, null, 50.000, 1, 2023, 6, 2);
INSERT INTO public.forecast (amount, month, real_value, value, version, year, place_id, rate_id) VALUES (97.000, 6, null, 485.000, 1, 2023, 6, 3);
INSERT INTO public.forecast (amount, month, real_value, value, version, year, place_id, rate_id) VALUES (1.000, 6, null, 100.000, 1, 2023, 6, 1);
INSERT INTO public.forecast (amount, month, real_value, value, version, year, place_id, rate_id) VALUES (9.703, 6, null, 67.921, 1, 2023, 6, 4);
INSERT INTO public.forecast (amount, month, real_value, value, version, year, place_id, rate_id) VALUES (97.000, 7, null, 485.000, 1, 2023, 6, 3);
INSERT INTO public.forecast (amount, month, real_value, value, version, year, place_id, rate_id) VALUES (13.764, 6, null, 55.056, 1, 2023, 6, 5);
INSERT INTO public.forecast (amount, month, real_value, value, version, year, place_id, rate_id) VALUES (1.000, 6, null, 9.000, 1, 2023, 6, 9);
INSERT INTO public.forecast (amount, month, real_value, value, version, year, place_id, rate_id) VALUES (1.000, 7, null, 100.000, 1, 2023, 6, 1);
INSERT INTO public.forecast (amount, month, real_value, value, version, year, place_id, rate_id) VALUES (1.000, 7, null, 50.000, 1, 2023, 6, 2);
INSERT INTO public.forecast (amount, month, real_value, value, version, year, place_id, rate_id) VALUES (3.000, 6, null, 15.000, 1, 2023, 6, 8);
INSERT INTO public.forecast (amount, month, real_value, value, version, year, place_id, rate_id) VALUES (3.000, 6, null, 84.000, 1, 2023, 6, 7);
INSERT INTO public.forecast (amount, month, real_value, value, version, year, place_id, rate_id) VALUES (9.610, 7, null, 67.270, 1, 2023, 6, 4);
INSERT INTO public.forecast (amount, month, real_value, value, version, year, place_id, rate_id) VALUES (97.000, 8, null, 485.000, 1, 2023, 6, 3);
INSERT INTO public.forecast (amount, month, real_value, value, version, year, place_id, rate_id) VALUES (18.259, 7, null, 73.036, 1, 2023, 6, 5);
INSERT INTO public.forecast (amount, month, real_value, value, version, year, place_id, rate_id) VALUES (1.000, 7, null, 9.000, 1, 2023, 6, 9);
INSERT INTO public.forecast (amount, month, real_value, value, version, year, place_id, rate_id) VALUES (1.000, 8, null, 50.000, 1, 2023, 6, 2);
INSERT INTO public.forecast (amount, month, real_value, value, version, year, place_id, rate_id) VALUES (3.000, 7, null, 84.000, 1, 2023, 6, 7);
INSERT INTO public.forecast (amount, month, real_value, value, version, year, place_id, rate_id) VALUES (1.000, 8, null, 100.000, 1, 2023, 6, 1);
INSERT INTO public.forecast (amount, month, real_value, value, version, year, place_id, rate_id) VALUES (3.000, 7, null, 15.000, 1, 2023, 6, 8);
INSERT INTO public.forecast (amount, month, real_value, value, version, year, place_id, rate_id) VALUES (39.090, 8, null, 273.630, 1, 2023, 6, 4);
INSERT INTO public.forecast (amount, month, real_value, value, version, year, place_id, rate_id) VALUES (1.000, 9, null, 100.000, 1, 2023, 6, 1);
INSERT INTO public.forecast (amount, month, real_value, value, version, year, place_id, rate_id) VALUES (1.000, 8, null, 9.000, 1, 2023, 6, 9);
INSERT INTO public.forecast (amount, month, real_value, value, version, year, place_id, rate_id) VALUES (3.000, 8, null, 15.000, 1, 2023, 6, 8);
INSERT INTO public.forecast (amount, month, real_value, value, version, year, place_id, rate_id) VALUES (97.000, 9, null, 485.000, 1, 2023, 6, 3);
INSERT INTO public.forecast (amount, month, real_value, value, version, year, place_id, rate_id) VALUES (1.000, 9, null, 50.000, 1, 2023, 6, 2);
INSERT INTO public.forecast (amount, month, real_value, value, version, year, place_id, rate_id) VALUES (3.000, 8, null, 84.000, 1, 2023, 6, 7);
INSERT INTO public.forecast (amount, month, real_value, value, version, year, place_id, rate_id) VALUES (25.650, 8, null, 102.600, 1, 2023, 6, 5);
INSERT INTO public.forecast (amount, month, real_value, value, version, year, place_id, rate_id) VALUES (34.472, 9, null, 241.304, 1, 2023, 6, 4);
INSERT INTO public.forecast (amount, month, real_value, value, version, year, place_id, rate_id) VALUES (3.000, 9, null, 15.000, 1, 2023, 6, 8);
INSERT INTO public.forecast (amount, month, real_value, value, version, year, place_id, rate_id) VALUES (1.000, 9, null, 9.000, 1, 2023, 6, 9);
INSERT INTO public.forecast (amount, month, real_value, value, version, year, place_id, rate_id) VALUES (97.000, 10, null, 485.000, 1, 2023, 6, 3);
INSERT INTO public.forecast (amount, month, real_value, value, version, year, place_id, rate_id) VALUES (3.000, 9, null, 84.000, 1, 2023, 6, 7);
INSERT INTO public.forecast (amount, month, real_value, value, version, year, place_id, rate_id) VALUES (15.252, 9, null, 61.008, 1, 2023, 6, 5);
INSERT INTO public.forecast (amount, month, real_value, value, version, year, place_id, rate_id) VALUES (1.000, 10, null, 100.000, 1, 2023, 6, 1);
INSERT INTO public.forecast (amount, month, real_value, value, version, year, place_id, rate_id) VALUES (1.000, 10, null, 50.000, 1, 2023, 6, 2);
INSERT INTO public.forecast (amount, month, real_value, value, version, year, place_id, rate_id) VALUES (22.140, 10, null, 154.980, 1, 2023, 6, 4);
INSERT INTO public.forecast (amount, month, real_value, value, version, year, place_id, rate_id) VALUES (97.000, 11, null, 485.000, 1, 2023, 6, 3);
INSERT INTO public.forecast (amount, month, real_value, value, version, year, place_id, rate_id) VALUES (1.000, 10, null, 9.000, 1, 2023, 6, 9);
INSERT INTO public.forecast (amount, month, real_value, value, version, year, place_id, rate_id) VALUES (28.290, 10, null, 113.160, 1, 2023, 6, 5);
INSERT INTO public.forecast (amount, month, real_value, value, version, year, place_id, rate_id) VALUES (1.000, 11, null, 100.000, 1, 2023, 6, 1);
INSERT INTO public.forecast (amount, month, real_value, value, version, year, place_id, rate_id) VALUES (3.000, 10, null, 84.000, 1, 2023, 6, 7);
INSERT INTO public.forecast (amount, month, real_value, value, version, year, place_id, rate_id) VALUES (1.000, 11, null, 50.000, 1, 2023, 6, 2);
INSERT INTO public.forecast (amount, month, real_value, value, version, year, place_id, rate_id) VALUES (3.000, 10, null, 15.000, 1, 2023, 6, 8);
INSERT INTO public.forecast (amount, month, real_value, value, version, year, place_id, rate_id) VALUES (44.919, 11, null, 314.433, 1, 2023, 6, 4);
INSERT INTO public.forecast (amount, month, real_value, value, version, year, place_id, rate_id) VALUES (3.000, 11, null, 84.000, 1, 2023, 6, 7);
INSERT INTO public.forecast (amount, month, real_value, value, version, year, place_id, rate_id) VALUES (1.000, 11, null, 9.000, 1, 2023, 6, 9);
INSERT INTO public.forecast (amount, month, real_value, value, version, year, place_id, rate_id) VALUES (21.142, 11, null, 84.568, 1, 2023, 6, 5);
INSERT INTO public.forecast (amount, month, real_value, value, version, year, place_id, rate_id) VALUES (3.000, 11, null, 15.000, 1, 2023, 6, 8);
INSERT INTO public.forecast (amount, month, real_value, value, version, year, place_id, rate_id) VALUES (1.000, 0, 95.725, 100.000, 2, 2023, 1, 1);
INSERT INTO public.forecast (amount, month, real_value, value, version, year, place_id, rate_id) VALUES (1.000, 0, 95.725, 100.000, 2, 2023, 2, 1);
INSERT INTO public.forecast (amount, month, real_value, value, version, year, place_id, rate_id) VALUES (1.000, 0, 95.725, 100.000, 2, 2023, 3, 1);
INSERT INTO public.forecast (amount, month, real_value, value, version, year, place_id, rate_id) VALUES (1.000, 0, 95.725, 100.000, 2, 2023, 4, 1);
INSERT INTO public.forecast (amount, month, real_value, value, version, year, place_id, rate_id) VALUES (1.000, 0, 95.725, 100.000, 2, 2023, 5, 1);
INSERT INTO public.forecast (amount, month, real_value, value, version, year, place_id, rate_id) VALUES (1.000, 0, 95.725, 100.000, 2, 2023, 6, 1);
INSERT INTO public.forecast (amount, month, real_value, value, version, year, place_id, rate_id) VALUES (1.000, 1, 103.673, 100.000, 2, 2023, 1, 1);
INSERT INTO public.forecast (amount, month, real_value, value, version, year, place_id, rate_id) VALUES (1.000, 1, 103.673, 100.000, 2, 2023, 2, 1);
INSERT INTO public.forecast (amount, month, real_value, value, version, year, place_id, rate_id) VALUES (1.000, 1, 103.673, 100.000, 2, 2023, 3, 1);
INSERT INTO public.forecast (amount, month, real_value, value, version, year, place_id, rate_id) VALUES (1.000, 1, 103.673, 100.000, 2, 2023, 4, 1);
INSERT INTO public.forecast (amount, month, real_value, value, version, year, place_id, rate_id) VALUES (1.000, 1, 103.673, 100.000, 2, 2023, 5, 1);
INSERT INTO public.forecast (amount, month, real_value, value, version, year, place_id, rate_id) VALUES (1.000, 1, 103.673, 100.000, 2, 2023, 6, 1);
INSERT INTO public.forecast (amount, month, real_value, value, version, year, place_id, rate_id) VALUES (1.000, 2, 99.804, 100.000, 2, 2023, 1, 1);
INSERT INTO public.forecast (amount, month, real_value, value, version, year, place_id, rate_id) VALUES (1.000, 2, 99.804, 100.000, 2, 2023, 2, 1);
INSERT INTO public.forecast (amount, month, real_value, value, version, year, place_id, rate_id) VALUES (1.000, 2, 99.804, 100.000, 2, 2023, 3, 1);
INSERT INTO public.forecast (amount, month, real_value, value, version, year, place_id, rate_id) VALUES (1.000, 2, 99.804, 100.000, 2, 2023, 4, 1);
INSERT INTO public.forecast (amount, month, real_value, value, version, year, place_id, rate_id) VALUES (1.000, 2, 99.804, 100.000, 2, 2023, 5, 1);
INSERT INTO public.forecast (amount, month, real_value, value, version, year, place_id, rate_id) VALUES (1.000, 2, 99.804, 100.000, 2, 2023, 6, 1);
INSERT INTO public.forecast (amount, month, real_value, value, version, year, place_id, rate_id) VALUES (1.000, 3, 95.330, 100.000, 2, 2023, 1, 1);
INSERT INTO public.forecast (amount, month, real_value, value, version, year, place_id, rate_id) VALUES (1.000, 3, 95.330, 100.000, 2, 2023, 2, 1);
INSERT INTO public.forecast (amount, month, real_value, value, version, year, place_id, rate_id) VALUES (1.000, 3, 95.330, 100.000, 2, 2023, 3, 1);
INSERT INTO public.forecast (amount, month, real_value, value, version, year, place_id, rate_id) VALUES (1.000, 3, 95.330, 100.000, 2, 2023, 4, 1);
INSERT INTO public.forecast (amount, month, real_value, value, version, year, place_id, rate_id) VALUES (1.000, 3, 95.330, 100.000, 2, 2023, 5, 1);
INSERT INTO public.forecast (amount, month, real_value, value, version, year, place_id, rate_id) VALUES (1.000, 3, 95.330, 100.000, 2, 2023, 6, 1);
INSERT INTO public.forecast (amount, month, real_value, value, version, year, place_id, rate_id) VALUES (1.000, 4, 98.361, 100.000, 2, 2023, 1, 1);
INSERT INTO public.forecast (amount, month, real_value, value, version, year, place_id, rate_id) VALUES (1.000, 4, 98.361, 100.000, 2, 2023, 2, 1);
INSERT INTO public.forecast (amount, month, real_value, value, version, year, place_id, rate_id) VALUES (1.000, 4, 98.361, 100.000, 2, 2023, 3, 1);
INSERT INTO public.forecast (amount, month, real_value, value, version, year, place_id, rate_id) VALUES (1.000, 4, 98.361, 100.000, 2, 2023, 4, 1);
INSERT INTO public.forecast (amount, month, real_value, value, version, year, place_id, rate_id) VALUES (1.000, 4, 98.361, 100.000, 2, 2023, 5, 1);
INSERT INTO public.forecast (amount, month, real_value, value, version, year, place_id, rate_id) VALUES (1.000, 4, 98.361, 100.000, 2, 2023, 6, 1);
INSERT INTO public.forecast (amount, month, real_value, value, version, year, place_id, rate_id) VALUES (1.000, 5, 95.536, 100.000, 2, 2023, 1, 1);
INSERT INTO public.forecast (amount, month, real_value, value, version, year, place_id, rate_id) VALUES (1.000, 5, 95.536, 100.000, 2, 2023, 2, 1);
INSERT INTO public.forecast (amount, month, real_value, value, version, year, place_id, rate_id) VALUES (1.000, 5, 95.536, 100.000, 2, 2023, 3, 1);
INSERT INTO public.forecast (amount, month, real_value, value, version, year, place_id, rate_id) VALUES (1.000, 5, 95.536, 100.000, 2, 2023, 4, 1);
INSERT INTO public.forecast (amount, month, real_value, value, version, year, place_id, rate_id) VALUES (1.000, 5, 95.536, 100.000, 2, 2023, 5, 1);
INSERT INTO public.forecast (amount, month, real_value, value, version, year, place_id, rate_id) VALUES (1.000, 5, 95.536, 100.000, 2, 2023, 6, 1);
INSERT INTO public.forecast (amount, month, real_value, value, version, year, place_id, rate_id) VALUES (1.000, 0, 48.823, 50.000, 2, 2023, 1, 2);
INSERT INTO public.forecast (amount, month, real_value, value, version, year, place_id, rate_id) VALUES (1.000, 0, 48.823, 50.000, 2, 2023, 2, 2);
INSERT INTO public.forecast (amount, month, real_value, value, version, year, place_id, rate_id) VALUES (1.000, 0, 48.823, 50.000, 2, 2023, 3, 2);
INSERT INTO public.forecast (amount, month, real_value, value, version, year, place_id, rate_id) VALUES (1.000, 0, 48.823, 50.000, 2, 2023, 4, 2);
INSERT INTO public.forecast (amount, month, real_value, value, version, year, place_id, rate_id) VALUES (1.000, 0, 48.823, 50.000, 2, 2023, 5, 2);
INSERT INTO public.forecast (amount, month, real_value, value, version, year, place_id, rate_id) VALUES (1.000, 0, 48.823, 50.000, 2, 2023, 6, 2);
INSERT INTO public.forecast (amount, month, real_value, value, version, year, place_id, rate_id) VALUES (1.000, 1, 51.096, 50.000, 2, 2023, 1, 2);
INSERT INTO public.forecast (amount, month, real_value, value, version, year, place_id, rate_id) VALUES (1.000, 1, 51.096, 50.000, 2, 2023, 2, 2);
INSERT INTO public.forecast (amount, month, real_value, value, version, year, place_id, rate_id) VALUES (1.000, 1, 51.096, 50.000, 2, 2023, 3, 2);
INSERT INTO public.forecast (amount, month, real_value, value, version, year, place_id, rate_id) VALUES (1.000, 1, 51.096, 50.000, 2, 2023, 4, 2);
INSERT INTO public.forecast (amount, month, real_value, value, version, year, place_id, rate_id) VALUES (1.000, 1, 51.096, 50.000, 2, 2023, 5, 2);
INSERT INTO public.forecast (amount, month, real_value, value, version, year, place_id, rate_id) VALUES (1.000, 1, 51.096, 50.000, 2, 2023, 6, 2);
INSERT INTO public.forecast (amount, month, real_value, value, version, year, place_id, rate_id) VALUES (1.000, 2, 51.314, 50.000, 2, 2023, 1, 2);
INSERT INTO public.forecast (amount, month, real_value, value, version, year, place_id, rate_id) VALUES (1.000, 2, 51.314, 50.000, 2, 2023, 2, 2);
INSERT INTO public.forecast (amount, month, real_value, value, version, year, place_id, rate_id) VALUES (1.000, 2, 51.314, 50.000, 2, 2023, 3, 2);
INSERT INTO public.forecast (amount, month, real_value, value, version, year, place_id, rate_id) VALUES (1.000, 2, 51.314, 50.000, 2, 2023, 4, 2);
INSERT INTO public.forecast (amount, month, real_value, value, version, year, place_id, rate_id) VALUES (1.000, 2, 51.314, 50.000, 2, 2023, 5, 2);
INSERT INTO public.forecast (amount, month, real_value, value, version, year, place_id, rate_id) VALUES (1.000, 2, 51.314, 50.000, 2, 2023, 6, 2);
INSERT INTO public.forecast (amount, month, real_value, value, version, year, place_id, rate_id) VALUES (1.000, 3, 47.774, 50.000, 2, 2023, 1, 2);
INSERT INTO public.forecast (amount, month, real_value, value, version, year, place_id, rate_id) VALUES (1.000, 3, 47.774, 50.000, 2, 2023, 2, 2);
INSERT INTO public.forecast (amount, month, real_value, value, version, year, place_id, rate_id) VALUES (1.000, 3, 47.774, 50.000, 2, 2023, 3, 2);
INSERT INTO public.forecast (amount, month, real_value, value, version, year, place_id, rate_id) VALUES (1.000, 3, 47.774, 50.000, 2, 2023, 4, 2);
INSERT INTO public.forecast (amount, month, real_value, value, version, year, place_id, rate_id) VALUES (1.000, 3, 47.774, 50.000, 2, 2023, 5, 2);
INSERT INTO public.forecast (amount, month, real_value, value, version, year, place_id, rate_id) VALUES (1.000, 3, 47.774, 50.000, 2, 2023, 6, 2);
INSERT INTO public.forecast (amount, month, real_value, value, version, year, place_id, rate_id) VALUES (1.000, 4, 48.793, 50.000, 2, 2023, 1, 2);
INSERT INTO public.forecast (amount, month, real_value, value, version, year, place_id, rate_id) VALUES (1.000, 4, 48.793, 50.000, 2, 2023, 2, 2);
INSERT INTO public.forecast (amount, month, real_value, value, version, year, place_id, rate_id) VALUES (1.000, 4, 48.793, 50.000, 2, 2023, 3, 2);
INSERT INTO public.forecast (amount, month, real_value, value, version, year, place_id, rate_id) VALUES (1.000, 4, 48.793, 50.000, 2, 2023, 4, 2);
INSERT INTO public.forecast (amount, month, real_value, value, version, year, place_id, rate_id) VALUES (1.000, 4, 48.793, 50.000, 2, 2023, 5, 2);
INSERT INTO public.forecast (amount, month, real_value, value, version, year, place_id, rate_id) VALUES (1.000, 4, 48.793, 50.000, 2, 2023, 6, 2);
INSERT INTO public.forecast (amount, month, real_value, value, version, year, place_id, rate_id) VALUES (1.000, 5, 48.579, 50.000, 2, 2023, 1, 2);
INSERT INTO public.forecast (amount, month, real_value, value, version, year, place_id, rate_id) VALUES (1.000, 5, 48.579, 50.000, 2, 2023, 2, 2);
INSERT INTO public.forecast (amount, month, real_value, value, version, year, place_id, rate_id) VALUES (1.000, 5, 48.579, 50.000, 2, 2023, 3, 2);
INSERT INTO public.forecast (amount, month, real_value, value, version, year, place_id, rate_id) VALUES (1.000, 5, 48.579, 50.000, 2, 2023, 4, 2);
INSERT INTO public.forecast (amount, month, real_value, value, version, year, place_id, rate_id) VALUES (1.000, 5, 48.579, 50.000, 2, 2023, 5, 2);
INSERT INTO public.forecast (amount, month, real_value, value, version, year, place_id, rate_id) VALUES (1.000, 5, 48.579, 50.000, 2, 2023, 6, 2);
INSERT INTO public.forecast (amount, month, real_value, value, version, year, place_id, rate_id) VALUES (54.000, 0, 281.553, 270.000, 2, 2023, 1, 3);
INSERT INTO public.forecast (amount, month, real_value, value, version, year, place_id, rate_id) VALUES (40.000, 0, 209.577, 200.000, 2, 2023, 2, 3);
INSERT INTO public.forecast (amount, month, real_value, value, version, year, place_id, rate_id) VALUES (32.000, 0, 167.238, 160.000, 2, 2023, 3, 3);
INSERT INTO public.forecast (amount, month, real_value, value, version, year, place_id, rate_id) VALUES (117.000, 0, 607.562, 585.000, 2, 2023, 4, 3);
INSERT INTO public.forecast (amount, month, real_value, value, version, year, place_id, rate_id) VALUES (68.000, 0, 353.529, 340.000, 2, 2023, 5, 3);
INSERT INTO public.forecast (amount, month, real_value, value, version, year, place_id, rate_id) VALUES (97.000, 0, 503.832, 485.000, 2, 2023, 6, 3);
INSERT INTO public.forecast (amount, month, real_value, value, version, year, place_id, rate_id) VALUES (54.000, 1, 268.668, 270.000, 2, 2023, 1, 3);
INSERT INTO public.forecast (amount, month, real_value, value, version, year, place_id, rate_id) VALUES (40.000, 1, 199.986, 200.000, 2, 2023, 2, 3);
INSERT INTO public.forecast (amount, month, real_value, value, version, year, place_id, rate_id) VALUES (32.000, 1, 159.584, 160.000, 2, 2023, 3, 3);
INSERT INTO public.forecast (amount, month, real_value, value, version, year, place_id, rate_id) VALUES (117.000, 1, 579.756, 585.000, 2, 2023, 4, 3);
INSERT INTO public.forecast (amount, month, real_value, value, version, year, place_id, rate_id) VALUES (68.000, 1, 337.349, 340.000, 2, 2023, 5, 3);
INSERT INTO public.forecast (amount, month, real_value, value, version, year, place_id, rate_id) VALUES (97.000, 1, 480.773, 485.000, 2, 2023, 6, 3);
INSERT INTO public.forecast (amount, month, real_value, value, version, year, place_id, rate_id) VALUES (54.000, 2, 266.600, 270.000, 2, 2023, 1, 3);
INSERT INTO public.forecast (amount, month, real_value, value, version, year, place_id, rate_id) VALUES (40.000, 2, 198.446, 200.000, 2, 2023, 2, 3);
INSERT INTO public.forecast (amount, month, real_value, value, version, year, place_id, rate_id) VALUES (32.000, 2, 158.356, 160.000, 2, 2023, 3, 3);
INSERT INTO public.forecast (amount, month, real_value, value, version, year, place_id, rate_id) VALUES (117.000, 2, 575.294, 585.000, 2, 2023, 4, 3);
INSERT INTO public.forecast (amount, month, real_value, value, version, year, place_id, rate_id) VALUES (68.000, 2, 334.753, 340.000, 2, 2023, 5, 3);
INSERT INTO public.forecast (amount, month, real_value, value, version, year, place_id, rate_id) VALUES (97.000, 2, 477.073, 485.000, 2, 2023, 6, 3);
INSERT INTO public.forecast (amount, month, real_value, value, version, year, place_id, rate_id) VALUES (54.000, 3, 268.090, 270.000, 2, 2023, 1, 3);
INSERT INTO public.forecast (amount, month, real_value, value, version, year, place_id, rate_id) VALUES (40.000, 3, 199.556, 200.000, 2, 2023, 2, 3);
INSERT INTO public.forecast (amount, month, real_value, value, version, year, place_id, rate_id) VALUES (32.000, 3, 159.241, 160.000, 2, 2023, 3, 3);
INSERT INTO public.forecast (amount, month, real_value, value, version, year, place_id, rate_id) VALUES (117.000, 3, 578.510, 585.000, 2, 2023, 4, 3);
INSERT INTO public.forecast (amount, month, real_value, value, version, year, place_id, rate_id) VALUES (68.000, 3, 336.624, 340.000, 2, 2023, 5, 3);
INSERT INTO public.forecast (amount, month, real_value, value, version, year, place_id, rate_id) VALUES (97.000, 3, 479.740, 485.000, 2, 2023, 6, 3);
INSERT INTO public.forecast (amount, month, real_value, value, version, year, place_id, rate_id) VALUES (54.000, 4, 271.902, 270.000, 2, 2023, 1, 3);
INSERT INTO public.forecast (amount, month, real_value, value, version, year, place_id, rate_id) VALUES (40.000, 4, 202.393, 200.000, 2, 2023, 2, 3);
INSERT INTO public.forecast (amount, month, real_value, value, version, year, place_id, rate_id) VALUES (32.000, 4, 161.506, 160.000, 2, 2023, 3, 3);
INSERT INTO public.forecast (amount, month, real_value, value, version, year, place_id, rate_id) VALUES (117.000, 4, 586.737, 585.000, 2, 2023, 4, 3);
INSERT INTO public.forecast (amount, month, real_value, value, version, year, place_id, rate_id) VALUES (68.000, 4, 341.411, 340.000, 2, 2023, 5, 3);
INSERT INTO public.forecast (amount, month, real_value, value, version, year, place_id, rate_id) VALUES (97.000, 4, 486.562, 485.000, 2, 2023, 6, 3);
INSERT INTO public.forecast (amount, month, real_value, value, version, year, place_id, rate_id) VALUES (54.000, 5, 275.317, 270.000, 2, 2023, 1, 3);
INSERT INTO public.forecast (amount, month, real_value, value, version, year, place_id, rate_id) VALUES (40.000, 5, 204.935, 200.000, 2, 2023, 2, 3);
INSERT INTO public.forecast (amount, month, real_value, value, version, year, place_id, rate_id) VALUES (32.000, 5, 163.534, 160.000, 2, 2023, 3, 3);
INSERT INTO public.forecast (amount, month, real_value, value, version, year, place_id, rate_id) VALUES (117.000, 5, 594.104, 585.000, 2, 2023, 4, 3);
INSERT INTO public.forecast (amount, month, real_value, value, version, year, place_id, rate_id) VALUES (68.000, 5, 345.698, 340.000, 2, 2023, 5, 3);
INSERT INTO public.forecast (amount, month, real_value, value, version, year, place_id, rate_id) VALUES (97.000, 5, 492.672, 485.000, 2, 2023, 6, 3);
INSERT INTO public.forecast (amount, month, real_value, value, version, year, place_id, rate_id) VALUES (173.972, 0, 1233.410, 1217.804, 2, 2023, 1, 4);
INSERT INTO public.forecast (amount, month, real_value, value, version, year, place_id, rate_id) VALUES (194.184, 0, 1377.060, 1359.288, 2, 2023, 2, 4);
INSERT INTO public.forecast (amount, month, real_value, value, version, year, place_id, rate_id) VALUES (180.606, 0, 1277.991, 1264.242, 2, 2023, 5, 4);
INSERT INTO public.forecast (amount, month, real_value, value, version, year, place_id, rate_id) VALUES (152.241, 0, 1079.853, 1065.687, 2, 2023, 6, 4);
INSERT INTO public.forecast (amount, month, real_value, value, version, year, place_id, rate_id) VALUES (155.624, 1, 1017.731, 1089.368, 2, 2023, 1, 4);
INSERT INTO public.forecast (amount, month, real_value, value, version, year, place_id, rate_id) VALUES (183.988, 1, 1202.773, 1287.916, 2, 2023, 2, 4);
INSERT INTO public.forecast (amount, month, real_value, value, version, year, place_id, rate_id) VALUES (171.612, 1, 1118.663, 1201.284, 2, 2023, 5, 4);
INSERT INTO public.forecast (amount, month, real_value, value, version, year, place_id, rate_id) VALUES (134.204, 1, 874.744, 939.428, 2, 2023, 6, 4);
INSERT INTO public.forecast (amount, month, real_value, value, version, year, place_id, rate_id) VALUES (186.062, 2, 1258.859, 1302.434, 2, 2023, 1, 4);
INSERT INTO public.forecast (amount, month, real_value, value, version, year, place_id, rate_id) VALUES (217.620, 2, 1472.225, 1523.340, 2, 2023, 2, 4);
INSERT INTO public.forecast (amount, month, real_value, value, version, year, place_id, rate_id) VALUES (211.916, 2, 1434.886, 1483.412, 2, 2023, 5, 4);
INSERT INTO public.forecast (amount, month, real_value, value, version, year, place_id, rate_id) VALUES (174.871, 2, 1184.181, 1224.097, 2, 2023, 6, 4);
INSERT INTO public.forecast (amount, month, real_value, value, version, year, place_id, rate_id) VALUES (11.340, 3, 78.408, 79.380, 2, 2023, 1, 4);
INSERT INTO public.forecast (amount, month, real_value, value, version, year, place_id, rate_id) VALUES (36.030, 3, 248.871, 252.210, 2, 2023, 2, 4);
INSERT INTO public.forecast (amount, month, real_value, value, version, year, place_id, rate_id) VALUES (14.280, 3, 98.745, 99.960, 2, 2023, 5, 4);
INSERT INTO public.forecast (amount, month, real_value, value, version, year, place_id, rate_id) VALUES (22.890, 3, 157.886, 160.230, 2, 2023, 6, 4);
INSERT INTO public.forecast (amount, month, real_value, value, version, year, place_id, rate_id) VALUES (22.847, 4, 154.592, 159.929, 2, 2023, 1, 4);
INSERT INTO public.forecast (amount, month, real_value, value, version, year, place_id, rate_id) VALUES (14.973, 4, 101.135, 104.811, 2, 2023, 2, 4);
INSERT INTO public.forecast (amount, month, real_value, value, version, year, place_id, rate_id) VALUES (12.462, 4, 84.279, 87.234, 2, 2023, 5, 4);
INSERT INTO public.forecast (amount, month, real_value, value, version, year, place_id, rate_id) VALUES (21.049, 4, 142.553, 147.343, 2, 2023, 6, 4);
INSERT INTO public.forecast (amount, month, real_value, value, version, year, place_id, rate_id) VALUES (21.390, 5, 160.506, 149.730, 2, 2023, 1, 4);
INSERT INTO public.forecast (amount, month, real_value, value, version, year, place_id, rate_id) VALUES (14.190, 5, 106.782, 99.330, 2, 2023, 2, 4);
INSERT INTO public.forecast (amount, month, real_value, value, version, year, place_id, rate_id) VALUES (23.970, 5, 180.264, 167.790, 2, 2023, 5, 4);
INSERT INTO public.forecast (amount, month, real_value, value, version, year, place_id, rate_id) VALUES (12.780, 5, 96.126, 89.460, 2, 2023, 6, 4);
INSERT INTO public.forecast (amount, month, real_value, value, version, year, place_id, rate_id) VALUES (177.413, 0, 667.953, 709.652, 2, 2023, 1, 5);
INSERT INTO public.forecast (amount, month, real_value, value, version, year, place_id, rate_id) VALUES (159.402, 0, 601.548, 637.608, 2, 2023, 2, 5);
INSERT INTO public.forecast (amount, month, real_value, value, version, year, place_id, rate_id) VALUES (170.810, 0, 644.516, 683.240, 2, 2023, 3, 5);
INSERT INTO public.forecast (amount, month, real_value, value, version, year, place_id, rate_id) VALUES (173.445, 0, 652.328, 693.780, 2, 2023, 4, 5);
INSERT INTO public.forecast (amount, month, real_value, value, version, year, place_id, rate_id) VALUES (191.673, 0, 722.639, 766.692, 2, 2023, 5, 5);
INSERT INTO public.forecast (amount, month, real_value, value, version, year, place_id, rate_id) VALUES (166.346, 0, 628.891, 665.384, 2, 2023, 6, 5);
INSERT INTO public.forecast (amount, month, real_value, value, version, year, place_id, rate_id) VALUES (181.272, 1, 723.427, 725.088, 2, 2023, 1, 5);
INSERT INTO public.forecast (amount, month, real_value, value, version, year, place_id, rate_id) VALUES (134.456, 1, 538.639, 537.824, 2, 2023, 2, 5);
INSERT INTO public.forecast (amount, month, real_value, value, version, year, place_id, rate_id) VALUES (166.656, 1, 664.452, 666.624, 2, 2023, 3, 5);
INSERT INTO public.forecast (amount, month, real_value, value, version, year, place_id, rate_id) VALUES (165.564, 1, 660.520, 662.256, 2, 2023, 4, 5);
INSERT INTO public.forecast (amount, month, real_value, value, version, year, place_id, rate_id) VALUES (188.216, 1, 750.949, 752.864, 2, 2023, 5, 5);
INSERT INTO public.forecast (amount, month, real_value, value, version, year, place_id, rate_id) VALUES (151.788, 1, 605.477, 607.152, 2, 2023, 6, 5);
INSERT INTO public.forecast (amount, month, real_value, value, version, year, place_id, rate_id) VALUES (225.897, 2, 908.321, 903.588, 2, 2023, 1, 5);
INSERT INTO public.forecast (amount, month, real_value, value, version, year, place_id, rate_id) VALUES (153.047, 2, 613.232, 612.188, 2, 2023, 2, 5);
INSERT INTO public.forecast (amount, month, real_value, value, version, year, place_id, rate_id) VALUES (211.823, 2, 852.991, 847.292, 2, 2023, 3, 5);
INSERT INTO public.forecast (amount, month, real_value, value, version, year, place_id, rate_id) VALUES (201.810, 2, 811.495, 807.240, 2, 2023, 4, 5);
INSERT INTO public.forecast (amount, month, real_value, value, version, year, place_id, rate_id) VALUES (160.983, 2, 645.507, 643.932, 2, 2023, 5, 5);
INSERT INTO public.forecast (amount, month, real_value, value, version, year, place_id, rate_id) VALUES (197.625, 2, 793.052, 790.500, 2, 2023, 6, 5);
INSERT INTO public.forecast (amount, month, real_value, value, version, year, place_id, rate_id) VALUES (49.020, 3, 194.793, 196.080, 2, 2023, 1, 5);
INSERT INTO public.forecast (amount, month, real_value, value, version, year, place_id, rate_id) VALUES (8.700, 3, 34.515, 34.800, 2, 2023, 2, 5);
INSERT INTO public.forecast (amount, month, real_value, value, version, year, place_id, rate_id) VALUES (9.210, 3, 36.685, 36.840, 2, 2023, 3, 5);
INSERT INTO public.forecast (amount, month, real_value, value, version, year, place_id, rate_id) VALUES (34.170, 3, 135.684, 136.680, 2, 2023, 4, 5);
INSERT INTO public.forecast (amount, month, real_value, value, version, year, place_id, rate_id) VALUES (20.280, 3, 80.604, 81.120, 2, 2023, 5, 5);
INSERT INTO public.forecast (amount, month, real_value, value, version, year, place_id, rate_id) VALUES (9.630, 3, 38.235, 38.520, 2, 2023, 6, 5);
INSERT INTO public.forecast (amount, month, real_value, value, version, year, place_id, rate_id) VALUES (25.110, 4, 105.234, 100.440, 2, 2023, 1, 5);
INSERT INTO public.forecast (amount, month, real_value, value, version, year, place_id, rate_id) VALUES (9.114, 4, 38.170, 36.456, 2, 2023, 2, 5);
INSERT INTO public.forecast (amount, month, real_value, value, version, year, place_id, rate_id) VALUES (9.641, 4, 40.425, 38.564, 2, 2023, 3, 5);
INSERT INTO public.forecast (amount, month, real_value, value, version, year, place_id, rate_id) VALUES (33.480, 4, 140.247, 133.920, 2, 2023, 4, 5);
INSERT INTO public.forecast (amount, month, real_value, value, version, year, place_id, rate_id) VALUES (15.965, 4, 66.870, 63.860, 2, 2023, 5, 5);
INSERT INTO public.forecast (amount, month, real_value, value, version, year, place_id, rate_id) VALUES (31.496, 4, 131.969, 125.984, 2, 2023, 6, 5);
INSERT INTO public.forecast (amount, month, real_value, value, version, year, place_id, rate_id) VALUES (14.340, 5, 57.099, 57.360, 2, 2023, 1, 5);
INSERT INTO public.forecast (amount, month, real_value, value, version, year, place_id, rate_id) VALUES (9.870, 5, 39.269, 39.480, 2, 2023, 2, 5);
INSERT INTO public.forecast (amount, month, real_value, value, version, year, place_id, rate_id) VALUES (18.690, 5, 74.504, 74.760, 2, 2023, 3, 5);
INSERT INTO public.forecast (amount, month, real_value, value, version, year, place_id, rate_id) VALUES (12.150, 5, 48.184, 48.600, 2, 2023, 4, 5);
INSERT INTO public.forecast (amount, month, real_value, value, version, year, place_id, rate_id) VALUES (35.790, 5, 142.428, 143.160, 2, 2023, 5, 5);
INSERT INTO public.forecast (amount, month, real_value, value, version, year, place_id, rate_id) VALUES (13.170, 5, 52.217, 52.680, 2, 2023, 6, 5);
INSERT INTO public.forecast (amount, month, real_value, value, version, year, place_id, rate_id) VALUES (1.000, 0, 20.276, 20.000, 2, 2023, 1, 6);
INSERT INTO public.forecast (amount, month, real_value, value, version, year, place_id, rate_id) VALUES (1.000, 0, 20.276, 20.000, 2, 2023, 2, 6);
INSERT INTO public.forecast (amount, month, real_value, value, version, year, place_id, rate_id) VALUES (1.000, 0, 20.276, 20.000, 2, 2023, 3, 6);
INSERT INTO public.forecast (amount, month, real_value, value, version, year, place_id, rate_id) VALUES (1.000, 1, 20.830, 20.000, 2, 2023, 1, 6);
INSERT INTO public.forecast (amount, month, real_value, value, version, year, place_id, rate_id) VALUES (1.000, 1, 20.830, 20.000, 2, 2023, 2, 6);
INSERT INTO public.forecast (amount, month, real_value, value, version, year, place_id, rate_id) VALUES (1.000, 1, 20.830, 20.000, 2, 2023, 3, 6);
INSERT INTO public.forecast (amount, month, real_value, value, version, year, place_id, rate_id) VALUES (1.000, 2, 19.288, 20.000, 2, 2023, 1, 6);
INSERT INTO public.forecast (amount, month, real_value, value, version, year, place_id, rate_id) VALUES (1.000, 2, 19.288, 20.000, 2, 2023, 2, 6);
INSERT INTO public.forecast (amount, month, real_value, value, version, year, place_id, rate_id) VALUES (1.000, 2, 19.288, 20.000, 2, 2023, 3, 6);
INSERT INTO public.forecast (amount, month, real_value, value, version, year, place_id, rate_id) VALUES (1.000, 3, 19.584, 20.000, 2, 2023, 1, 6);
INSERT INTO public.forecast (amount, month, real_value, value, version, year, place_id, rate_id) VALUES (1.000, 3, 19.584, 20.000, 2, 2023, 2, 6);
INSERT INTO public.forecast (amount, month, real_value, value, version, year, place_id, rate_id) VALUES (1.000, 3, 19.584, 20.000, 2, 2023, 3, 6);
INSERT INTO public.forecast (amount, month, real_value, value, version, year, place_id, rate_id) VALUES (1.000, 4, 20.640, 20.000, 2, 2023, 1, 6);
INSERT INTO public.forecast (amount, month, real_value, value, version, year, place_id, rate_id) VALUES (1.000, 4, 20.640, 20.000, 2, 2023, 2, 6);
INSERT INTO public.forecast (amount, month, real_value, value, version, year, place_id, rate_id) VALUES (1.000, 4, 20.640, 20.000, 2, 2023, 3, 6);
INSERT INTO public.forecast (amount, month, real_value, value, version, year, place_id, rate_id) VALUES (1.000, 5, 19.327, 20.000, 2, 2023, 1, 6);
INSERT INTO public.forecast (amount, month, real_value, value, version, year, place_id, rate_id) VALUES (1.000, 5, 19.327, 20.000, 2, 2023, 2, 6);
INSERT INTO public.forecast (amount, month, real_value, value, version, year, place_id, rate_id) VALUES (1.000, 5, 19.327, 20.000, 2, 2023, 3, 6);
INSERT INTO public.forecast (amount, month, real_value, value, version, year, place_id, rate_id) VALUES (4.000, 0, 108.662, 112.000, 2, 2023, 1, 7);
INSERT INTO public.forecast (amount, month, real_value, value, version, year, place_id, rate_id) VALUES (3.000, 0, 81.375, 84.000, 2, 2023, 2, 7);
INSERT INTO public.forecast (amount, month, real_value, value, version, year, place_id, rate_id) VALUES (1.000, 0, 27.287, 28.000, 2, 2023, 3, 7);
INSERT INTO public.forecast (amount, month, real_value, value, version, year, place_id, rate_id) VALUES (5.000, 0, 135.462, 140.000, 2, 2023, 4, 7);
INSERT INTO public.forecast (amount, month, real_value, value, version, year, place_id, rate_id) VALUES (2.000, 0, 54.575, 56.000, 2, 2023, 5, 7);
INSERT INTO public.forecast (amount, month, real_value, value, version, year, place_id, rate_id) VALUES (3.000, 0, 81.375, 84.000, 2, 2023, 6, 7);
INSERT INTO public.forecast (amount, month, real_value, value, version, year, place_id, rate_id) VALUES (4.000, 1, 111.492, 112.000, 2, 2023, 1, 7);
INSERT INTO public.forecast (amount, month, real_value, value, version, year, place_id, rate_id) VALUES (3.000, 1, 83.494, 84.000, 2, 2023, 2, 7);
INSERT INTO public.forecast (amount, month, real_value, value, version, year, place_id, rate_id) VALUES (1.000, 1, 27.998, 28.000, 2, 2023, 3, 7);
INSERT INTO public.forecast (amount, month, real_value, value, version, year, place_id, rate_id) VALUES (5.000, 1, 138.990, 140.000, 2, 2023, 4, 7);
INSERT INTO public.forecast (amount, month, real_value, value, version, year, place_id, rate_id) VALUES (2.000, 1, 55.996, 56.000, 2, 2023, 5, 7);
INSERT INTO public.forecast (amount, month, real_value, value, version, year, place_id, rate_id) VALUES (3.000, 1, 83.494, 84.000, 2, 2023, 6, 7);
INSERT INTO public.forecast (amount, month, real_value, value, version, year, place_id, rate_id) VALUES (4.000, 2, 110.282, 112.000, 2, 2023, 1, 7);
INSERT INTO public.forecast (amount, month, real_value, value, version, year, place_id, rate_id) VALUES (3.000, 2, 82.588, 84.000, 2, 2023, 2, 7);
INSERT INTO public.forecast (amount, month, real_value, value, version, year, place_id, rate_id) VALUES (1.000, 2, 27.694, 28.000, 2, 2023, 3, 7);
INSERT INTO public.forecast (amount, month, real_value, value, version, year, place_id, rate_id) VALUES (5.000, 2, 137.481, 140.000, 2, 2023, 4, 7);
INSERT INTO public.forecast (amount, month, real_value, value, version, year, place_id, rate_id) VALUES (2.000, 2, 55.388, 56.000, 2, 2023, 5, 7);
INSERT INTO public.forecast (amount, month, real_value, value, version, year, place_id, rate_id) VALUES (3.000, 2, 82.588, 84.000, 2, 2023, 6, 7);
INSERT INTO public.forecast (amount, month, real_value, value, version, year, place_id, rate_id) VALUES (4.000, 3, 109.254, 112.000, 2, 2023, 1, 7);
INSERT INTO public.forecast (amount, month, real_value, value, version, year, place_id, rate_id) VALUES (3.000, 3, 81.818, 84.000, 2, 2023, 2, 7);
INSERT INTO public.forecast (amount, month, real_value, value, version, year, place_id, rate_id) VALUES (1.000, 3, 27.436, 28.000, 2, 2023, 3, 7);
INSERT INTO public.forecast (amount, month, real_value, value, version, year, place_id, rate_id) VALUES (5.000, 3, 136.201, 140.000, 2, 2023, 4, 7);
INSERT INTO public.forecast (amount, month, real_value, value, version, year, place_id, rate_id) VALUES (2.000, 3, 54.872, 56.000, 2, 2023, 5, 7);
INSERT INTO public.forecast (amount, month, real_value, value, version, year, place_id, rate_id) VALUES (3.000, 3, 81.818, 84.000, 2, 2023, 6, 7);
INSERT INTO public.forecast (amount, month, real_value, value, version, year, place_id, rate_id) VALUES (4.000, 4, 109.584, 112.000, 2, 2023, 1, 7);
INSERT INTO public.forecast (amount, month, real_value, value, version, year, place_id, rate_id) VALUES (3.000, 4, 82.065, 84.000, 2, 2023, 2, 7);
INSERT INTO public.forecast (amount, month, real_value, value, version, year, place_id, rate_id) VALUES (1.000, 4, 27.519, 28.000, 2, 2023, 3, 7);
INSERT INTO public.forecast (amount, month, real_value, value, version, year, place_id, rate_id) VALUES (5.000, 4, 136.611, 140.000, 2, 2023, 4, 7);
INSERT INTO public.forecast (amount, month, real_value, value, version, year, place_id, rate_id) VALUES (2.000, 4, 55.038, 56.000, 2, 2023, 5, 7);
INSERT INTO public.forecast (amount, month, real_value, value, version, year, place_id, rate_id) VALUES (3.000, 4, 82.065, 84.000, 2, 2023, 6, 7);
INSERT INTO public.forecast (amount, month, real_value, value, version, year, place_id, rate_id) VALUES (4.000, 5, 109.599, 112.000, 2, 2023, 1, 7);
INSERT INTO public.forecast (amount, month, real_value, value, version, year, place_id, rate_id) VALUES (3.000, 5, 82.077, 84.000, 2, 2023, 2, 7);
INSERT INTO public.forecast (amount, month, real_value, value, version, year, place_id, rate_id) VALUES (1.000, 5, 27.523, 28.000, 2, 2023, 3, 7);
INSERT INTO public.forecast (amount, month, real_value, value, version, year, place_id, rate_id) VALUES (5.000, 5, 136.631, 140.000, 2, 2023, 4, 7);
INSERT INTO public.forecast (amount, month, real_value, value, version, year, place_id, rate_id) VALUES (2.000, 5, 55.045, 56.000, 2, 2023, 5, 7);
INSERT INTO public.forecast (amount, month, real_value, value, version, year, place_id, rate_id) VALUES (3.000, 5, 82.077, 84.000, 2, 2023, 6, 7);
INSERT INTO public.forecast (amount, month, real_value, value, version, year, place_id, rate_id) VALUES (5.000, 0, 24.704, 25.000, 2, 2023, 4, 8);
INSERT INTO public.forecast (amount, month, real_value, value, version, year, place_id, rate_id) VALUES (2.000, 0, 9.882, 10.000, 2, 2023, 5, 8);
INSERT INTO public.forecast (amount, month, real_value, value, version, year, place_id, rate_id) VALUES (3.000, 0, 14.822, 15.000, 2, 2023, 6, 8);
INSERT INTO public.forecast (amount, month, real_value, value, version, year, place_id, rate_id) VALUES (5.000, 1, 24.594, 25.000, 2, 2023, 4, 8);
INSERT INTO public.forecast (amount, month, real_value, value, version, year, place_id, rate_id) VALUES (2.000, 1, 9.837, 10.000, 2, 2023, 5, 8);
INSERT INTO public.forecast (amount, month, real_value, value, version, year, place_id, rate_id) VALUES (3.000, 1, 14.756, 15.000, 2, 2023, 6, 8);
INSERT INTO public.forecast (amount, month, real_value, value, version, year, place_id, rate_id) VALUES (5.000, 2, 24.273, 25.000, 2, 2023, 4, 8);
INSERT INTO public.forecast (amount, month, real_value, value, version, year, place_id, rate_id) VALUES (2.000, 2, 9.709, 10.000, 2, 2023, 5, 8);
INSERT INTO public.forecast (amount, month, real_value, value, version, year, place_id, rate_id) VALUES (3.000, 2, 14.564, 15.000, 2, 2023, 6, 8);
INSERT INTO public.forecast (amount, month, real_value, value, version, year, place_id, rate_id) VALUES (5.000, 3, 25.541, 25.000, 2, 2023, 4, 8);
INSERT INTO public.forecast (amount, month, real_value, value, version, year, place_id, rate_id) VALUES (2.000, 3, 10.216, 10.000, 2, 2023, 5, 8);
INSERT INTO public.forecast (amount, month, real_value, value, version, year, place_id, rate_id) VALUES (3.000, 3, 15.325, 15.000, 2, 2023, 6, 8);
INSERT INTO public.forecast (amount, month, real_value, value, version, year, place_id, rate_id) VALUES (5.000, 4, 25.625, 25.000, 2, 2023, 4, 8);
INSERT INTO public.forecast (amount, month, real_value, value, version, year, place_id, rate_id) VALUES (2.000, 4, 10.250, 10.000, 2, 2023, 5, 8);
INSERT INTO public.forecast (amount, month, real_value, value, version, year, place_id, rate_id) VALUES (3.000, 4, 15.375, 15.000, 2, 2023, 6, 8);
INSERT INTO public.forecast (amount, month, real_value, value, version, year, place_id, rate_id) VALUES (5.000, 5, 26.058, 25.000, 2, 2023, 4, 8);
INSERT INTO public.forecast (amount, month, real_value, value, version, year, place_id, rate_id) VALUES (2.000, 5, 10.423, 10.000, 2, 2023, 5, 8);
INSERT INTO public.forecast (amount, month, real_value, value, version, year, place_id, rate_id) VALUES (3.000, 5, 15.635, 15.000, 2, 2023, 6, 8);
INSERT INTO public.forecast (amount, month, real_value, value, version, year, place_id, rate_id) VALUES (1.000, 0, 8.815, 9.000, 2, 2023, 3, 9);
INSERT INTO public.forecast (amount, month, real_value, value, version, year, place_id, rate_id) VALUES (1.000, 0, 8.815, 9.000, 2, 2023, 4, 9);
INSERT INTO public.forecast (amount, month, real_value, value, version, year, place_id, rate_id) VALUES (1.000, 0, 8.815, 9.000, 2, 2023, 6, 9);
INSERT INTO public.forecast (amount, month, real_value, value, version, year, place_id, rate_id) VALUES (1.000, 1, 9.347, 9.000, 2, 2023, 3, 9);
INSERT INTO public.forecast (amount, month, real_value, value, version, year, place_id, rate_id) VALUES (1.000, 1, 9.347, 9.000, 2, 2023, 4, 9);
INSERT INTO public.forecast (amount, month, real_value, value, version, year, place_id, rate_id) VALUES (1.000, 1, 9.347, 9.000, 2, 2023, 6, 9);
INSERT INTO public.forecast (amount, month, real_value, value, version, year, place_id, rate_id) VALUES (1.000, 2, 8.712, 9.000, 2, 2023, 3, 9);
INSERT INTO public.forecast (amount, month, real_value, value, version, year, place_id, rate_id) VALUES (1.000, 2, 8.712, 9.000, 2, 2023, 4, 9);
INSERT INTO public.forecast (amount, month, real_value, value, version, year, place_id, rate_id) VALUES (1.000, 2, 8.712, 9.000, 2, 2023, 6, 9);
INSERT INTO public.forecast (amount, month, real_value, value, version, year, place_id, rate_id) VALUES (1.000, 3, 9.082, 9.000, 2, 2023, 3, 9);
INSERT INTO public.forecast (amount, month, real_value, value, version, year, place_id, rate_id) VALUES (1.000, 3, 9.082, 9.000, 2, 2023, 4, 9);
INSERT INTO public.forecast (amount, month, real_value, value, version, year, place_id, rate_id) VALUES (1.000, 3, 9.082, 9.000, 2, 2023, 6, 9);
INSERT INTO public.forecast (amount, month, real_value, value, version, year, place_id, rate_id) VALUES (1.000, 4, 9.036, 9.000, 2, 2023, 3, 9);
INSERT INTO public.forecast (amount, month, real_value, value, version, year, place_id, rate_id) VALUES (1.000, 4, 9.036, 9.000, 2, 2023, 4, 9);
INSERT INTO public.forecast (amount, month, real_value, value, version, year, place_id, rate_id) VALUES (1.000, 4, 9.036, 9.000, 2, 2023, 6, 9);
INSERT INTO public.forecast (amount, month, real_value, value, version, year, place_id, rate_id) VALUES (1.000, 5, 8.568, 9.000, 2, 2023, 3, 9);
INSERT INTO public.forecast (amount, month, real_value, value, version, year, place_id, rate_id) VALUES (1.000, 5, 8.568, 9.000, 2, 2023, 4, 9);
INSERT INTO public.forecast (amount, month, real_value, value, version, year, place_id, rate_id) VALUES (1.000, 5, 8.568, 9.000, 2, 2023, 6, 9);
INSERT INTO public.forecast (amount, month, real_value, value, version, year, place_id, rate_id) VALUES (1.000, 0, 239.750, 250.000, 2, 2023, 1, 10);
INSERT INTO public.forecast (amount, month, real_value, value, version, year, place_id, rate_id) VALUES (1.000, 0, 239.750, 250.000, 2, 2023, 2, 10);
INSERT INTO public.forecast (amount, month, real_value, value, version, year, place_id, rate_id) VALUES (1.000, 0, 239.750, 250.000, 2, 2023, 5, 10);
INSERT INTO public.forecast (amount, month, real_value, value, version, year, place_id, rate_id) VALUES (1.000, 1, 262.325, 250.000, 2, 2023, 1, 10);
INSERT INTO public.forecast (amount, month, real_value, value, version, year, place_id, rate_id) VALUES (1.000, 1, 262.325, 250.000, 2, 2023, 2, 10);
INSERT INTO public.forecast (amount, month, real_value, value, version, year, place_id, rate_id) VALUES (1.000, 1, 262.325, 250.000, 2, 2023, 5, 10);
INSERT INTO public.forecast (amount, month, real_value, value, version, year, place_id, rate_id) VALUES (1.000, 2, 260.338, 250.000, 2, 2023, 1, 10);
INSERT INTO public.forecast (amount, month, real_value, value, version, year, place_id, rate_id) VALUES (1.000, 2, 260.338, 250.000, 2, 2023, 2, 10);
INSERT INTO public.forecast (amount, month, real_value, value, version, year, place_id, rate_id) VALUES (1.000, 2, 260.338, 250.000, 2, 2023, 5, 10);
INSERT INTO public.forecast (amount, month, real_value, value, version, year, place_id, rate_id) VALUES (1.000, 3, 241.370, 250.000, 2, 2023, 1, 10);
INSERT INTO public.forecast (amount, month, real_value, value, version, year, place_id, rate_id) VALUES (1.000, 3, 241.370, 250.000, 2, 2023, 2, 10);
INSERT INTO public.forecast (amount, month, real_value, value, version, year, place_id, rate_id) VALUES (1.000, 3, 241.370, 250.000, 2, 2023, 5, 10);
INSERT INTO public.forecast (amount, month, real_value, value, version, year, place_id, rate_id) VALUES (1.000, 4, 252.548, 250.000, 2, 2023, 1, 10);
INSERT INTO public.forecast (amount, month, real_value, value, version, year, place_id, rate_id) VALUES (1.000, 4, 252.548, 250.000, 2, 2023, 2, 10);
INSERT INTO public.forecast (amount, month, real_value, value, version, year, place_id, rate_id) VALUES (1.000, 4, 252.548, 250.000, 2, 2023, 5, 10);
INSERT INTO public.forecast (amount, month, real_value, value, version, year, place_id, rate_id) VALUES (1.000, 5, 259.678, 250.000, 2, 2023, 1, 10);
INSERT INTO public.forecast (amount, month, real_value, value, version, year, place_id, rate_id) VALUES (1.000, 5, 259.678, 250.000, 2, 2023, 2, 10);
INSERT INTO public.forecast (amount, month, real_value, value, version, year, place_id, rate_id) VALUES (1.000, 5, 259.678, 250.000, 2, 2023, 5, 10);
--endregion

--region cost
--Cost
INSERT INTO public.cost (month, real_rate, total_consumption, version, year, category_id) VALUES (0, 99.648, 6.000, 1, 2022, 1);
INSERT INTO public.cost (month, real_rate, total_consumption, version, year, category_id) VALUES (1, 103.683, 6.000, 1, 2022, 1);
INSERT INTO public.cost (month, real_rate, total_consumption, version, year, category_id) VALUES (2, 100.187, 6.000, 1, 2022, 1);
INSERT INTO public.cost (month, real_rate, total_consumption, version, year, category_id) VALUES (3, 104.822, 6.000, 1, 2022, 1);
INSERT INTO public.cost (month, real_rate, total_consumption, version, year, category_id) VALUES (4, 99.254, 6.000, 1, 2022, 1);
INSERT INTO public.cost (month, real_rate, total_consumption, version, year, category_id) VALUES (5, 103.932, 6.000, 1, 2022, 1);
INSERT INTO public.cost (month, real_rate, total_consumption, version, year, category_id) VALUES (6, 97.786, 6.000, 1, 2022, 1);
INSERT INTO public.cost (month, real_rate, total_consumption, version, year, category_id) VALUES (7, 98.745, 6.000, 1, 2022, 1);
INSERT INTO public.cost (month, real_rate, total_consumption, version, year, category_id) VALUES (8, 104.218, 6.000, 1, 2022, 1);
INSERT INTO public.cost (month, real_rate, total_consumption, version, year, category_id) VALUES (9, 104.356, 6.000, 1, 2022, 1);
INSERT INTO public.cost (month, real_rate, total_consumption, version, year, category_id) VALUES (10, 101.655, 6.000, 1, 2022, 1);
INSERT INTO public.cost (month, real_rate, total_consumption, version, year, category_id) VALUES (11, 99.236, 6.000, 1, 2022, 1);
INSERT INTO public.cost (month, real_rate, total_consumption, version, year, category_id) VALUES (0, 48.219, 6.000, 1, 2022, 2);
INSERT INTO public.cost (month, real_rate, total_consumption, version, year, category_id) VALUES (1, 48.903, 6.000, 1, 2022, 2);
INSERT INTO public.cost (month, real_rate, total_consumption, version, year, category_id) VALUES (2, 49.508, 6.000, 1, 2022, 2);
INSERT INTO public.cost (month, real_rate, total_consumption, version, year, category_id) VALUES (3, 47.724, 6.000, 1, 2022, 2);
INSERT INTO public.cost (month, real_rate, total_consumption, version, year, category_id) VALUES (4, 49.985, 6.000, 1, 2022, 2);
INSERT INTO public.cost (month, real_rate, total_consumption, version, year, category_id) VALUES (5, 48.011, 6.000, 1, 2022, 2);
INSERT INTO public.cost (month, real_rate, total_consumption, version, year, category_id) VALUES (6, 48.431, 6.000, 1, 2022, 2);
INSERT INTO public.cost (month, real_rate, total_consumption, version, year, category_id) VALUES (7, 50.834, 6.000, 1, 2022, 2);
INSERT INTO public.cost (month, real_rate, total_consumption, version, year, category_id) VALUES (8, 52.050, 6.000, 1, 2022, 2);
INSERT INTO public.cost (month, real_rate, total_consumption, version, year, category_id) VALUES (9, 48.233, 6.000, 1, 2022, 2);
INSERT INTO public.cost (month, real_rate, total_consumption, version, year, category_id) VALUES (10, 50.293, 6.000, 1, 2022, 2);
INSERT INTO public.cost (month, real_rate, total_consumption, version, year, category_id) VALUES (11, 48.052, 6.000, 1, 2022, 2);
INSERT INTO public.cost (month, real_rate, total_consumption, version, year, category_id) VALUES (0, 4.906, 408.000, 1, 2022, 3);
INSERT INTO public.cost (month, real_rate, total_consumption, version, year, category_id) VALUES (1, 4.837, 408.000, 1, 2022, 3);
INSERT INTO public.cost (month, real_rate, total_consumption, version, year, category_id) VALUES (2, 4.903, 408.000, 1, 2022, 3);
INSERT INTO public.cost (month, real_rate, total_consumption, version, year, category_id) VALUES (3, 4.804, 408.000, 1, 2022, 3);
INSERT INTO public.cost (month, real_rate, total_consumption, version, year, category_id) VALUES (4, 4.880, 408.000, 1, 2022, 3);
INSERT INTO public.cost (month, real_rate, total_consumption, version, year, category_id) VALUES (5, 4.766, 408.000, 1, 2022, 3);
INSERT INTO public.cost (month, real_rate, total_consumption, version, year, category_id) VALUES (6, 4.892, 408.000, 1, 2022, 3);
INSERT INTO public.cost (month, real_rate, total_consumption, version, year, category_id) VALUES (7, 4.963, 408.000, 1, 2022, 3);
INSERT INTO public.cost (month, real_rate, total_consumption, version, year, category_id) VALUES (8, 4.933, 408.000, 1, 2022, 3);
INSERT INTO public.cost (month, real_rate, total_consumption, version, year, category_id) VALUES (9, 4.898, 408.000, 1, 2022, 3);
INSERT INTO public.cost (month, real_rate, total_consumption, version, year, category_id) VALUES (10, 4.761, 408.000, 1, 2022, 3);
INSERT INTO public.cost (month, real_rate, total_consumption, version, year, category_id) VALUES (11, 5.107, 408.000, 1, 2022, 3);
INSERT INTO public.cost (month, real_rate, total_consumption, version, year, category_id) VALUES (0, 6.848, 75.346, 1, 2022, 4);
INSERT INTO public.cost (month, real_rate, total_consumption, version, year, category_id) VALUES (1, 7.336, 126.920, 1, 2022, 4);
INSERT INTO public.cost (month, real_rate, total_consumption, version, year, category_id) VALUES (2, 7.256, 217.188, 1, 2022, 4);
INSERT INTO public.cost (month, real_rate, total_consumption, version, year, category_id) VALUES (3, 7.081, 140.053, 1, 2022, 4);
INSERT INTO public.cost (month, real_rate, total_consumption, version, year, category_id) VALUES (4, 6.690, 137.843, 1, 2022, 4);
INSERT INTO public.cost (month, real_rate, total_consumption, version, year, category_id) VALUES (5, 6.798, 145.940, 1, 2022, 4);
INSERT INTO public.cost (month, real_rate, total_consumption, version, year, category_id) VALUES (6, 6.798, 153.353, 1, 2022, 4);
INSERT INTO public.cost (month, real_rate, total_consumption, version, year, category_id) VALUES (7, 7.098, 128.403, 1, 2022, 4);
INSERT INTO public.cost (month, real_rate, total_consumption, version, year, category_id) VALUES (8, 6.784, 121.258, 1, 2022, 4);
INSERT INTO public.cost (month, real_rate, total_consumption, version, year, category_id) VALUES (9, 6.910, 126.348, 1, 2022, 4);
INSERT INTO public.cost (month, real_rate, total_consumption, version, year, category_id) VALUES (10, 6.692, 108.722, 1, 2022, 4);
INSERT INTO public.cost (month, real_rate, total_consumption, version, year, category_id) VALUES (11, 7.150, 116.136, 1, 2022, 4);
INSERT INTO public.cost (month, real_rate, total_consumption, version, year, category_id) VALUES (0, 4.165, 115.531, 1, 2022, 5);
INSERT INTO public.cost (month, real_rate, total_consumption, version, year, category_id) VALUES (1, 3.831, 214.542, 1, 2022, 5);
INSERT INTO public.cost (month, real_rate, total_consumption, version, year, category_id) VALUES (2, 4.081, 310.548, 1, 2022, 5);
INSERT INTO public.cost (month, real_rate, total_consumption, version, year, category_id) VALUES (3, 3.869, 168.365, 1, 2022, 5);
INSERT INTO public.cost (month, real_rate, total_consumption, version, year, category_id) VALUES (4, 3.852, 197.731, 1, 2022, 5);
INSERT INTO public.cost (month, real_rate, total_consumption, version, year, category_id) VALUES (5, 4.149, 196.285, 1, 2022, 5);
INSERT INTO public.cost (month, real_rate, total_consumption, version, year, category_id) VALUES (6, 4.107, 182.784, 1, 2022, 5);
INSERT INTO public.cost (month, real_rate, total_consumption, version, year, category_id) VALUES (7, 3.961, 190.385, 1, 2022, 5);
INSERT INTO public.cost (month, real_rate, total_consumption, version, year, category_id) VALUES (8, 3.991, 230.152, 1, 2022, 5);
INSERT INTO public.cost (month, real_rate, total_consumption, version, year, category_id) VALUES (9, 4.067, 235.964, 1, 2022, 5);
INSERT INTO public.cost (month, real_rate, total_consumption, version, year, category_id) VALUES (10, 3.861, 205.502, 1, 2022, 5);
INSERT INTO public.cost (month, real_rate, total_consumption, version, year, category_id) VALUES (11, 3.960, 203.486, 1, 2022, 5);
INSERT INTO public.cost (month, real_rate, total_consumption, version, year, category_id) VALUES (0, 19.566, 3.000, 1, 2022, 6);
INSERT INTO public.cost (month, real_rate, total_consumption, version, year, category_id) VALUES (1, 19.602, 3.000, 1, 2022, 6);
INSERT INTO public.cost (month, real_rate, total_consumption, version, year, category_id) VALUES (2, 20.066, 3.000, 1, 2022, 6);
INSERT INTO public.cost (month, real_rate, total_consumption, version, year, category_id) VALUES (3, 20.891, 3.000, 1, 2022, 6);
INSERT INTO public.cost (month, real_rate, total_consumption, version, year, category_id) VALUES (4, 19.815, 3.000, 1, 2022, 6);
INSERT INTO public.cost (month, real_rate, total_consumption, version, year, category_id) VALUES (5, 19.734, 3.000, 1, 2022, 6);
INSERT INTO public.cost (month, real_rate, total_consumption, version, year, category_id) VALUES (6, 20.006, 3.000, 1, 2022, 6);
INSERT INTO public.cost (month, real_rate, total_consumption, version, year, category_id) VALUES (7, 20.731, 3.000, 1, 2022, 6);
INSERT INTO public.cost (month, real_rate, total_consumption, version, year, category_id) VALUES (8, 20.728, 3.000, 1, 2022, 6);
INSERT INTO public.cost (month, real_rate, total_consumption, version, year, category_id) VALUES (9, 20.545, 3.000, 1, 2022, 6);
INSERT INTO public.cost (month, real_rate, total_consumption, version, year, category_id) VALUES (10, 19.361, 3.000, 1, 2022, 6);
INSERT INTO public.cost (month, real_rate, total_consumption, version, year, category_id) VALUES (11, 20.706, 3.000, 1, 2022, 6);
INSERT INTO public.cost (month, real_rate, total_consumption, version, year, category_id) VALUES (0, 27.677, 18.000, 1, 2022, 7);
INSERT INTO public.cost (month, real_rate, total_consumption, version, year, category_id) VALUES (1, 28.859, 18.000, 1, 2022, 7);
INSERT INTO public.cost (month, real_rate, total_consumption, version, year, category_id) VALUES (2, 26.830, 18.000, 1, 2022, 7);
INSERT INTO public.cost (month, real_rate, total_consumption, version, year, category_id) VALUES (3, 28.052, 18.000, 1, 2022, 7);
INSERT INTO public.cost (month, real_rate, total_consumption, version, year, category_id) VALUES (4, 28.333, 18.000, 1, 2022, 7);
INSERT INTO public.cost (month, real_rate, total_consumption, version, year, category_id) VALUES (5, 28.525, 18.000, 1, 2022, 7);
INSERT INTO public.cost (month, real_rate, total_consumption, version, year, category_id) VALUES (6, 29.307, 18.000, 1, 2022, 7);
INSERT INTO public.cost (month, real_rate, total_consumption, version, year, category_id) VALUES (7, 27.492, 18.000, 1, 2022, 7);
INSERT INTO public.cost (month, real_rate, total_consumption, version, year, category_id) VALUES (8, 29.040, 18.000, 1, 2022, 7);
INSERT INTO public.cost (month, real_rate, total_consumption, version, year, category_id) VALUES (9, 26.965, 18.000, 1, 2022, 7);
INSERT INTO public.cost (month, real_rate, total_consumption, version, year, category_id) VALUES (10, 27.087, 18.000, 1, 2022, 7);
INSERT INTO public.cost (month, real_rate, total_consumption, version, year, category_id) VALUES (11, 27.323, 18.000, 1, 2022, 7);
INSERT INTO public.cost (month, real_rate, total_consumption, version, year, category_id) VALUES (0, 5.226, 10.000, 1, 2022, 8);
INSERT INTO public.cost (month, real_rate, total_consumption, version, year, category_id) VALUES (1, 5.146, 10.000, 1, 2022, 8);
INSERT INTO public.cost (month, real_rate, total_consumption, version, year, category_id) VALUES (2, 4.872, 10.000, 1, 2022, 8);
INSERT INTO public.cost (month, real_rate, total_consumption, version, year, category_id) VALUES (3, 5.013, 10.000, 1, 2022, 8);
INSERT INTO public.cost (month, real_rate, total_consumption, version, year, category_id) VALUES (4, 4.891, 10.000, 1, 2022, 8);
INSERT INTO public.cost (month, real_rate, total_consumption, version, year, category_id) VALUES (5, 4.755, 10.000, 1, 2022, 8);
INSERT INTO public.cost (month, real_rate, total_consumption, version, year, category_id) VALUES (6, 4.776, 10.000, 1, 2022, 8);
INSERT INTO public.cost (month, real_rate, total_consumption, version, year, category_id) VALUES (7, 4.883, 10.000, 1, 2022, 8);
INSERT INTO public.cost (month, real_rate, total_consumption, version, year, category_id) VALUES (8, 4.801, 10.000, 1, 2022, 8);
INSERT INTO public.cost (month, real_rate, total_consumption, version, year, category_id) VALUES (9, 4.895, 10.000, 1, 2022, 8);
INSERT INTO public.cost (month, real_rate, total_consumption, version, year, category_id) VALUES (10, 5.150, 10.000, 1, 2022, 8);
INSERT INTO public.cost (month, real_rate, total_consumption, version, year, category_id) VALUES (11, 5.054, 10.000, 1, 2022, 8);
INSERT INTO public.cost (month, real_rate, total_consumption, version, year, category_id) VALUES (0, 8.913, 3.000, 1, 2022, 9);
INSERT INTO public.cost (month, real_rate, total_consumption, version, year, category_id) VALUES (1, 9.169, 3.000, 1, 2022, 9);
INSERT INTO public.cost (month, real_rate, total_consumption, version, year, category_id) VALUES (2, 8.666, 3.000, 1, 2022, 9);
INSERT INTO public.cost (month, real_rate, total_consumption, version, year, category_id) VALUES (3, 8.827, 3.000, 1, 2022, 9);
INSERT INTO public.cost (month, real_rate, total_consumption, version, year, category_id) VALUES (4, 9.081, 3.000, 1, 2022, 9);
INSERT INTO public.cost (month, real_rate, total_consumption, version, year, category_id) VALUES (5, 8.898, 3.000, 1, 2022, 9);
INSERT INTO public.cost (month, real_rate, total_consumption, version, year, category_id) VALUES (6, 9.185, 3.000, 1, 2022, 9);
INSERT INTO public.cost (month, real_rate, total_consumption, version, year, category_id) VALUES (7, 9.000, 3.000, 1, 2022, 9);
INSERT INTO public.cost (month, real_rate, total_consumption, version, year, category_id) VALUES (8, 9.308, 3.000, 1, 2022, 9);
INSERT INTO public.cost (month, real_rate, total_consumption, version, year, category_id) VALUES (9, 8.971, 3.000, 1, 2022, 9);
INSERT INTO public.cost (month, real_rate, total_consumption, version, year, category_id) VALUES (10, 9.221, 3.000, 1, 2022, 9);
INSERT INTO public.cost (month, real_rate, total_consumption, version, year, category_id) VALUES (11, 8.943, 3.000, 1, 2022, 9);
INSERT INTO public.cost (month, real_rate, total_consumption, version, year, category_id) VALUES (0, 238.746, 3.000, 1, 2022, 10);
INSERT INTO public.cost (month, real_rate, total_consumption, version, year, category_id) VALUES (1, 245.767, 3.000, 1, 2022, 10);
INSERT INTO public.cost (month, real_rate, total_consumption, version, year, category_id) VALUES (2, 258.291, 3.000, 1, 2022, 10);
INSERT INTO public.cost (month, real_rate, total_consumption, version, year, category_id) VALUES (3, 246.273, 3.000, 1, 2022, 10);
INSERT INTO public.cost (month, real_rate, total_consumption, version, year, category_id) VALUES (4, 262.291, 3.000, 1, 2022, 10);
INSERT INTO public.cost (month, real_rate, total_consumption, version, year, category_id) VALUES (5, 253.529, 3.000, 1, 2022, 10);
INSERT INTO public.cost (month, real_rate, total_consumption, version, year, category_id) VALUES (6, 259.377, 3.000, 1, 2022, 10);
INSERT INTO public.cost (month, real_rate, total_consumption, version, year, category_id) VALUES (7, 259.838, 3.000, 1, 2022, 10);
INSERT INTO public.cost (month, real_rate, total_consumption, version, year, category_id) VALUES (8, 245.214, 3.000, 1, 2022, 10);
INSERT INTO public.cost (month, real_rate, total_consumption, version, year, category_id) VALUES (9, 240.524, 3.000, 1, 2022, 10);
INSERT INTO public.cost (month, real_rate, total_consumption, version, year, category_id) VALUES (10, 250.449, 3.000, 1, 2022, 10);
INSERT INTO public.cost (month, real_rate, total_consumption, version, year, category_id) VALUES (11, 255.126, 3.000, 1, 2022, 10);
INSERT INTO public.cost (month, real_rate, total_consumption, version, year, category_id) VALUES (0, 95.534, 6.000, 1, 2023, 1);
INSERT INTO public.cost (month, real_rate, total_consumption, version, year, category_id) VALUES (1, 103.466, 6.000, 1, 2023, 1);
INSERT INTO public.cost (month, real_rate, total_consumption, version, year, category_id) VALUES (2, 99.604, 6.000, 1, 2023, 1);
INSERT INTO public.cost (month, real_rate, total_consumption, version, year, category_id) VALUES (3, 95.140, 6.000, 1, 2023, 1);
INSERT INTO public.cost (month, real_rate, total_consumption, version, year, category_id) VALUES (4, 98.165, 6.000, 1, 2023, 1);
INSERT INTO public.cost (month, real_rate, total_consumption, version, year, category_id) VALUES (5, 95.346, 6.000, 1, 2023, 1);
INSERT INTO public.cost (month, real_rate, total_consumption, version, year, category_id) VALUES (0, 48.725, 6.000, 1, 2023, 2);
INSERT INTO public.cost (month, real_rate, total_consumption, version, year, category_id) VALUES (1, 50.994, 6.000, 1, 2023, 2);
INSERT INTO public.cost (month, real_rate, total_consumption, version, year, category_id) VALUES (2, 51.212, 6.000, 1, 2023, 2);
INSERT INTO public.cost (month, real_rate, total_consumption, version, year, category_id) VALUES (3, 47.678, 6.000, 1, 2023, 2);
INSERT INTO public.cost (month, real_rate, total_consumption, version, year, category_id) VALUES (4, 48.696, 6.000, 1, 2023, 2);
INSERT INTO public.cost (month, real_rate, total_consumption, version, year, category_id) VALUES (5, 48.482, 6.000, 1, 2023, 2);
INSERT INTO public.cost (month, real_rate, total_consumption, version, year, category_id) VALUES (0, 5.189, 408.000, 1, 2023, 3);
INSERT INTO public.cost (month, real_rate, total_consumption, version, year, category_id) VALUES (1, 4.951, 408.000, 1, 2023, 3);
INSERT INTO public.cost (month, real_rate, total_consumption, version, year, category_id) VALUES (2, 4.913, 408.000, 1, 2023, 3);
INSERT INTO public.cost (month, real_rate, total_consumption, version, year, category_id) VALUES (3, 4.940, 408.000, 1, 2023, 3);
INSERT INTO public.cost (month, real_rate, total_consumption, version, year, category_id) VALUES (4, 5.011, 408.000, 1, 2023, 3);
INSERT INTO public.cost (month, real_rate, total_consumption, version, year, category_id) VALUES (5, 5.074, 408.000, 1, 2023, 3);
INSERT INTO public.cost (month, real_rate, total_consumption, version, year, category_id) VALUES (0, 7.131, 694.668, 1, 2023, 4);
INSERT INTO public.cost (month, real_rate, total_consumption, version, year, category_id) VALUES (1, 6.847, 614.224, 1, 2023, 4);
INSERT INTO public.cost (month, real_rate, total_consumption, version, year, category_id) VALUES (2, 6.738, 791.613, 1, 2023, 4);
INSERT INTO public.cost (month, real_rate, total_consumption, version, year, category_id) VALUES (3, 7.074, 37.831, 1, 2023, 4);
INSERT INTO public.cost (month, real_rate, total_consumption, version, year, category_id) VALUES (4, 6.863, 70.176, 1, 2023, 4);
INSERT INTO public.cost (month, real_rate, total_consumption, version, year, category_id) VALUES (5, 7.160, 31.004, 1, 2023, 4);
INSERT INTO public.cost (month, real_rate, total_consumption, version, year, category_id) VALUES (0, 3.829, 1020.171, 1, 2023, 5);
INSERT INTO public.cost (month, real_rate, total_consumption, version, year, category_id) VALUES (1, 4.040, 973.105, 1, 2023, 5);
INSERT INTO public.cost (month, real_rate, total_consumption, version, year, category_id) VALUES (2, 3.913, 1178.200, 1, 2023, 5);
INSERT INTO public.cost (month, real_rate, total_consumption, version, year, category_id) VALUES (3, 4.001, 25.827, 1, 2023, 5);
INSERT INTO public.cost (month, real_rate, total_consumption, version, year, category_id) VALUES (4, 4.051, 7.952, 1, 2023, 5);
INSERT INTO public.cost (month, real_rate, total_consumption, version, year, category_id) VALUES (5, 3.837, 55.327, 1, 2023, 5);
INSERT INTO public.cost (month, real_rate, total_consumption, version, year, category_id) VALUES (0, 20.235, 3.000, 1, 2023, 6);
INSERT INTO public.cost (month, real_rate, total_consumption, version, year, category_id) VALUES (1, 20.788, 3.000, 1, 2023, 6);
INSERT INTO public.cost (month, real_rate, total_consumption, version, year, category_id) VALUES (2, 19.249, 3.000, 1, 2023, 6);
INSERT INTO public.cost (month, real_rate, total_consumption, version, year, category_id) VALUES (3, 19.545, 3.000, 1, 2023, 6);
INSERT INTO public.cost (month, real_rate, total_consumption, version, year, category_id) VALUES (4, 20.599, 3.000, 1, 2023, 6);
INSERT INTO public.cost (month, real_rate, total_consumption, version, year, category_id) VALUES (5, 19.289, 3.000, 1, 2023, 6);
INSERT INTO public.cost (month, real_rate, total_consumption, version, year, category_id) VALUES (0, 27.071, 18.000, 1, 2023, 7);
INSERT INTO public.cost (month, real_rate, total_consumption, version, year, category_id) VALUES (1, 27.776, 18.000, 1, 2023, 7);
INSERT INTO public.cost (month, real_rate, total_consumption, version, year, category_id) VALUES (2, 27.474, 18.000, 1, 2023, 7);
INSERT INTO public.cost (month, real_rate, total_consumption, version, year, category_id) VALUES (3, 27.218, 18.000, 1, 2023, 7);
INSERT INTO public.cost (month, real_rate, total_consumption, version, year, category_id) VALUES (4, 27.300, 18.000, 1, 2023, 7);
INSERT INTO public.cost (month, real_rate, total_consumption, version, year, category_id) VALUES (5, 27.304, 18.000, 1, 2023, 7);
INSERT INTO public.cost (month, real_rate, total_consumption, version, year, category_id) VALUES (0, 4.941, 10.000, 1, 2023, 8);
INSERT INTO public.cost (month, real_rate, total_consumption, version, year, category_id) VALUES (1, 4.919, 10.000, 1, 2023, 8);
INSERT INTO public.cost (month, real_rate, total_consumption, version, year, category_id) VALUES (2, 4.855, 10.000, 1, 2023, 8);
INSERT INTO public.cost (month, real_rate, total_consumption, version, year, category_id) VALUES (3, 5.108, 10.000, 1, 2023, 8);
INSERT INTO public.cost (month, real_rate, total_consumption, version, year, category_id) VALUES (4, 5.125, 10.000, 1, 2023, 8);
INSERT INTO public.cost (month, real_rate, total_consumption, version, year, category_id) VALUES (5, 5.212, 10.000, 1, 2023, 8);
INSERT INTO public.cost (month, real_rate, total_consumption, version, year, category_id) VALUES (0, 8.797, 3.000, 1, 2023, 9);
INSERT INTO public.cost (month, real_rate, total_consumption, version, year, category_id) VALUES (1, 9.328, 3.000, 1, 2023, 9);
INSERT INTO public.cost (month, real_rate, total_consumption, version, year, category_id) VALUES (2, 8.694, 3.000, 1, 2023, 9);
INSERT INTO public.cost (month, real_rate, total_consumption, version, year, category_id) VALUES (3, 9.064, 3.000, 1, 2023, 9);
INSERT INTO public.cost (month, real_rate, total_consumption, version, year, category_id) VALUES (4, 9.018, 3.000, 1, 2023, 9);
INSERT INTO public.cost (month, real_rate, total_consumption, version, year, category_id) VALUES (5, 8.551, 3.000, 1, 2023, 9);
INSERT INTO public.cost (month, real_rate, total_consumption, version, year, category_id) VALUES (0, 239.271, 3.000, 1, 2023, 10);
INSERT INTO public.cost (month, real_rate, total_consumption, version, year, category_id) VALUES (1, 261.801, 3.000, 1, 2023, 10);
INSERT INTO public.cost (month, real_rate, total_consumption, version, year, category_id) VALUES (2, 259.818, 3.000, 1, 2023, 10);
INSERT INTO public.cost (month, real_rate, total_consumption, version, year, category_id) VALUES (3, 240.888, 3.000, 1, 2023, 10);
INSERT INTO public.cost (month, real_rate, total_consumption, version, year, category_id) VALUES (4, 252.044, 3.000, 1, 2023, 10);
INSERT INTO public.cost (month, real_rate, total_consumption, version, year, category_id) VALUES (5, 259.160, 3.000, 1, 2023, 10);
--endregion

--region report
--Report
INSERT INTO public.report (id, created_time, total_consumption, total_cost, updated_time, version, year, category_id, place_id, created_by, updated_by) VALUES (47, '2023-06-03 22:38:00.766728', 12.024, 1219.956, '2023-06-05 17:51:23.134439', 3, 2022, 1, 1, -2, -2);
INSERT INTO public.report (id, created_time, total_consumption, total_cost, updated_time, version, year, category_id, place_id, created_by, updated_by) VALUES (48, '2023-06-03 22:38:00.789729', 12.024, 591.424, '2023-06-05 17:51:23.158794', 3, 2022, 2, 1, -2, -2);
INSERT INTO public.report (id, created_time, total_consumption, total_cost, updated_time, version, year, category_id, place_id, created_by, updated_by) VALUES (49, '2023-06-03 22:38:00.808731', 651.168, 3182.618, '2023-06-05 17:51:23.177496', 3, 2022, 3, 1, -2, -2);
INSERT INTO public.report (id, created_time, total_consumption, total_cost, updated_time, version, year, category_id, place_id, created_by, updated_by) VALUES (50, '2023-06-03 22:38:00.829728', 412.158, 2870.407, '2023-06-05 17:51:23.193605', 3, 2022, 4, 1, -2, -2);
INSERT INTO public.report (id, created_time, total_consumption, total_cost, updated_time, version, year, category_id, place_id, created_by, updated_by) VALUES (51, '2023-06-03 22:38:00.851731', 424.071, 1695.876, '2023-06-05 17:51:23.214252', 3, 2022, 5, 1, -2, -2);
INSERT INTO public.report (id, created_time, total_consumption, total_cost, updated_time, version, year, category_id, place_id, created_by, updated_by) VALUES (52, '2023-06-03 22:38:00.872728', 12.024, 242.234, '2023-06-05 17:51:23.244370', 3, 2022, 6, 1, -2, -2);
INSERT INTO public.report (id, created_time, total_consumption, total_cost, updated_time, version, year, category_id, place_id, created_by, updated_by) VALUES (53, '2023-06-03 22:38:00.892747', 48.168, 1346.656, '2023-06-05 17:51:23.283731', 3, 2022, 7, 1, -2, -2);
INSERT INTO public.report (id, created_time, total_consumption, total_cost, updated_time, version, year, category_id, place_id, created_by, updated_by) VALUES (54, '2023-06-03 22:38:00.907727', 12.024, 3021.456, '2023-06-05 17:51:23.318164', 3, 2022, 10, 1, -2, -2);
INSERT INTO public.report (id, created_time, total_consumption, total_cost, updated_time, version, year, category_id, place_id, created_by, updated_by) VALUES (55, '2023-06-03 22:38:00.925749', 12.024, 1219.956, '2023-06-05 17:51:23.358081', 3, 2022, 1, 2, -2, -2);
INSERT INTO public.report (id, created_time, total_consumption, total_cost, updated_time, version, year, category_id, place_id, created_by, updated_by) VALUES (56, '2023-06-03 22:38:00.938727', 12.024, 591.424, '2023-06-05 17:51:23.385066', 3, 2022, 2, 2, -2, -2);
INSERT INTO public.report (id, created_time, total_consumption, total_cost, updated_time, version, year, category_id, place_id, created_by, updated_by) VALUES (57, '2023-06-03 22:38:00.950736', 484.704, 2369.015, '2023-06-05 17:51:23.407067', 3, 2022, 3, 2, -2, -2);
INSERT INTO public.report (id, created_time, total_consumption, total_cost, updated_time, version, year, category_id, place_id, created_by, updated_by) VALUES (58, '2023-06-03 22:38:00.964728', 460.083, 3201.353, '2023-06-05 17:51:23.426084', 3, 2022, 4, 2, -2, -2);
INSERT INTO public.report (id, created_time, total_consumption, total_cost, updated_time, version, year, category_id, place_id, created_by, updated_by) VALUES (59, '2023-06-03 22:38:00.980624', 377.496, 1505.043, '2023-06-05 17:51:23.444066', 3, 2022, 5, 2, -2, -2);
INSERT INTO public.report (id, created_time, total_consumption, total_cost, updated_time, version, year, category_id, place_id, created_by, updated_by) VALUES (60, '2023-06-03 22:38:00.995972', 12.024, 242.234, '2023-06-05 17:51:23.468066', 3, 2022, 6, 2, -2, -2);
INSERT INTO public.report (id, created_time, total_consumption, total_cost, updated_time, version, year, category_id, place_id, created_by, updated_by) VALUES (61, '2023-06-03 22:38:01.015020', 36.072, 1008.482, '2023-06-05 17:51:23.492072', 3, 2022, 7, 2, -2, -2);
INSERT INTO public.report (id, created_time, total_consumption, total_cost, updated_time, version, year, category_id, place_id, created_by, updated_by) VALUES (62, '2023-06-03 22:38:01.032135', 12.024, 3021.456, '2023-06-05 17:51:23.527068', 3, 2022, 10, 2, -2, -2);
INSERT INTO public.report (id, created_time, total_consumption, total_cost, updated_time, version, year, category_id, place_id, created_by, updated_by) VALUES (63, '2023-06-03 22:38:01.059895', 12.024, 1219.956, '2023-06-05 17:51:23.552066', 3, 2022, 1, 3, -2, -2);
INSERT INTO public.report (id, created_time, total_consumption, total_cost, updated_time, version, year, category_id, place_id, created_by, updated_by) VALUES (64, '2023-06-03 22:38:01.080371', 12.024, 591.424, '2023-06-05 17:51:23.568518', 3, 2022, 2, 3, -2, -2);
INSERT INTO public.report (id, created_time, total_consumption, total_cost, updated_time, version, year, category_id, place_id, created_by, updated_by) VALUES (65, '2023-06-03 22:38:01.099272', 386.784, 1890.426, '2023-06-05 17:51:23.582809', 3, 2022, 3, 3, -2, -2);
INSERT INTO public.report (id, created_time, total_consumption, total_cost, updated_time, version, year, category_id, place_id, created_by, updated_by) VALUES (66, '2023-06-03 22:38:01.124786', 406.912, 1629.559, '2023-06-05 17:51:23.596914', 3, 2022, 5, 3, -2, -2);
INSERT INTO public.report (id, created_time, total_consumption, total_cost, updated_time, version, year, category_id, place_id, created_by, updated_by) VALUES (67, '2023-06-03 22:38:01.150894', 12.024, 242.234, '2023-06-05 17:51:23.609323', 3, 2022, 6, 3, -2, -2);
INSERT INTO public.report (id, created_time, total_consumption, total_cost, updated_time, version, year, category_id, place_id, created_by, updated_by) VALUES (68, '2023-06-03 22:38:01.170954', 12.096, 338.173, '2023-06-05 17:51:23.623110', 3, 2022, 7, 3, -2, -2);
INSERT INTO public.report (id, created_time, total_consumption, total_cost, updated_time, version, year, category_id, place_id, created_by, updated_by) VALUES (69, '2023-06-03 22:38:01.187957', 12.024, 108.401, '2023-06-05 17:51:23.640504', 3, 2022, 9, 3, -2, -2);
INSERT INTO public.report (id, created_time, total_consumption, total_cost, updated_time, version, year, category_id, place_id, created_by, updated_by) VALUES (70, '2023-06-03 22:38:01.206954', 12.024, 1219.956, '2023-06-05 17:51:23.668316', 3, 2022, 1, 4, -2, -2);
INSERT INTO public.report (id, created_time, total_consumption, total_cost, updated_time, version, year, category_id, place_id, created_by, updated_by) VALUES (71, '2023-06-03 22:38:01.221954', 12.024, 591.424, '2023-06-05 17:51:23.685077', 3, 2022, 2, 4, -2, -2);
INSERT INTO public.report (id, created_time, total_consumption, total_cost, updated_time, version, year, category_id, place_id, created_by, updated_by) VALUES (72, '2023-06-03 22:38:01.239955', 1405.152, 6867.755, '2023-06-05 17:51:23.701672', 3, 2022, 3, 4, -2, -2);
INSERT INTO public.report (id, created_time, total_consumption, total_cost, updated_time, version, year, category_id, place_id, created_by, updated_by) VALUES (73, '2023-06-03 22:38:01.259957', 409.363, 1628.583, '2023-06-05 17:51:23.719734', 3, 2022, 5, 4, -2, -2);
INSERT INTO public.report (id, created_time, total_consumption, total_cost, updated_time, version, year, category_id, place_id, created_by, updated_by) VALUES (74, '2023-06-03 22:38:01.285958', 60.048, 1678.789, '2023-06-05 17:51:23.745872', 3, 2022, 7, 4, -2, -2);
INSERT INTO public.report (id, created_time, total_consumption, total_cost, updated_time, version, year, category_id, place_id, created_by, updated_by) VALUES (75, '2023-06-03 22:38:01.305960', 60.000, 297.310, '2023-06-05 17:51:23.775041', 3, 2022, 8, 4, -2, -2);
INSERT INTO public.report (id, created_time, total_consumption, total_cost, updated_time, version, year, category_id, place_id, created_by, updated_by) VALUES (76, '2023-06-03 22:38:01.325958', 12.024, 108.401, '2023-06-05 17:51:23.811748', 3, 2022, 9, 4, -2, -2);
INSERT INTO public.report (id, created_time, total_consumption, total_cost, updated_time, version, year, category_id, place_id, created_by, updated_by) VALUES (77, '2023-06-03 22:38:01.345955', 12.024, 1219.956, '2023-06-05 17:51:23.836910', 3, 2022, 1, 5, -2, -2);
INSERT INTO public.report (id, created_time, total_consumption, total_cost, updated_time, version, year, category_id, place_id, created_by, updated_by) VALUES (78, '2023-06-03 22:38:01.363954', 12.024, 591.424, '2023-06-05 17:51:23.857263', 3, 2022, 2, 5, -2, -2);
INSERT INTO public.report (id, created_time, total_consumption, total_cost, updated_time, version, year, category_id, place_id, created_by, updated_by) VALUES (79, '2023-06-03 22:38:01.377953', 817.632, 3996.220, '2023-06-05 17:51:23.873314', 3, 2022, 3, 5, -2, -2);
INSERT INTO public.report (id, created_time, total_consumption, total_cost, updated_time, version, year, category_id, place_id, created_by, updated_by) VALUES (80, '2023-06-03 22:38:01.394051', 391.390, 2732.384, '2023-06-05 17:51:23.887885', 3, 2022, 4, 5, -2, -2);
INSERT INTO public.report (id, created_time, total_consumption, total_cost, updated_time, version, year, category_id, place_id, created_by, updated_by) VALUES (81, '2023-06-03 22:38:01.406955', 426.522, 1697.907, '2023-06-05 17:51:23.908388', 3, 2022, 5, 5, -2, -2);
INSERT INTO public.report (id, created_time, total_consumption, total_cost, updated_time, version, year, category_id, place_id, created_by, updated_by) VALUES (82, '2023-06-03 22:38:01.420955', 24.192, 676.348, '2023-06-05 17:51:23.924526', 3, 2022, 7, 5, -2, -2);
INSERT INTO public.report (id, created_time, total_consumption, total_cost, updated_time, version, year, category_id, place_id, created_by, updated_by) VALUES (83, '2023-06-03 22:38:01.437175', 24.000, 118.924, '2023-06-05 17:51:23.943759', 3, 2022, 8, 5, -2, -2);
INSERT INTO public.report (id, created_time, total_consumption, total_cost, updated_time, version, year, category_id, place_id, created_by, updated_by) VALUES (84, '2023-06-03 22:38:01.451615', 12.024, 3021.456, '2023-06-05 17:51:23.965666', 3, 2022, 10, 5, -2, -2);
INSERT INTO public.report (id, created_time, total_consumption, total_cost, updated_time, version, year, category_id, place_id, created_by, updated_by) VALUES (85, '2023-06-03 22:38:01.469451', 12.024, 1219.956, '2023-06-05 17:51:23.984031', 3, 2022, 1, 6, -2, -2);
INSERT INTO public.report (id, created_time, total_consumption, total_cost, updated_time, version, year, category_id, place_id, created_by, updated_by) VALUES (86, '2023-06-03 22:38:01.487361', 12.024, 591.424, '2023-06-05 17:51:24.005280', 3, 2022, 2, 6, -2, -2);
INSERT INTO public.report (id, created_time, total_consumption, total_cost, updated_time, version, year, category_id, place_id, created_by, updated_by) VALUES (87, '2023-06-03 22:38:01.510786', 1165.248, 5695.212, '2023-06-05 17:51:24.031192', 3, 2022, 3, 6, -2, -2);
INSERT INTO public.report (id, created_time, total_consumption, total_cost, updated_time, version, year, category_id, place_id, created_by, updated_by) VALUES (88, '2023-06-03 22:38:01.534125', 337.075, 2352.547, '2023-06-05 17:51:24.062714', 3, 2022, 4, 6, -2, -2);
INSERT INTO public.report (id, created_time, total_consumption, total_cost, updated_time, version, year, category_id, place_id, created_by, updated_by) VALUES (89, '2023-06-03 22:38:01.554850', 411.814, 1651.638, '2023-06-05 17:51:24.098725', 3, 2022, 5, 6, -2, -2);
INSERT INTO public.report (id, created_time, total_consumption, total_cost, updated_time, version, year, category_id, place_id, created_by, updated_by) VALUES (90, '2023-06-03 22:38:01.574647', 36.072, 1008.482, '2023-06-05 17:51:24.178917', 3, 2022, 7, 6, -2, -2);
INSERT INTO public.report (id, created_time, total_consumption, total_cost, updated_time, version, year, category_id, place_id, created_by, updated_by) VALUES (91, '2023-06-03 22:38:01.591299', 36.000, 178.385, '2023-06-05 17:51:24.204925', 3, 2022, 8, 6, -2, -2);
INSERT INTO public.report (id, created_time, total_consumption, total_cost, updated_time, version, year, category_id, place_id, created_by, updated_by) VALUES (92, '2023-06-03 22:38:01.606773', 12.024, 108.401, '2023-06-05 17:51:24.248059', 3, 2022, 9, 6, -2, -2);
--endregion
