GRANT SELECT, INSERT, UPDATE, DELETE ON TABLE account TO ssbd05mok;
GRANT SELECT, INSERT, UPDATE, DELETE ON TABLE access_level TO ssbd05mok;
GRANT SELECT, INSERT, UPDATE, DELETE ON TABLE account_data TO ssbd05mok;
GRANT SELECT, INSERT, UPDATE, DELETE ON TABLE admin_data TO ssbd05mok;
GRANT SELECT, INSERT, UPDATE, DELETE ON TABLE manager_data TO ssbd05mok;
GRANT SELECT, INSERT, UPDATE, DELETE ON TABLE owner_data TO ssbd05mok;
GRANT SELECT, INSERT, UPDATE, DELETE ON TABLE token TO ssbd05mok;
GRANT SELECT, INSERT, UPDATE ON TABLE city_dict TO ssbd05mok;
GRANT SELECT, INSERT, UPDATE, DELETE ON TABLE past_passwords TO ssbd05mok;

CREATE VIEW auth_view AS SELECT login, password, level FROM account a, access_level al WHERE (a.id = al.account_id) AND a.active = TRUE AND a.verified = TRUE AND al.active = TRUE AND al.verified = TRUE;

GRANT SELECT ON auth_view TO ssbd05auth;

GRANT SELECT, INSERT, UPDATE ON TABLE building TO ssbd05mow;
GRANT SELECT ON TABLE category TO ssbd05mow;
GRANT SELECT, INSERT, UPDATE, DELETE ON TABLE cost TO ssbd05mow;
GRANT SELECT, INSERT, UPDATE, DELETE ON TABLE forecast TO ssbd05mow;
GRANT SELECT, INSERT, UPDATE ON TABLE meter TO ssbd05mow;
GRANT SELECT, INSERT, UPDATE ON TABLE place TO ssbd05mow;
GRANT SELECT, INSERT, DELETE ON TABLE place_owner TO ssbd05mow;
GRANT SELECT, INSERT, DELETE ON TABLE place_rate TO ssbd05mow;
GRANT SELECT, INSERT, UPDATE, DELETE ON TABLE rate TO ssbd05mow;
GRANT SELECT, INSERT, UPDATE ON TABLE reading TO ssbd05mow;
GRANT SELECT, INSERT ON TABLE report TO ssbd05mow;

GRANT SELECT ON TABLE account TO ssbd05mow;
GRANT SELECT ON TABLE account_data TO ssbd05mow;
GRANT SELECT ON TABLE access_level TO ssbd05mow;
GRANT SELECT ON TABLE owner_data TO ssbd05mow;
GRANT SELECT ON TABLE manager_data TO ssbd05mow;
GRANT SELECT ON TABLE admin_data TO ssbd05mow;

GRANT SELECT, UPDATE ON SEQUENCE city_dict_id_seq TO ssbd05mok;
GRANT SELECT, UPDATE ON SEQUENCE access_level_id_seq TO ssbd05mok;
GRANT SELECT, UPDATE ON SEQUENCE account_id_seq TO ssbd05mok;
GRANT SELECT, UPDATE ON SEQUENCE token_id_seq TO ssbd05mok;

GRANT SELECT, UPDATE ON SEQUENCE building_id_seq TO ssbd05mow;
GRANT SELECT, UPDATE ON SEQUENCE category_id_seq TO ssbd05mow;
GRANT SELECT, UPDATE ON SEQUENCE cost_id_seq TO ssbd05mow;
GRANT SELECT, UPDATE ON SEQUENCE forecast_id_seq TO ssbd05mow;
GRANT SELECT, UPDATE ON SEQUENCE meter_id_seq TO ssbd05mow;
GRANT SELECT, UPDATE ON SEQUENCE place_id_seq TO ssbd05mow;
GRANT SELECT, UPDATE ON SEQUENCE rate_id_seq TO ssbd05mow;
GRANT SELECT, UPDATE ON SEQUENCE reading_id_seq TO ssbd05mow;
GRANT SELECT, UPDATE ON SEQUENCE report_id_seq TO ssbd05mow;

CREATE INDEX access_level_account_id ON access_level USING btree (account_id);
CREATE INDEX cost_category_id ON cost USING btree (category_id);
CREATE INDEX forecast_place_id ON forecast USING btree (place_id);
CREATE INDEX forecast_rate_id ON forecast USING btree (rate_id);
CREATE INDEX meter_category_id ON meter USING btree (category_id);
CREATE INDEX meter_place_id ON meter USING btree (place_id);
CREATE INDEX place_building_id ON place USING btree (building_id);
CREATE INDEX place_owner_owner_id ON place_owner USING btree (owner_id);
CREATE INDEX place_owner_place_id ON place_owner USING btree (place_id);
CREATE INDEX place_rate_place_id ON place_rate USING btree (place_id);
CREATE INDEX place_rate_rate_id ON place_rate USING btree (rate_id);
CREATE INDEX rate_category_id ON rate USING btree (category_id);
CREATE INDEX reading_meter_id ON reading USING btree (meter_id);
CREATE INDEX report_category_id ON report USING btree (category_id);
CREATE INDEX report_place_id ON report USING btree (place_id);
CREATE INDEX token_account_id ON token USING btree (account_id);

insert into public.account (id, active, reminded, email, language, login, password, verified, version, last_successful_login, last_successful_login_ip, last_unsuccessful_login, last_unsuccessful_login_ip, unsuccessful_login_chain_counter, two_factor_auth, created_time, light_theme_preferred) values (-1, true, false, 'ikaminski@gmail.local', 'PL', 'ikaminski', '$2a$10$47RnVSSBePYgtBVtERuu8.6Z3vVoBq4oriZgy.LAvB0dL2UuVV6RW', true, 0, null, null, null, null, 0, false, CURRENT_TIMESTAMP, true);
insert into public.account (id, active, reminded, email, language, login, password, verified, version, last_successful_login, last_successful_login_ip, last_unsuccessful_login, last_unsuccessful_login_ip, unsuccessful_login_chain_counter, two_factor_auth, created_time, light_theme_preferred) values (-2, true, false, 'lnowicki@gmail.local', 'PL', 'lnowicki', '$2a$10$47RnVSSBePYgtBVtERuu8.6Z3vVoBq4oriZgy.LAvB0dL2UuVV6RW', true, 0, null, null, null, null, 0, false, CURRENT_TIMESTAMP, true);
insert into public.account (id, active, reminded, email, language, login, password, verified, version, last_successful_login, last_successful_login_ip, last_unsuccessful_login, last_unsuccessful_login_ip, unsuccessful_login_chain_counter, two_factor_auth, created_time, light_theme_preferred) values (-3, true, false, 'pzielinski@gmail.local', 'PL', 'pzielinski', '$2a$10$47RnVSSBePYgtBVtERuu8.6Z3vVoBq4oriZgy.LAvB0dL2UuVV6RW', true, 0, null, null, null, null, 0, false, CURRENT_TIMESTAMP, true);
insert into public.account (id, active, reminded, email, language, login, password, verified, version, last_successful_login, last_successful_login_ip, last_unsuccessful_login, last_unsuccessful_login_ip, unsuccessful_login_chain_counter, two_factor_auth, created_time, light_theme_preferred) values (-4, true, false, 'pduda@gmail.local', 'PL', 'pduda', '$2a$10$47RnVSSBePYgtBVtERuu8.6Z3vVoBq4oriZgy.LAvB0dL2UuVV6RW', true, 0, null, null, null, null, 0, false, CURRENT_TIMESTAMP, true);
insert into public.account (id, active, reminded, email, language, login, password, verified, version, last_successful_login, last_successful_login_ip, last_unsuccessful_login, last_unsuccessful_login_ip, unsuccessful_login_chain_counter, two_factor_auth, created_time, light_theme_preferred) values (-5, true, false, 'dchmielewski@gmail.local', 'PL', 'dchmielewski', '$2a$10$47RnVSSBePYgtBVtERuu8.6Z3vVoBq4oriZgy.LAvB0dL2UuVV6RW', true, 0, null, null, null, null, 0, false, CURRENT_TIMESTAMP, true);
insert into public.account (id, active, reminded, email, language, login, password, verified, version, last_successful_login, last_successful_login_ip, last_unsuccessful_login, last_unsuccessful_login_ip, unsuccessful_login_chain_counter, two_factor_auth, created_time, light_theme_preferred) values (-6, true, false, 'bjaworski@gmail.local', 'PL', 'bjaworski', '$2a$10$47RnVSSBePYgtBVtERuu8.6Z3vVoBq4oriZgy.LAvB0dL2UuVV6RW', true, 0, null, null, null, null, 0, false, CURRENT_TIMESTAMP, true);
insert into public.account (id, active, reminded, email, language, login, password, verified, version, last_successful_login, last_successful_login_ip, last_unsuccessful_login, last_unsuccessful_login_ip, unsuccessful_login_chain_counter, two_factor_auth, created_time, light_theme_preferred) values (-7, true, false, 'kkuleczka@gmail.local', 'PL', 'kkuleczka', '$2a$10$47RnVSSBePYgtBVtERuu8.6Z3vVoBq4oriZgy.LAvB0dL2UuVV6RW', true, 0, null, null, null, null, 0, false, CURRENT_TIMESTAMP, true);
insert into public.account (id, active, reminded, email, language, login, password, verified, version, last_successful_login, last_successful_login_ip, last_unsuccessful_login, last_unsuccessful_login_ip, unsuccessful_login_chain_counter, two_factor_auth, created_time, light_theme_preferred) values (-8, true, false, 'mkrol@gmail.local', 'PL', 'mkrol', '$2a$10$47RnVSSBePYgtBVtERuu8.6Z3vVoBq4oriZgy.LAvB0dL2UuVV6RW', true, 0, null, null, null, null, 0, false, CURRENT_TIMESTAMP, true);
insert into public.account (id, active, reminded, email, language, login, password, verified, version, last_successful_login, last_successful_login_ip, last_unsuccessful_login, last_unsuccessful_login_ip, unsuccessful_login_chain_counter, two_factor_auth, created_time, light_theme_preferred) values (-9, true, false, 'rnowak@gmail.local', 'PL', 'rnowak', '$2a$10$47RnVSSBePYgtBVtERuu8.6Z3vVoBq4oriZgy.LAvB0dL2UuVV6RW', false, 0, null, null, null, null, 0, false, CURRENT_TIMESTAMP, true);
insert into public.account (id, active, reminded, email, language, login, password, verified, version, last_successful_login, last_successful_login_ip, last_unsuccessful_login, last_unsuccessful_login_ip, unsuccessful_login_chain_counter, two_factor_auth, created_time, light_theme_preferred) values (-10, false, false, 'nkowalska@gmail.local', 'PL', 'nkowalska', '$2a$10$47RnVSSBePYgtBVtERuu8.6Z3vVoBq4oriZgy.LAvB0dL2UuVV6RW', true, 0, null, null, null, null, 0, false, CURRENT_TIMESTAMP, true);
insert into public.account (id, active, reminded, email, language, login, password, verified, version, last_successful_login, last_successful_login_ip, last_unsuccessful_login, last_unsuccessful_login_ip, unsuccessful_login_chain_counter, two_factor_auth, created_time, light_theme_preferred) values (-11, false, false, 'aczarnecki@gmail.local', 'PL', 'aczarnecki', '$2a$10$47RnVSSBePYgtBVtERuu8.6Z3vVoBq4oriZgy.LAvB0dL2UuVV6RW', true, 0, null, null, null, null, 0, false, CURRENT_TIMESTAMP, true);
insert into public.account (id, active, reminded, email, language, login, password, verified, version, last_successful_login, last_successful_login_ip, last_unsuccessful_login, last_unsuccessful_login_ip, unsuccessful_login_chain_counter, two_factor_auth, created_time, light_theme_preferred) values (-12, true, false, 'ntracz@gmail.local', 'PL', 'ntracz', '$2a$10$47RnVSSBePYgtBVtERuu8.6Z3vVoBq4oriZgy.LAvB0dL2UuVV6RW', false, 0, null, null, null, null, 0, false, CURRENT_TIMESTAMP, true);
insert into public.account (id, active, reminded, email, language, login, password, verified, version, last_successful_login, last_successful_login_ip, last_unsuccessful_login, last_unsuccessful_login_ip, unsuccessful_login_chain_counter, two_factor_auth, created_time, light_theme_preferred) values (-13, true, false, 'bkowalewski@gmail.local', 'PL', 'bkowalewski', '$2a$10$47RnVSSBePYgtBVtERuu8.6Z3vVoBq4oriZgy.LAvB0dL2UuVV6RW', true, 0, null, null, null, null, 0, false, CURRENT_TIMESTAMP, true);
insert into public.account (id, active, reminded, email, language, login, password, verified, version, last_successful_login, last_successful_login_ip, last_unsuccessful_login, last_unsuccessful_login_ip, unsuccessful_login_chain_counter, two_factor_auth, created_time, light_theme_preferred) values (-14, true, false, 'jstanczyk@gmail.local', 'PL', 'jstanczyk', '$2a$10$47RnVSSBePYgtBVtERuu8.6Z3vVoBq4oriZgy.LAvB0dL2UuVV6RW', true, 0, null, null, null, null, 0, false, CURRENT_TIMESTAMP, true);
insert into public.account (id, active, reminded, email, language, login, password, verified, version, last_successful_login, last_successful_login_ip, last_unsuccessful_login, last_unsuccessful_login_ip, unsuccessful_login_chain_counter, two_factor_auth, created_time, light_theme_preferred) values (-15, true, false, 'wplatynowy@gmail.local', 'PL', 'wplatynowy', '$2a$10$47RnVSSBePYgtBVtERuu8.6Z3vVoBq4oriZgy.LAvB0dL2UuVV6RW', true, 0, null, null, null, null, 0, false, CURRENT_TIMESTAMP, true);
insert into public.account (id, active, reminded, email, language, login, password, verified, version, last_successful_login, last_successful_login_ip, last_unsuccessful_login, last_unsuccessful_login_ip, unsuccessful_login_chain_counter, two_factor_auth, created_time, light_theme_preferred) values (-16, true, false, 'azloty@gmail.local', 'PL', 'azloty', '$2a$10$47RnVSSBePYgtBVtERuu8.6Z3vVoBq4oriZgy.LAvB0dL2UuVV6RW', true, 0, null, null, null, null, 0, false, CURRENT_TIMESTAMP, true);
insert into public.account (id, active, reminded, email, language, login, password, verified, version, last_successful_login, last_successful_login_ip, last_unsuccessful_login, last_unsuccessful_login_ip, unsuccessful_login_chain_counter, two_factor_auth, created_time, light_theme_preferred) values (-17, true, false, 'asrebrna@gmail.local', 'PL', 'asrebrna', '$2a$10$47RnVSSBePYgtBVtERuu8.6Z3vVoBq4oriZgy.LAvB0dL2UuVV6RW', true, 0, null, null, null, null, 0, false, CURRENT_TIMESTAMP, true);
insert into public.account (id, active, reminded, email, language, login, password, verified, version, last_successful_login, last_successful_login_ip, last_unsuccessful_login, last_unsuccessful_login_ip, unsuccessful_login_chain_counter, two_factor_auth, created_time, light_theme_preferred) values (-18, true, false, 'jkowalski@gmail.local', 'PL', 'jkowalski', '$2a$10$47RnVSSBePYgtBVtERuu8.6Z3vVoBq4oriZgy.LAvB0dL2UuVV6RW', true, 0, null, null, null, null, 0, false, CURRENT_TIMESTAMP, true);
insert into public.account (id, active, reminded, email, language, login, password, verified, version, last_successful_login, last_successful_login_ip, last_unsuccessful_login, last_unsuccessful_login_ip, unsuccessful_login_chain_counter, two_factor_auth, created_time, light_theme_preferred) values (-19, true, false, 'anowak@gmail.local', 'PL', 'anowak', '$2a$10$47RnVSSBePYgtBVtERuu8.6Z3vVoBq4oriZgy.LAvB0dL2UuVV6RW', true, 0, null, null, null, null, 0, false, CURRENT_TIMESTAMP, true);
insert into public.account (id, active, reminded, email, language, login, password, verified, version, last_successful_login, last_successful_login_ip, last_unsuccessful_login, last_unsuccessful_login_ip, unsuccessful_login_chain_counter, two_factor_auth, created_time, light_theme_preferred) values (-20, true, false, 'dbocian@gmail.local', 'PL', 'dbocian', '$2a$10$47RnVSSBePYgtBVtERuu8.6Z3vVoBq4oriZgy.LAvB0dL2UuVV6RW', true, 0, null, null, null, null, 0, false, CURRENT_TIMESTAMP, true);
insert into public.account (id, active, reminded, email, language, login, password, verified, version, last_successful_login, last_successful_login_ip, last_unsuccessful_login, last_unsuccessful_login_ip, unsuccessful_login_chain_counter, two_factor_auth, created_time, light_theme_preferred) values (-21, true, false, 'tpolak@gmail.local', 'PL', 'tpolak', '$2a$10$47RnVSSBePYgtBVtERuu8.6Z3vVoBq4oriZgy.LAvB0dL2UuVV6RW', true, 0, null, null, null, null, 0, false, CURRENT_TIMESTAMP, true);
insert into public.account (id, active, reminded, email, language, login, password, verified, version, last_successful_login, last_successful_login_ip, last_unsuccessful_login, last_unsuccessful_login_ip, unsuccessful_login_chain_counter, two_factor_auth, created_time, light_theme_preferred) values (-22, true, false, 'randrzejczak@gmail.local', 'PL', 'randrzejczak', '$2a$10$47RnVSSBePYgtBVtERuu8.6Z3vVoBq4oriZgy.LAvB0dL2UuVV6RW', true, 0, null, null, null, null, 0, false, CURRENT_TIMESTAMP, true);
insert into public.account (id, active, reminded, email, language, login, password, verified, version, last_successful_login, last_successful_login_ip, last_unsuccessful_login, last_unsuccessful_login_ip, unsuccessful_login_chain_counter, two_factor_auth, created_time, light_theme_preferred) values (-23, true, false, 'kmalarczyk@gmail.local', 'PL', 'kmalarczyk', '$2a$10$47RnVSSBePYgtBVtERuu8.6Z3vVoBq4oriZgy.LAvB0dL2UuVV6RW', true, 0, null, null, null, null, 0, false, CURRENT_TIMESTAMP, true);
insert into public.account (id, active, reminded, email, language, login, password, verified, version, last_successful_login, last_successful_login_ip, last_unsuccessful_login, last_unsuccessful_login_ip, unsuccessful_login_chain_counter, two_factor_auth, created_time, light_theme_preferred) values (-24, true, false, 'kkuran@gmail.local', 'PL', 'kkuran', '$2a$10$47RnVSSBePYgtBVtERuu8.6Z3vVoBq4oriZgy.LAvB0dL2UuVV6RW', true, 0, null, null, null, null, 0, false, CURRENT_TIMESTAMP, true);
insert into public.account (id, active, reminded, email, language, login, password, verified, version, last_successful_login, last_successful_login_ip, last_unsuccessful_login, last_unsuccessful_login_ip, unsuccessful_login_chain_counter, two_factor_auth, created_time, light_theme_preferred) values (-25, true, false, 'mnowakowska@gmail.local', 'PL', 'mnowakowska', '$2a$10$47RnVSSBePYgtBVtERuu8.6Z3vVoBq4oriZgy.LAvB0dL2UuVV6RW', true, 0, null, null, null, null, 0, false, CURRENT_TIMESTAMP, true);
insert into public.account (id, active, reminded, email, language, login, password, verified, version, last_successful_login, last_successful_login_ip, last_unsuccessful_login, last_unsuccessful_login_ip, unsuccessful_login_chain_counter, two_factor_auth, created_time, light_theme_preferred) values (-26, true, false, 'jkubiak@gmail.local', 'PL', 'jkubiak', '$2a$10$47RnVSSBePYgtBVtERuu8.6Z3vVoBq4oriZgy.LAvB0dL2UuVV6RW', true, 0, null, null, null, null, 0, false, CURRENT_TIMESTAMP, true);
insert into public.account (id, active, reminded, email, language, login, password, verified, version, last_successful_login, last_successful_login_ip, last_unsuccessful_login, last_unsuccessful_login_ip, unsuccessful_login_chain_counter, two_factor_auth, created_time, light_theme_preferred) values (-27, true, false, 'kgraczyk@gmail.local', 'PL', 'kgraczyk', '$2a$10$47RnVSSBePYgtBVtERuu8.6Z3vVoBq4oriZgy.LAvB0dL2UuVV6RW', true, 0, null, null, null, null, 0, false, CURRENT_TIMESTAMP, false);
insert into public.account (id, active, reminded, email, language, login, password, verified, version, last_successful_login, last_successful_login_ip, last_unsuccessful_login, last_unsuccessful_login_ip, unsuccessful_login_chain_counter, two_factor_auth, created_time, light_theme_preferred) values (-28, true, false, 'wlokietek@gmail.local', 'PL', 'wlokietek', '$2a$10$47RnVSSBePYgtBVtERuu8.6Z3vVoBq4oriZgy.LAvB0dL2UuVV6RW', true, 0, null, null, null, null, 0, false, CURRENT_TIMESTAMP, true);
insert into public.account (id, active, reminded, email, language, login, password, verified, version, last_successful_login, last_successful_login_ip, last_unsuccessful_login, last_unsuccessful_login_ip, unsuccessful_login_chain_counter, two_factor_auth, created_time, light_theme_preferred) values (-29, true, false, 'wodwazny@gmail.local', 'PL', 'wodwazny', '$2a$10$47RnVSSBePYgtBVtERuu8.6Z3vVoBq4oriZgy.LAvB0dL2UuVV6RW', true, 0, null, null, null, null, 0, false, CURRENT_TIMESTAMP, true);
insert into public.account (id, active, reminded, email, language, login, password, verified, version, last_successful_login, last_successful_login_ip, last_unsuccessful_login, last_unsuccessful_login_ip, unsuccessful_login_chain_counter, two_factor_auth, created_time, light_theme_preferred) values (-30, true, false, 'kkowalski@gmail.local', 'PL', 'kkowalski', '$2a$10$47RnVSSBePYgtBVtERuu8.6Z3vVoBq4oriZgy.LAvB0dL2UuVV6RW', true, 0, null, null, null, null, 0, false, CURRENT_TIMESTAMP, true);
insert into public.account (id, active, reminded, email, language, login, password, verified, version, last_successful_login, last_successful_login_ip, last_unsuccessful_login, last_unsuccessful_login_ip, unsuccessful_login_chain_counter, two_factor_auth, created_time, light_theme_preferred) values (-31, true, false, 'ptomczyk@gmail.local', 'PL', 'ptomczyk', '$2a$10$47RnVSSBePYgtBVtERuu8.6Z3vVoBq4oriZgy.LAvB0dL2UuVV6RW', true, 0, null, null, null, null, 0, false, CURRENT_TIMESTAMP, true);
insert into public.account (id, active, reminded, email, language, login, password, verified, version, last_successful_login, last_successful_login_ip, last_unsuccessful_login, last_unsuccessful_login_ip, unsuccessful_login_chain_counter, two_factor_auth, created_time, light_theme_preferred) values (-32, true, false, 'iradecka@gmail.local', 'PL', 'iradecka', '$2a$10$47RnVSSBePYgtBVtERuu8.6Z3vVoBq4oriZgy.LAvB0dL2UuVV6RW', true, 0, null, null, null, null, 0, false, CURRENT_TIMESTAMP, true);
insert into public.account (id, active, reminded, email, language, login, password, verified, version, last_successful_login, last_successful_login_ip, last_unsuccessful_login, last_unsuccessful_login_ip, unsuccessful_login_chain_counter, two_factor_auth, created_time, light_theme_preferred) values (-33, true, false, 'fmleczko@gmail.local', 'PL', 'fmleczko', '$2a$10$47RnVSSBePYgtBVtERuu8.6Z3vVoBq4oriZgy.LAvB0dL2UuVV6RW', true, 0, null, null, null, null, 0, false, CURRENT_TIMESTAMP, true);
insert into public.account (id, active, reminded, email, language, login, password, verified, version, last_successful_login, last_successful_login_ip, last_unsuccessful_login, last_unsuccessful_login_ip, unsuccessful_login_chain_counter, two_factor_auth, created_time, light_theme_preferred) values (-34, true, false, 'abogucka@gmail.local', 'PL', 'abogucka', '$2a$10$47RnVSSBePYgtBVtERuu8.6Z3vVoBq4oriZgy.LAvB0dL2UuVV6RW', true, 0, null, null, null, null, 0, false, CURRENT_TIMESTAMP, true);
insert into public.account (id, active, reminded, email, language, login, password, verified, version, last_successful_login, last_successful_login_ip, last_unsuccessful_login, last_unsuccessful_login_ip, unsuccessful_login_chain_counter, two_factor_auth, created_time, light_theme_preferred) values (-35, true, false, 'kbona@gmail.local', 'PL', 'kbona', '$2a$10$47RnVSSBePYgtBVtERuu8.6Z3vVoBq4oriZgy.LAvB0dL2UuVV6RW', true, 0, null, null, null, null, 0, false, CURRENT_TIMESTAMP, true);
insert into public.account (id, active, reminded, email, language, login, password, verified, version, last_successful_login, last_successful_login_ip, last_unsuccessful_login, last_unsuccessful_login_ip, unsuccessful_login_chain_counter, two_factor_auth, created_time, light_theme_preferred) values (-36, true, false, 'bbezpieczny@gmail.local', 'EN', 'bbezpieczny', '$2a$10$47RnVSSBePYgtBVtERuu8.6Z3vVoBq4oriZgy.LAvB0dL2UuVV6RW', true, 0, null, null, null, null, 0, true, CURRENT_TIMESTAMP, true);
insert into public.account (id, active, reminded, email, language, login, password, verified, version, last_successful_login, last_successful_login_ip, last_unsuccessful_login, last_unsuccessful_login_ip, unsuccessful_login_chain_counter, two_factor_auth, created_time, light_theme_preferred) values (-37, true, false, 'lkwiatkowska@gmail.local', 'PL', 'lkwiatkowska', '$2a$10$47RnVSSBePYgtBVtERuu8.6Z3vVoBq4oriZgy.LAvB0dL2UuVV6RW', true, 0, null, null, null, null, 0, false, CURRENT_TIMESTAMP, true);


-- Account Data
insert into public.account_data (id, first_name, last_name) values (-1, 'Ignacy', 'Kamiński');
insert into public.account_data (id, first_name, last_name) values (-2, 'Ludwik', 'Nowicki');
insert into public.account_data (id, first_name, last_name) values (-3, 'Przemysław', 'Zieliński');
insert into public.account_data (id, first_name, last_name) values (-4, 'Patryk', 'Duda');
insert into public.account_data (id, first_name, last_name) values (-5, 'Dominik', 'Chmielewski');
insert into public.account_data (id, first_name, last_name) values (-6, 'Bartosz', 'Jaworski');
insert into public.account_data (id, first_name, last_name) values (-7, 'Karolina', 'Kuleczka');
insert into public.account_data (id, first_name, last_name) values (-8, 'Marianna', 'Król');
insert into public.account_data (id, first_name, last_name) values (-9, 'Rafał', 'Nowak');
insert into public.account_data (id, first_name, last_name) values (-10, 'Natalia', 'Kowalska');
insert into public.account_data (id, first_name, last_name) values (-11, 'Aleksander', 'Czarnecki');
insert into public.account_data (id, first_name, last_name) values (-12, 'Natalia', 'Tracz');
insert into public.account_data (id, first_name, last_name) values (-13, 'Bartek', 'Kowalewski');
insert into public.account_data (id, first_name, last_name) values (-14, 'Jarosław', 'Stańczyk');
insert into public.account_data (id, first_name, last_name) values (-15, 'Władysław', 'Platynowy');
insert into public.account_data (id, first_name, last_name) values (-16, 'Andrzej', 'Złoty');
insert into public.account_data (id, first_name, last_name) values (-17, 'Anastazja', 'Srebrna');
insert into public.account_data (id, first_name, last_name) values (-18, 'Jan', 'Kowalski');
insert into public.account_data (id, first_name, last_name) values (-19, 'Anna', 'Nowak');
insert into public.account_data (id, first_name, last_name) values (-20, 'Dariusz', 'Bocian');
insert into public.account_data (id, first_name, last_name) values (-21, 'Tomasz', 'Polak');
insert into public.account_data (id, first_name, last_name) values (-22, 'Renata', 'Andrzejczak');
insert into public.account_data (id, first_name, last_name) values (-23, 'Kinga', 'Malarczyk');
insert into public.account_data (id, first_name, last_name) values (-24, 'Katarzyna', 'Kuran');
insert into public.account_data (id, first_name, last_name) values (-25, 'Marianna', 'Nowakowska');
insert into public.account_data (id, first_name, last_name) values (-26, 'Jakub', 'Kubiak');
insert into public.account_data (id, first_name, last_name) values (-27, 'Kamil', 'Graczyk');
insert into public.account_data (id, first_name, last_name) values (-28, 'Władysław', 'Łokietek');
insert into public.account_data (id, first_name, last_name) values (-29, 'Wojciech', 'Odważny');
insert into public.account_data (id, first_name, last_name) values (-30, 'Kamil', 'Kowalski');
insert into public.account_data (id, first_name, last_name) values (-31, 'Piotr', 'Tomczyk');
insert into public.account_data (id, first_name, last_name) values (-32, 'Izabela', 'Radecka');
insert into public.account_data (id, first_name, last_name) values (-33, 'Fabian', 'Mleczko');
insert into public.account_data (id, first_name, last_name) values (-34, 'Aniela', 'Bogucka');
insert into public.account_data (id, first_name, last_name) values (-35, 'Kalina', 'Bona');
insert into public.account_data (id, first_name, last_name) values (-36, 'Bartosz', 'Bezpieczny');
insert into public.account_data (id, first_name, last_name) values (-37, 'Liliana', 'Kwiatkowska');

-- Access Levels
insert into public.access_level (id, level, version, account_id, active, verified, created_time) values (-1, 'OWNER', 0, -1, TRUE, TRUE, CURRENT_TIMESTAMP);
insert into public.access_level (id, level, version, account_id, active, verified, created_time) values (-2, 'OWNER', 0, -2, TRUE, TRUE, CURRENT_TIMESTAMP);
insert into public.access_level (id, level, version, account_id, active, verified, created_time) values (-3, 'OWNER', 0, -3, TRUE, TRUE, CURRENT_TIMESTAMP);
insert into public.access_level (id, level, version, account_id, active, verified, created_time) values (-4, 'OWNER', 0, -4, TRUE, TRUE, CURRENT_TIMESTAMP);
insert into public.access_level (id, level, version, account_id, active, verified, created_time) values (-5, 'MANAGER', 0, -4, TRUE, TRUE, CURRENT_TIMESTAMP);
insert into public.access_level (id, level, version, account_id, active, verified, created_time) values (-6, 'MANAGER', 0, -5, TRUE, TRUE, CURRENT_TIMESTAMP);
insert into public.access_level (id, level, version, account_id, active, verified, created_time) values (-7, 'ADMIN', 0, -6, TRUE, TRUE, CURRENT_TIMESTAMP);
insert into public.access_level (id, level, version, account_id, active, verified, created_time) values (-8, 'ADMIN', 0, -5, TRUE, TRUE, CURRENT_TIMESTAMP);
insert into public.access_level (id, level, version, account_id, active, verified, created_time) values (-9, 'ADMIN', 0, -1, TRUE, TRUE, CURRENT_TIMESTAMP);
insert into public.access_level (id, level, version, account_id, active, verified, created_time) values (-10, 'OWNER', 0, -7, FALSE, FALSE, CURRENT_TIMESTAMP);
insert into public.access_level (id, level, version, account_id, active, verified, created_time) values (-11, 'MANAGER', 0, -8, FALSE, FALSE, CURRENT_TIMESTAMP);
insert into public.access_level (id, level, version, account_id, active, verified, created_time) values (-12, 'OWNER', 0, -9, TRUE, TRUE, CURRENT_TIMESTAMP);
insert into public.access_level (id, level, version, account_id, active, verified, created_time) values (-13, 'MANAGER', 0, -10, TRUE, TRUE, CURRENT_TIMESTAMP);
insert into public.access_level (id, level, version, account_id, active, verified, created_time) values (-14, 'OWNER', 0, -11, TRUE, TRUE, CURRENT_TIMESTAMP);
insert into public.access_level (id, level, version, account_id, active, verified, created_time) values (-15, 'OWNER', 0, -12, FALSE, FALSE, CURRENT_TIMESTAMP);
insert into public.access_level (id, level, version, account_id, active, verified, created_time) values (-16, 'ADMIN', 0, -13, FALSE, TRUE, CURRENT_TIMESTAMP);
insert into public.access_level (id, level, version, account_id, active, verified, created_time) values (-17, 'OWNER', 0, -14, TRUE, TRUE, CURRENT_TIMESTAMP);
insert into public.access_level (id, level, version, account_id, active, verified, created_time) values (-19, 'OWNER', 0, -01, TRUE, FALSE, CURRENT_TIMESTAMP);
insert into public.access_level (id, level, version, account_id, active, verified, created_time) values (-20, 'OWNER', 0, -15, TRUE, TRUE, CURRENT_TIMESTAMP);
insert into public.access_level (id, level, version, account_id, active, verified, created_time) values (-21, 'MANAGER', 0, -16, TRUE, TRUE, CURRENT_TIMESTAMP);
insert into public.access_level (id, level, version, account_id, active, verified, created_time) values (-22, 'ADMIN', 0, -17, TRUE, TRUE, CURRENT_TIMESTAMP);
insert into public.access_level (id, level, version, account_id, active, verified, created_time) values (-60, 'OWNER', 0, -17, TRUE, TRUE, CURRENT_TIMESTAMP);
insert into public.access_level (id, level, version, account_id, active, verified, created_time) values (-23, 'OWNER', 0, -19, FALSE, FALSE, CURRENT_TIMESTAMP);
insert into public.access_level (id, level, version, account_id, active, verified, created_time) values (-24, 'MANAGER', 0, -19, FALSE, FALSE, CURRENT_TIMESTAMP);
insert into public.access_level (id, level, version, account_id, active, verified, created_time) values (-25, 'ADMIN', 0, -19, FALSE, FALSE, CURRENT_TIMESTAMP);
insert into public.access_level (id, level, version, account_id, active, verified, created_time) values (-26, 'OWNER', 0, -20, FALSE, TRUE, CURRENT_TIMESTAMP);
insert into public.access_level (id, level, version, account_id, active, verified, created_time) values (-27, 'MANAGER', 0, -20, FALSE, TRUE, CURRENT_TIMESTAMP);
insert into public.access_level (id, level, version, account_id, active, verified, created_time) values (-28, 'ADMIN', 0, -20, FALSE, TRUE, CURRENT_TIMESTAMP);
insert into public.access_level (id, level, version, account_id, active, verified, created_time) values (-29, 'OWNER', 0, -21, TRUE, TRUE, CURRENT_TIMESTAMP);
insert into public.access_level (id, level, version, account_id, active, verified, created_time) values (-30, 'MANAGER', 0, -21, TRUE, TRUE, CURRENT_TIMESTAMP);
insert into public.access_level (id, level, version, account_id, active, verified, created_time) values (-31, 'ADMIN', 0, -21, TRUE, TRUE, CURRENT_TIMESTAMP);
insert into public.access_level (id, level, version, account_id, active, verified, created_time) values (-32, 'OWNER', 0, -23, FALSE, FALSE, CURRENT_TIMESTAMP);
insert into public.access_level (id, level, version, account_id, active, verified, created_time) values (-33, 'MANAGER', 0, -23, FALSE, FALSE, CURRENT_TIMESTAMP);
insert into public.access_level (id, level, version, account_id, active, verified, created_time) values (-34, 'ADMIN', 0, -23, FALSE, FALSE, CURRENT_TIMESTAMP);
insert into public.access_level (id, level, version, account_id, active, verified, created_time) values (-35, 'OWNER', 0, -24, FALSE, TRUE, CURRENT_TIMESTAMP);
insert into public.access_level (id, level, version, account_id, active, verified, created_time) values (-36, 'MANAGER', 0, -24, FALSE, TRUE, CURRENT_TIMESTAMP);
insert into public.access_level (id, level, version, account_id, active, verified, created_time) values (-37, 'ADMIN', 0, -24, FALSE, TRUE, CURRENT_TIMESTAMP);
insert into public.access_level (id, level, version, account_id, active, verified, created_time) values (-38, 'OWNER', 0, -25, TRUE, TRUE, CURRENT_TIMESTAMP);
insert into public.access_level (id, level, version, account_id, active, verified, created_time) values (-39, 'MANAGER', 0, -25, TRUE, TRUE, CURRENT_TIMESTAMP);
insert into public.access_level (id, level, version, account_id, active, verified, created_time) values (-40, 'ADMIN', 0, -25, TRUE, TRUE, CURRENT_TIMESTAMP);
insert into public.access_level (id, level, version, account_id, active, verified, created_time) values (-41, 'OWNER', 0, -26, TRUE, TRUE, CURRENT_TIMESTAMP);
insert into public.access_level (id, level, version, account_id, active, verified, created_time) values (-42, 'MANAGER', 0, -26, TRUE, TRUE, CURRENT_TIMESTAMP);
insert into public.access_level (id, level, version, account_id, active, verified, created_time) values (-43, 'ADMIN', 0, -26, TRUE, TRUE, CURRENT_TIMESTAMP);
insert into public.access_level (id, level, version, account_id, active, verified, created_time) values (-44, 'OWNER', 0, -27, TRUE, TRUE, CURRENT_TIMESTAMP);
insert into public.access_level (id, level, version, account_id, active, verified, created_time) values (-45, 'ADMIN', 0, -28, TRUE, TRUE, CURRENT_TIMESTAMP);
insert into public.access_level (id, level, version, account_id, active, verified, created_time) values (-46, 'MANAGER', 0, -27, TRUE, TRUE, CURRENT_TIMESTAMP);
insert into public.access_level (id, level, version, account_id, active, verified, created_time) values (-47, 'OWNER', 0, -29, TRUE, TRUE, CURRENT_TIMESTAMP);
insert into public.access_level (id, level, version, account_id, active, verified, created_time) values (-48, 'MANAGER', 0, -29, TRUE, TRUE, CURRENT_TIMESTAMP);
insert into public.access_level (id, level, version, account_id, active, verified, created_time) values (-49, 'OWNER', 0, -30, FALSE, TRUE, CURRENT_TIMESTAMP);
insert into public.access_level (id, level, version, account_id, active, verified, created_time) values (-50, 'MANAGER', 0, -30, TRUE, TRUE, CURRENT_TIMESTAMP);
insert into public.access_level (id, level, version, account_id, active, verified, created_time) values (-51, 'OWNER', 0, -31, TRUE, TRUE, CURRENT_TIMESTAMP);
insert into public.access_level (id, level, version, account_id, active, verified, created_time) values (-52, 'MANAGER', 0, -31, FALSE, TRUE, CURRENT_TIMESTAMP);
insert into public.access_level (id, level, version, account_id, active, verified, created_time) values (-53, 'OWNER', 0, -32, TRUE, TRUE, CURRENT_TIMESTAMP);
insert into public.access_level (id, level, version, account_id, active, verified, created_time) values (-54, 'OWNER', 0, -33, TRUE, TRUE, CURRENT_TIMESTAMP);
insert into public.access_level (id, level, version, account_id, active, verified, created_time) values (-55, 'MANAGER', 0, -33, TRUE, TRUE, CURRENT_TIMESTAMP);
insert into public.access_level (id, level, version, account_id, active, verified, created_time) values (-56, 'ADMIN', 0, -34, TRUE, TRUE, CURRENT_TIMESTAMP);
insert into public.access_level (id, level, version, account_id, active, verified, created_time) values (-57, 'MANAGER', 0, -35, FALSE, FALSE, CURRENT_TIMESTAMP);
insert into public.access_level (id, level, version, account_id, active, verified, created_time) values (-58, 'ADMIN', 0, -35, FALSE, FALSE, CURRENT_TIMESTAMP);
insert into public.access_level (id, level, version, account_id, active, verified, created_time) values (-59, 'ADMIN', 0, -36, TRUE, TRUE, CURRENT_TIMESTAMP);

-- CityDict
insert into public.city_dict (city) values ('Poznań');
insert into public.city_dict (city) values ('Jaworzno');
insert into public.city_dict (city) values ('Warszawa');
insert into public.city_dict (city) values ('Bydgoszcz');
insert into public.city_dict (city) values ('Łódź');
insert into public.city_dict (city) values ('Kutno');
insert into public.city_dict (city) values ('Wrocław');
insert into public.city_dict (city) values ('Łęczyca');
insert into public.city_dict (city) values ( 'Chorzów');
insert into public.city_dict (city) values ( 'Kraków');
insert into public.city_dict (city) values ('Kurnik');
insert into public.city_dict (city) values ('Jaworki');
insert into public.city_dict (city) values ('Pomidorków');
insert into public.city_dict (city) values ('Kuter');

-- Owner Data
insert into public.owner_data (id, building_number, city, postal_code, street) values (-1, 131, 'Poznań', '61-168', 'Rataje');
insert into public.owner_data (id, building_number, city, postal_code, street) values (-2, 103, 'Jaworzno', '43-607', 'Anny');
insert into public.owner_data (id, building_number, city, postal_code, street) values (-3, 92, 'Warszawa', '01-191', 'Żytnia');
insert into public.owner_data (id, building_number, city, postal_code, street) values (-4, 110, 'Bydgoszcz', '85-609', 'Chodkiewicza');
insert into public.owner_data (id, building_number, city, postal_code, street) values (-10, 12, 'Łódź', '25-149', 'Pabianicka');
insert into public.owner_data (id, building_number, city, postal_code, street) values (-12, 12, 'Kutno', '67-890', 'Solna');
insert into public.owner_data (id, building_number, city, postal_code, street) values (-14, 12, 'Wrocław', '57-430', 'Nawalna');
insert into public.owner_data (id, building_number, city, postal_code, street) values (-15, 14, 'Łęczyca', '99-100', 'Belwederska');
insert into public.owner_data (id, building_number, city, postal_code, street) values (-17, 14, 'Łódź', '99-150', 'Smutna');
insert into public.owner_data (id, building_number, city, postal_code, street) values (-19, 7, 'Warszawa', '19-320', 'Niepodległości');
insert into public.owner_data (id, building_number, city, postal_code, street) values (-20, 10, 'Łódź', '95-143', 'Zielona');
insert into public.owner_data (id, building_number, city, postal_code, street) values (-23, 15, 'Łódź', '99-151', 'Wesoła');
insert into public.owner_data (id, building_number, city, postal_code, street) values (-26, 16, 'Kraków', '99-152', 'Kosmonautów');
insert into public.owner_data (id, building_number, city, postal_code, street) values (-29, 17, 'Wrocław', '99-153', 'Astronautów');
insert into public.owner_data (id, building_number, city, postal_code, street) values (-32, 18, 'Poznań', '99-154', 'Króla');
insert into public.owner_data (id, building_number, city, postal_code, street) values (-35, 19, 'Grańsk', '99-155', 'Lotników');
insert into public.owner_data (id, building_number, city, postal_code, street) values (-38, 20, 'Toruń', '99-156', 'Szybowcowa');
insert into public.owner_data (id, building_number, city, postal_code, street) values (-41, 45, 'Wrocław', '98-890', 'Brzozowa');
insert into public.owner_data (id, building_number, city, postal_code, street) values (-44, 14, 'Łódź', '99-150', 'Smutna');
insert into public.owner_data (id, building_number, city, postal_code, street) values (-47, 14, 'Łódź', '99-150', 'Smutna');
insert into public.owner_data (id, building_number, city, postal_code, street) values (-49, 14, 'Łódź', '99-150', 'Smutna');
insert into public.owner_data (id, building_number, city, postal_code, street) values (-51, 14, 'Łódź', '99-150', 'Smutna');
insert into public.owner_data (id, building_number, city, postal_code, street) values (-53, 26, 'Białystok', '15-057', 'Chrobrego');
insert into public.owner_data (id, building_number, city, postal_code, street) values (-54, 81, 'Chorzów', '41-500', 'Pocztowa');
insert into public.owner_data (id, building_number, city, postal_code, street) values (-60, 2, 'Warszawa', '19-320', 'Niepodległości');

-- Manager Data
insert into public.manager_data (id, license_number, building_number, city, postal_code, street) values (-5, '4738543', 110, 'Bydgoszcz', '85-609', 'Chodkiewicza');
insert into public.manager_data (id, license_number, building_number, city, postal_code, street) values (-6, '5748295', 65, 'Katowice', '40-559', 'Kościuszki');
insert into public.manager_data (id, license_number, building_number, city, postal_code, street) values (-11, '253725', 185, 'Warszawa', '77-174', 'Złota');
insert into public.manager_data (id, license_number, building_number, city, postal_code, street) values (-13, '956654', 185, 'Częstochowa', '94-050', 'Zielona');
insert into public.manager_data (id, license_number, building_number, city, postal_code, street) values (-21, '123874', 20, 'Warszawa', '77-153', 'Wolska');
insert into public.manager_data (id, license_number, building_number, city, postal_code, street) values (-24, '11111111', 15, 'Łódź', '99-151', 'Wesoła');
insert into public.manager_data (id, license_number, building_number, city, postal_code, street) values (-27, '22222222', 16, 'Kraków', '99-152', 'Kosmonautów');
insert into public.manager_data (id, license_number, building_number, city, postal_code, street) values (-30, '33333333', 17, 'Wrocław', '99-153', 'Astronautów');
insert into public.manager_data (id, license_number, building_number, city, postal_code, street) values (-33, '44444444', 18, 'Poznań', '99-154', 'Króla');
insert into public.manager_data (id, license_number, building_number, city, postal_code, street) values (-36, '55555555', 19, 'Grańsk', '99-155', 'Lotników');
insert into public.manager_data (id, license_number, building_number, city, postal_code, street) values (-39, '66666666', 20, 'Toruń', '99-156', 'Szybowcowa');
insert into public.manager_data (id, license_number, building_number, city, postal_code, street) values (-42, '4657678', 185, 'Wrocław', '98-890', 'Brzozowa');
insert into public.manager_data (id, license_number, building_number, city, postal_code, street) values (-46, '9566541', 14, 'Łódź', '99-150', 'Smutna');
insert into public.manager_data (id, license_number, building_number, city, postal_code, street) values (-48, '9566542', 14, 'Łódź', '99-150', 'Smutna');
insert into public.manager_data (id, license_number, building_number, city, postal_code, street) values (-50, '9566543', 14, 'Łódź', '99-150', 'Smutna');
insert into public.manager_data (id, license_number, building_number, city, postal_code, street) values (-52, '9566544', 14, 'Łódź', '99-150', 'Smutna');
insert into public.manager_data (id, license_number, building_number, city, postal_code, street) values (-55, '654956', 54, 'Jaworzno', '94-050', 'Dworcowa');
insert into public.manager_data (id, license_number, building_number, city, postal_code, street) values (-57, '251154', 81, 'Chorzów', '41-500', 'Główna');

-- Admin Data
insert into public.admin_data (id) values (-7);
insert into public.admin_data (id) values (-8);
insert into public.admin_data (id) values (-9);
insert into public.admin_data (id) values (-16);
insert into public.admin_data (id) values (-22);
insert into public.admin_data (id) values (-25);
insert into public.admin_data (id) values (-28);
insert into public.admin_data (id) values (-31);
insert into public.admin_data (id) values (-34);
insert into public.admin_data (id) values (-37);
insert into public.admin_data (id) values (-40);
insert into public.admin_data (id) values (-43);
insert into public.admin_data (id) values (-45);
insert into public.admin_data (id) values (-56);
insert into public.admin_data (id) values (-58);
insert into public.admin_data (id) values (-59);

--region building
-- Building
insert into public.building (version, building_number, city, postal_code, street) values (1, 90, 'Łódź', '90-339', 'Wilcza');
insert into public.building (version, building_number, city, postal_code, street) values (1, 91, 'Łódź', '90-339', 'Wilcza');
--endregion

--region place
-- Place
insert into public.place (active, place_number, residents_number, square_footage, version, building_id) values (true, 1, 4, 54, 1, 1);
insert into public.place (active, place_number, residents_number, square_footage, version, building_id) values (true, 2, 3, 40, 1, 1);
insert into public.place (active, place_number, residents_number, square_footage, version, building_id) values (true, 3, 1, 32, 1, 1);
insert into public.place (active, place_number, residents_number, square_footage, version, building_id) values (true, 1, 5, 117, 1, 2);
insert into public.place (active, place_number, residents_number, square_footage, version, building_id) values (true, 2, 2, 68, 1, 2);
insert into public.place (active, place_number, residents_number, square_footage, version, building_id) values (true, 3, 3, 97, 1, 2);

insert into public.place (active, place_number, residents_number, square_footage, version, building_id) values (true, 4, 10, 180, 1, 2);
--endregion

--region place_owner
-- Place Owner
insert into public.place_owner (place_id, owner_id) values (1, -1);
insert into public.place_owner (place_id, owner_id) values (2, -1);
insert into public.place_owner (place_id, owner_id) values (3, -2);
insert into public.place_owner (place_id, owner_id) values (3, -3);
insert into public.place_owner (place_id, owner_id) values (4, -3);
insert into public.place_owner (place_id, owner_id) values (5, -4);
insert into public.place_owner (place_id, owner_id) values (6, -4);

insert into public.place_owner (place_id, owner_id) values (7, -20);
insert into public.place_owner (place_id, owner_id) values (7, -60);
--endregion

--region categories
-- Categories
INSERT INTO public.category (name, version) VALUES ('categories.maintenance', 1);
INSERT INTO public.category (name, version) VALUES ('categories.repair', 1);
INSERT INTO public.category (name, version) VALUES ('categories.heating', 1);
INSERT INTO public.category (name, version) VALUES ('categories.hot_water', 1);
INSERT INTO public.category (name, version) VALUES ('categories.cold_water', 1);
INSERT INTO public.category (name, version) VALUES ('categories.intercom', 1);
INSERT INTO public.category (name, version) VALUES ('categories.garbage', 1);
INSERT INTO public.category (name, version) VALUES ('categories.elevator', 1);
INSERT INTO public.category (name, version) VALUES ('categories.satellite_tv', 1);
INSERT INTO public.category (name, version) VALUES ('categories.parking', 1);
--endregion

--region rates
-- Rates
insert into public.rate (accounting_rule, effective_date, value, version, category_id, created_time, created_by) values ('UNIT', '2023-01-01', 100, 1, 1, CURRENT_TIMESTAMP, -7);
insert into public.rate (accounting_rule, effective_date, value, version, category_id, created_time, created_by) values ('UNIT', '2023-01-01', 50, 1, 2, CURRENT_TIMESTAMP, -7);
insert into public.rate (accounting_rule, effective_date, value, version, category_id, created_time, created_by) values ('SURFACE', '2023-01-01', 5, 1, 3, CURRENT_TIMESTAMP, -7);
insert into public.rate (accounting_rule, effective_date, value, version, category_id, created_time, created_by) values ('METER', '2023-01-01', 7, 1, 4, CURRENT_TIMESTAMP, -7);
insert into public.rate (accounting_rule, effective_date, value, version, category_id, created_time, created_by) values ('METER', '2023-01-01', 4, 1, 5, CURRENT_TIMESTAMP, -7);
insert into public.rate (accounting_rule, effective_date, value, version, category_id, created_time, created_by) values ('UNIT', '2023-01-01', 20, 1, 6, CURRENT_TIMESTAMP, -7);
insert into public.rate (accounting_rule, effective_date, value, version, category_id, created_time, created_by) values ('PERSON', '2023-01-01', 28, 1, 7, CURRENT_TIMESTAMP, -7);
insert into public.rate (accounting_rule, effective_date, value, version, category_id, created_time, created_by) values ('PERSON', '2023-01-01', 5, 1, 8, CURRENT_TIMESTAMP, -7);
insert into public.rate (accounting_rule, effective_date, value, version, category_id, created_time, created_by) values ('UNIT', '2023-01-01', 9, 1, 9, CURRENT_TIMESTAMP, -7);
insert into public.rate (accounting_rule, effective_date, value, version, category_id, created_time, created_by) values ('UNIT', '2023-01-01', 250, 1, 10, CURRENT_TIMESTAMP, -7);

insert into public.rate (accounting_rule, effective_date, value, version, category_id, created_time, created_by) values ('UNIT', '2023-08-01', 110, 1, 1, CURRENT_TIMESTAMP, -7);
insert into public.rate (accounting_rule, effective_date, value, version, category_id, created_time, created_by) values ('UNIT', '2023-08-01', 60, 1, 2, CURRENT_TIMESTAMP, -7);
insert into public.rate (accounting_rule, effective_date, value, version, category_id, created_time, created_by) values ('SURFACE', '2023-08-01', 6, 1, 3, CURRENT_TIMESTAMP, -7);
insert into public.rate (accounting_rule, effective_date, value, version, category_id, created_time, created_by) values ('METER', '2023-08-01', 8, 1, 4, CURRENT_TIMESTAMP, -7);
insert into public.rate (accounting_rule, effective_date, value, version, category_id, created_time, created_by) values ('METER', '2023-08-01', 5, 1, 5, CURRENT_TIMESTAMP, -7);
insert into public.rate (accounting_rule, effective_date, value, version, category_id, created_time, created_by) values ('UNIT', '2023-08-01', 25, 1, 6, CURRENT_TIMESTAMP, -7);
insert into public.rate (accounting_rule, effective_date, value, version, category_id, created_time, created_by) values ('PERSON', '2023-08-01', 34, 1, 7, CURRENT_TIMESTAMP, -7);
insert into public.rate (accounting_rule, effective_date, value, version, category_id, created_time, created_by) values ('PERSON', '2023-08-01', 7, 1, 8, CURRENT_TIMESTAMP, -7);
insert into public.rate (accounting_rule, effective_date, value, version, category_id, created_time, created_by) values ('UNIT', '2023-08-01', 11, 1, 9, CURRENT_TIMESTAMP, -7);
insert into public.rate (accounting_rule, effective_date, value, version, category_id, created_time, created_by) values ('UNIT', '2023-08-01', 265, 1, 10, CURRENT_TIMESTAMP, -7);

insert into public.rate (accounting_rule, effective_date, value, version, category_id, created_time, created_by) values ('UNIT', '2023-09-01', 111, 1, 1, CURRENT_TIMESTAMP, -7);
--endregion

--region place_rate
-- Place Rate
insert into public.place_rate (place_id, rate_id) values (1, 1);
insert into public.place_rate (place_id, rate_id) values (1, 2);
insert into public.place_rate (place_id, rate_id) values (1, 3);
insert into public.place_rate (place_id, rate_id) values (1, 4);
insert into public.place_rate (place_id, rate_id) values (1, 5);
insert into public.place_rate (place_id, rate_id) values (1, 6);
insert into public.place_rate (place_id, rate_id) values (1, 7);
insert into public.place_rate (place_id, rate_id) values (1, 10);

insert into public.place_rate (place_id, rate_id) values (2, 1);
insert into public.place_rate (place_id, rate_id) values (2, 2);
insert into public.place_rate (place_id, rate_id) values (2, 3);
insert into public.place_rate (place_id, rate_id) values (2, 4);
insert into public.place_rate (place_id, rate_id) values (2, 5);
insert into public.place_rate (place_id, rate_id) values (2, 6);
insert into public.place_rate (place_id, rate_id) values (2, 7);
insert into public.place_rate (place_id, rate_id) values (2, 10);

insert into public.place_rate (place_id, rate_id) values (3, 1);
insert into public.place_rate (place_id, rate_id) values (3, 2);
insert into public.place_rate (place_id, rate_id) values (3, 3);
insert into public.place_rate (place_id, rate_id) values (3, 5);
insert into public.place_rate (place_id, rate_id) values (3, 6);
insert into public.place_rate (place_id, rate_id) values (3, 7);
insert into public.place_rate (place_id, rate_id) values (3, 9);

insert into public.place_rate (place_id, rate_id) values (4, 1);
insert into public.place_rate (place_id, rate_id) values (4, 2);
insert into public.place_rate (place_id, rate_id) values (4, 3);
insert into public.place_rate (place_id, rate_id) values (4, 5);
insert into public.place_rate (place_id, rate_id) values (4, 7);
insert into public.place_rate (place_id, rate_id) values (4, 8);
insert into public.place_rate (place_id, rate_id) values (4, 9);

insert into public.place_rate (place_id, rate_id) values (5, 1);
insert into public.place_rate (place_id, rate_id) values (5, 2);
insert into public.place_rate (place_id, rate_id) values (5, 3);
insert into public.place_rate (place_id, rate_id) values (5, 4);
insert into public.place_rate (place_id, rate_id) values (5, 5);
insert into public.place_rate (place_id, rate_id) values (5, 7);
insert into public.place_rate (place_id, rate_id) values (5, 8);
insert into public.place_rate (place_id, rate_id) values (5, 10);

insert into public.place_rate (place_id, rate_id) values (6, 1);
insert into public.place_rate (place_id, rate_id) values (6, 2);
insert into public.place_rate (place_id, rate_id) values (6, 3);
insert into public.place_rate (place_id, rate_id) values (6, 4);
insert into public.place_rate (place_id, rate_id) values (6, 5);
insert into public.place_rate (place_id, rate_id) values (6, 7);
insert into public.place_rate (place_id, rate_id) values (6, 8);
insert into public.place_rate (place_id, rate_id) values (6, 9);
--endregion

--region meters
-- Meters
INSERT INTO public.meter (version, category_id, place_id, created_time, created_by, active) VALUES (1, 4, 1, '2021-12-01 12:22:03.000000', -4, true);
INSERT INTO public.meter (version, category_id, place_id, created_time, created_by, active) VALUES (1, 5, 1, '2021-12-01 12:22:03.000000', -4, true);
INSERT INTO public.meter (version, category_id, place_id, created_time, created_by, active) VALUES (1, 4, 2, '2021-12-01 12:22:03.000000', -4, true);
INSERT INTO public.meter (version, category_id, place_id, created_time, created_by, active) VALUES (1, 5, 2, '2021-12-01 12:22:03.000000', -4, true);
INSERT INTO public.meter (version, category_id, place_id, created_time, created_by, active) VALUES (1, 5, 3, '2021-12-01 12:22:03.000000', -4, true);
INSERT INTO public.meter (version, category_id, place_id, created_time, created_by, active) VALUES (1, 5, 4, '2021-12-01 12:22:03.000000', -4, true);
INSERT INTO public.meter (version, category_id, place_id, created_time, created_by, active) VALUES (1, 4, 5, '2021-12-01 12:22:03.000000', -4, true);
INSERT INTO public.meter (version, category_id, place_id, created_time, created_by, active) VALUES (1, 5, 5, '2021-12-01 12:22:03.000000', -4, true);
INSERT INTO public.meter (version, category_id, place_id, created_time, created_by, active) VALUES (1, 4, 6, '2021-12-01 12:22:03.000000', -4, true);
INSERT INTO public.meter (version, category_id, place_id, created_time, created_by, active) VALUES (1, 5, 6, '2021-12-01 12:22:03.000000', -4, true);
--endregion

--region reading
-- Readings
INSERT INTO public.reading (created_time, date, reliable, updated_time, value, version, meter_id, created_by, updated_by) VALUES ('2023-06-11 13:54:06.280587', '2023-06-11 13:54:06.268741', true, null, 0.001, 1, 11, -4, null);
INSERT INTO public.reading (created_time, date, reliable, updated_time, value, version, meter_id, created_by, updated_by) VALUES ('2023-06-11 13:53:43.656307', '2023-05-11 00:00:00.000000', true, '2023-06-11 13:53:43.658588', 300.000, 2, 10, -4, -4);
INSERT INTO public.reading (created_time, date, reliable, updated_time, value, version, meter_id, created_by, updated_by) VALUES ('2023-06-11 13:53:27.072216', '2023-06-01 00:00:00.000000', true, '2023-06-11 13:53:27.074353', 250.556, 2, 9, -4, -4);
INSERT INTO public.reading (created_time, date, reliable, updated_time, value, version, meter_id, created_by, updated_by) VALUES ('2023-06-11 13:53:08.638076', '2023-05-05 00:00:00.000000', true, '2023-06-11 13:53:08.640170', 299.000, 2, 8, -4, -4);
INSERT INTO public.reading (created_time, date, reliable, updated_time, value, version, meter_id, created_by, updated_by) VALUES ('2023-06-11 13:52:55.894780', '2023-06-02 00:00:00.000000', true, '2023-06-11 13:52:55.896359', 350.000, 2, 7, -4, -4);
INSERT INTO public.reading (created_time, date, reliable, updated_time, value, version, meter_id, created_by, updated_by) VALUES ('2023-06-11 13:52:38.582220', '2023-05-10 00:00:00.000000', true, '2023-06-11 13:52:38.583956', 296.000, 2, 6, -4, -4);
INSERT INTO public.reading (created_time, date, reliable, updated_time, value, version, meter_id, created_by, updated_by) VALUES ('2023-06-11 13:52:15.927685', '2023-05-10 00:00:00.000000', true, '2023-06-11 13:52:15.929842', 400.845, 2, 5, -4, -4);
INSERT INTO public.reading (created_time, date, reliable, updated_time, value, version, meter_id, created_by, updated_by) VALUES ('2023-06-11 13:51:35.954265', '2023-05-10 00:00:00.000000', true, '2023-06-11 13:51:35.956943', 286.123, 2, 4, -4, -4);
INSERT INTO public.reading (created_time, date, reliable, updated_time, value, version, meter_id, created_by, updated_by) VALUES ('2023-06-11 13:51:17.646057', '2023-05-10 00:00:00.000000', true, '2023-06-11 13:51:17.648292', 300.000, 2, 3, -4, -4);
INSERT INTO public.reading (created_time, date, reliable, updated_time, value, version, meter_id, created_by, updated_by) VALUES ('2023-06-11 13:48:49.581790', '2023-05-10 00:00:00.000000', true, '2023-06-11 13:48:49.584468', 320.000, 2, 2, -4, -4);
INSERT INTO public.reading (created_time, date, reliable, updated_time, value, version, meter_id, created_by, updated_by) VALUES ('2023-06-11 13:48:31.677357', '2023-05-10 00:00:00.000000', true, '2023-06-11 13:48:31.679484', 260.000, 2, 1, -4, -4);
INSERT INTO public.reading (created_time, date, reliable, updated_time, value, version, meter_id, created_by, updated_by) VALUES ('2023-05-05 12:22:03.000000', '2023-05-05 12:22:03.000000', true, null, 201.089, 1, 9, -4, null);
INSERT INTO public.reading (created_time, date, reliable, updated_time, value, version, meter_id, created_by, updated_by) VALUES ('2023-05-05 12:22:03.000000', '2023-05-05 12:22:03.000000', false, '2023-06-11 13:53:08.632637', 344.177, 2, 8, -4, -4);
INSERT INTO public.reading (created_time, date, reliable, updated_time, value, version, meter_id, created_by, updated_by) VALUES ('2023-05-05 12:22:03.000000', '2023-05-05 12:22:03.000000', true, null, 300.527, 1, 5, -4, null);
INSERT INTO public.reading (created_time, date, reliable, updated_time, value, version, meter_id, created_by, updated_by) VALUES ('2023-05-05 12:22:03.000000', '2023-05-05 12:22:03.000000', true, null, 257.677, 1, 10, -4, null);
INSERT INTO public.reading (created_time, date, reliable, updated_time, value, version, meter_id, created_by, updated_by) VALUES ('2023-05-05 12:22:03.000000', '2023-05-05 12:22:03.000000', true, null, 332.235, 1, 7, -4, null);
INSERT INTO public.reading (created_time, date, reliable, updated_time, value, version, meter_id, created_by, updated_by) VALUES ('2023-05-05 12:22:03.000000', '2023-05-05 12:22:03.000000', false, '2023-06-11 13:51:35.947822', 292.189, 2, 4, -4, -4);
INSERT INTO public.reading (created_time, date, reliable, updated_time, value, version, meter_id, created_by, updated_by) VALUES ('2023-05-05 12:22:03.000000', '2023-05-05 12:22:03.000000', true, null, 295.798, 1, 6, -4, null);
INSERT INTO public.reading (created_time, date, reliable, updated_time, value, version, meter_id, created_by, updated_by) VALUES ('2023-05-05 12:22:03.000000', '2023-05-05 12:22:03.000000', true, null, 295.153, 1, 3, -4, null);
INSERT INTO public.reading (created_time, date, reliable, updated_time, value, version, meter_id, created_by, updated_by) VALUES ('2023-05-05 12:22:03.000000', '2023-05-05 12:22:03.000000', true, null, 317.451, 1, 2, -4, null);
INSERT INTO public.reading (created_time, date, reliable, updated_time, value, version, meter_id, created_by, updated_by) VALUES ('2023-05-05 12:22:03.000000', '2023-05-05 12:22:03.000000', false, '2023-06-11 13:48:31.671490', 279.817, 2, 1, -4, -4);
INSERT INTO public.reading (created_time, date, reliable, updated_time, value, version, meter_id, created_by, updated_by) VALUES ('2023-04-05 12:22:03.000000', '2023-04-05 12:22:03.000000', true, null, 221.153, 1, 6, -4, null);
INSERT INTO public.reading (created_time, date, reliable, updated_time, value, version, meter_id, created_by, updated_by) VALUES ('2023-04-05 12:22:03.000000', '2023-04-05 12:22:03.000000', true, null, 231.446, 1, 4, -4, null);
INSERT INTO public.reading (created_time, date, reliable, updated_time, value, version, meter_id, created_by, updated_by) VALUES ('2023-04-05 12:22:03.000000', '2023-04-05 12:22:03.000000', true, null, 282.213, 1, 8, -4, null);
INSERT INTO public.reading (created_time, date, reliable, updated_time, value, version, meter_id, created_by, updated_by) VALUES ('2023-04-05 12:22:03.000000', '2023-04-05 12:22:03.000000', true, null, 217.229, 1, 10, -4, null);
INSERT INTO public.reading (created_time, date, reliable, updated_time, value, version, meter_id, created_by, updated_by) VALUES ('2023-04-05 12:22:03.000000', '2023-04-05 12:22:03.000000', true, null, 251.664, 1, 3, -4, null);
INSERT INTO public.reading (created_time, date, reliable, updated_time, value, version, meter_id, created_by, updated_by) VALUES ('2023-04-05 12:22:03.000000', '2023-04-05 12:22:03.000000', true, null, 273.558, 1, 2, -4, null);
INSERT INTO public.reading (created_time, date, reliable, updated_time, value, version, meter_id, created_by, updated_by) VALUES ('2023-04-05 12:22:03.000000', '2023-04-05 12:22:03.000000', true, null, 275.265, 1, 7, -4, null);
INSERT INTO public.reading (created_time, date, reliable, updated_time, value, version, meter_id, created_by, updated_by) VALUES ('2023-04-05 12:22:03.000000', '2023-04-05 12:22:03.000000', true, null, 243.301, 1, 5, -4, null);
INSERT INTO public.reading (created_time, date, reliable, updated_time, value, version, meter_id, created_by, updated_by) VALUES ('2023-04-05 12:22:03.000000', '2023-04-05 12:22:03.000000', true, null, 235.500, 1, 1, -4, null);
INSERT INTO public.reading (created_time, date, reliable, updated_time, value, version, meter_id, created_by, updated_by) VALUES ('2023-04-05 12:22:03.000000', '2023-04-05 12:22:03.000000', true, null, 161.915, 1, 9, -4, null);
INSERT INTO public.reading (created_time, date, reliable, updated_time, value, version, meter_id, created_by, updated_by) VALUES ('2023-03-05 12:22:03.000000', '2023-03-05 12:22:03.000000', true, null, 234.464, 1, 8, -4, null);
INSERT INTO public.reading (created_time, date, reliable, updated_time, value, version, meter_id, created_by, updated_by) VALUES ('2023-03-05 12:22:03.000000', '2023-03-05 12:22:03.000000', true, null, 176.229, 1, 10, -4, null);
INSERT INTO public.reading (created_time, date, reliable, updated_time, value, version, meter_id, created_by, updated_by) VALUES ('2023-03-05 12:22:03.000000', '2023-03-05 12:22:03.000000', true, null, 132.909, 1, 9, -4, null);
INSERT INTO public.reading (created_time, date, reliable, updated_time, value, version, meter_id, created_by, updated_by) VALUES ('2023-03-05 12:22:03.000000', '2023-03-05 12:22:03.000000', true, null, 230.954, 1, 2, -4, null);
INSERT INTO public.reading (created_time, date, reliable, updated_time, value, version, meter_id, created_by, updated_by) VALUES ('2023-03-05 12:22:03.000000', '2023-03-05 12:22:03.000000', true, null, 208.602, 1, 3, -4, null);
INSERT INTO public.reading (created_time, date, reliable, updated_time, value, version, meter_id, created_by, updated_by) VALUES ('2023-03-05 12:22:03.000000', '2023-03-05 12:22:03.000000', true, null, 201.764, 1, 7, -4, null);
INSERT INTO public.reading (created_time, date, reliable, updated_time, value, version, meter_id, created_by, updated_by) VALUES ('2023-03-05 12:22:03.000000', '2023-03-05 12:22:03.000000', true, null, 169.884, 1, 1, -4, null);
INSERT INTO public.reading (created_time, date, reliable, updated_time, value, version, meter_id, created_by, updated_by) VALUES ('2023-03-05 12:22:03.000000', '2023-03-05 12:22:03.000000', true, null, 201.199, 1, 4, -4, null);
INSERT INTO public.reading (created_time, date, reliable, updated_time, value, version, meter_id, created_by, updated_by) VALUES ('2023-03-05 12:22:03.000000', '2023-03-05 12:22:03.000000', true, null, 177.812, 1, 5, -4, null);
INSERT INTO public.reading (created_time, date, reliable, updated_time, value, version, meter_id, created_by, updated_by) VALUES ('2023-03-05 12:22:03.000000', '2023-03-05 12:22:03.000000', true, null, 183.819, 1, 6, -4, null);
INSERT INTO public.reading (created_time, date, reliable, updated_time, value, version, meter_id, created_by, updated_by) VALUES ('2023-02-05 12:22:03.000000', '2023-02-05 12:22:03.000000', true, null, 135.925, 1, 1, -4, null);
INSERT INTO public.reading (created_time, date, reliable, updated_time, value, version, meter_id, created_by, updated_by) VALUES ('2023-02-05 12:22:03.000000', '2023-02-05 12:22:03.000000', true, null, 101.447, 1, 9, -4, null);
INSERT INTO public.reading (created_time, date, reliable, updated_time, value, version, meter_id, created_by, updated_by) VALUES ('2023-02-05 12:22:03.000000', '2023-02-05 12:22:03.000000', true, null, 160.219, 1, 3, -4, null);
INSERT INTO public.reading (created_time, date, reliable, updated_time, value, version, meter_id, created_by, updated_by) VALUES ('2023-02-05 12:22:03.000000', '2023-02-05 12:22:03.000000', true, null, 126.868, 1, 10, -4, null);
INSERT INTO public.reading (created_time, date, reliable, updated_time, value, version, meter_id, created_by, updated_by) VALUES ('2023-02-05 12:22:03.000000', '2023-02-05 12:22:03.000000', true, null, 158.900, 1, 2, -4, null);
INSERT INTO public.reading (created_time, date, reliable, updated_time, value, version, meter_id, created_by, updated_by) VALUES ('2023-02-05 12:22:03.000000', '2023-02-05 12:22:03.000000', true, null, 150.191, 1, 5, -4, null);
INSERT INTO public.reading (created_time, date, reliable, updated_time, value, version, meter_id, created_by, updated_by) VALUES ('2023-02-05 12:22:03.000000', '2023-02-05 12:22:03.000000', true, null, 175.033, 1, 4, -4, null);
INSERT INTO public.reading (created_time, date, reliable, updated_time, value, version, meter_id, created_by, updated_by) VALUES ('2023-02-05 12:22:03.000000', '2023-02-05 12:22:03.000000', true, null, 188.603, 1, 8, -4, null);
INSERT INTO public.reading (created_time, date, reliable, updated_time, value, version, meter_id, created_by, updated_by) VALUES ('2023-02-05 12:22:03.000000', '2023-02-05 12:22:03.000000', true, null, 165.948, 1, 7, -4, null);
INSERT INTO public.reading (created_time, date, reliable, updated_time, value, version, meter_id, created_by, updated_by) VALUES ('2023-02-05 12:22:03.000000', '2023-02-05 12:22:03.000000', true, null, 124.957, 1, 6, -4, null);
INSERT INTO public.reading (created_time, date, reliable, updated_time, value, version, meter_id, created_by, updated_by) VALUES ('2023-01-05 12:22:03.000000', '2023-01-05 12:22:03.000000', true, null, 64.209, 1, 9, -4, null);
INSERT INTO public.reading (created_time, date, reliable, updated_time, value, version, meter_id, created_by, updated_by) VALUES ('2023-01-05 12:22:03.000000', '2023-01-05 12:22:03.000000', true, null, 100.575, 1, 3, -4, null);
INSERT INTO public.reading (created_time, date, reliable, updated_time, value, version, meter_id, created_by, updated_by) VALUES ('2023-01-05 12:22:03.000000', '2023-01-05 12:22:03.000000', true, null, 97.901, 1, 10, -4, null);
INSERT INTO public.reading (created_time, date, reliable, updated_time, value, version, meter_id, created_by, updated_by) VALUES ('2023-01-05 12:22:03.000000', '2023-01-05 12:22:03.000000', true, null, 101.542, 1, 1, -4, null);
INSERT INTO public.reading (created_time, date, reliable, updated_time, value, version, meter_id, created_by, updated_by) VALUES ('2023-01-05 12:22:03.000000', '2023-01-05 12:22:03.000000', true, null, 105.436, 1, 4, -4, null);
INSERT INTO public.reading (created_time, date, reliable, updated_time, value, version, meter_id, created_by, updated_by) VALUES ('2023-01-05 12:22:03.000000', '2023-01-05 12:22:03.000000', true, null, 82.640, 1, 5, -4, null);
INSERT INTO public.reading (created_time, date, reliable, updated_time, value, version, meter_id, created_by, updated_by) VALUES ('2023-01-05 12:22:03.000000', '2023-01-05 12:22:03.000000', true, null, 83.913, 1, 2, -4, null);
INSERT INTO public.reading (created_time, date, reliable, updated_time, value, version, meter_id, created_by, updated_by) VALUES ('2023-01-05 12:22:03.000000', '2023-01-05 12:22:03.000000', true, null, 127.771, 1, 8, -4, null);
INSERT INTO public.reading (created_time, date, reliable, updated_time, value, version, meter_id, created_by, updated_by) VALUES ('2023-01-05 12:22:03.000000', '2023-01-05 12:22:03.000000', true, null, 81.297, 1, 6, -4, null);
INSERT INTO public.reading (created_time, date, reliable, updated_time, value, version, meter_id, created_by, updated_by) VALUES ('2023-01-05 12:22:03.000000', '2023-01-05 12:22:03.000000', true, null, 123.167, 1, 7, -4, null);
INSERT INTO public.reading (created_time, date, reliable, updated_time, value, version, meter_id, created_by, updated_by) VALUES ('2022-12-31 12:22:03.000000', '2022-12-31 12:22:03.000000', true, null, 32.640, 1, 4, -4, null);
INSERT INTO public.reading (created_time, date, reliable, updated_time, value, version, meter_id, created_by, updated_by) VALUES ('2022-12-31 12:22:03.000000', '2022-12-31 12:22:03.000000', true, null, 60.340, 1, 7, -4, null);
INSERT INTO public.reading (created_time, date, reliable, updated_time, value, version, meter_id, created_by, updated_by) VALUES ('2022-12-31 12:22:03.000000', '2022-12-31 12:22:03.000000', false, '2023-06-11 13:53:08.629996', 683.806, 2, 8, -4, -4);
INSERT INTO public.reading (created_time, date, reliable, updated_time, value, version, meter_id, created_by, updated_by) VALUES ('2022-12-31 12:22:03.000000', '2022-12-31 12:22:03.000000', false, '2023-06-11 13:52:55.887822', 652.939, 2, 7, -4, -4);
INSERT INTO public.reading (created_time, date, reliable, updated_time, value, version, meter_id, created_by, updated_by) VALUES ('2022-12-31 12:22:03.000000', '2022-12-31 12:22:03.000000', false, '2023-06-11 13:52:38.575687', 719.054, 2, 6, -4, -4);
INSERT INTO public.reading (created_time, date, reliable, updated_time, value, version, meter_id, created_by, updated_by) VALUES ('2022-12-31 12:22:03.000000', '2022-12-31 12:22:03.000000', false, '2023-06-11 13:51:35.943932', 654.469, 2, 4, -4, -4);
INSERT INTO public.reading (created_time, date, reliable, updated_time, value, version, meter_id, created_by, updated_by) VALUES ('2022-12-31 12:22:03.000000', '2022-12-31 12:22:03.000000', false, '2023-06-11 13:51:17.639036', 741.430, 2, 3, -4, -4);
INSERT INTO public.reading (created_time, date, reliable, updated_time, value, version, meter_id, created_by, updated_by) VALUES ('2022-12-31 12:22:03.000000', '2022-12-31 12:22:03.000000', false, '2023-06-11 13:48:49.575950', 761.499, 2, 2, -4, -4);
INSERT INTO public.reading (created_time, date, reliable, updated_time, value, version, meter_id, created_by, updated_by) VALUES ('2022-12-31 12:22:03.000000', '2022-12-31 12:22:03.000000', false, '2023-06-11 13:48:31.668347', 713.971, 2, 1, -4, -4);
INSERT INTO public.reading (created_time, date, reliable, updated_time, value, version, meter_id, created_by, updated_by) VALUES ('2022-12-31 12:22:03.000000', '2022-12-31 12:22:03.000000', false, '2023-06-11 13:53:43.650870', 714.643, 2, 10, -4, -4);
INSERT INTO public.reading (created_time, date, reliable, updated_time, value, version, meter_id, created_by, updated_by) VALUES ('2022-12-31 12:22:03.000000', '2022-12-31 12:22:03.000000', false, '2023-06-11 13:52:15.921549', 729.885, 2, 5, -4, -4);
INSERT INTO public.reading (created_time, date, reliable, updated_time, value, version, meter_id, created_by, updated_by) VALUES ('2022-12-31 12:22:03.000000', '2022-12-31 12:22:03.000000', true, null, 64.338, 1, 3, -4, null);
INSERT INTO public.reading (created_time, date, reliable, updated_time, value, version, meter_id, created_by, updated_by) VALUES ('2022-12-31 12:22:03.000000', '2022-12-31 12:22:03.000000', true, null, 34.964, 1, 2, -4, null);
INSERT INTO public.reading (created_time, date, reliable, updated_time, value, version, meter_id, created_by, updated_by) VALUES ('2022-12-31 12:22:03.000000', '2022-12-31 12:22:03.000000', true, null, 35.557, 1, 6, -4, null);
INSERT INTO public.reading (created_time, date, reliable, updated_time, value, version, meter_id, created_by, updated_by) VALUES ('2022-12-31 12:22:03.000000', '2022-12-31 12:22:03.000000', true, null, 70.534, 1, 10, -4, null);
INSERT INTO public.reading (created_time, date, reliable, updated_time, value, version, meter_id, created_by, updated_by) VALUES ('2022-12-31 12:22:03.000000', '2022-12-31 12:22:03.000000', true, null, 72.727, 1, 8, -4, null);
INSERT INTO public.reading (created_time, date, reliable, updated_time, value, version, meter_id, created_by, updated_by) VALUES ('2022-12-31 12:22:03.000000', '2022-12-31 12:22:03.000000', true, null, 26.490, 1, 9, -4, null);
INSERT INTO public.reading (created_time, date, reliable, updated_time, value, version, meter_id, created_by, updated_by) VALUES ('2022-12-31 12:22:03.000000', '2022-12-31 12:22:03.000000', true, null, 33.915, 1, 1, -4, null);
INSERT INTO public.reading (created_time, date, reliable, updated_time, value, version, meter_id, created_by, updated_by) VALUES ('2022-12-31 12:22:03.000000', '2022-12-31 12:22:03.000000', false, '2023-06-11 13:53:27.066361', 641.403, 2, 9, -4, -4);
INSERT INTO public.reading (created_time, date, reliable, updated_time, value, version, meter_id, created_by, updated_by) VALUES ('2022-12-31 12:22:03.000000', '2022-12-31 12:22:03.000000', true, null, 49.796, 1, 5, -4, null);
INSERT INTO public.reading (created_time, date, reliable, updated_time, value, version, meter_id, created_by, updated_by) VALUES ('2022-12-05 12:22:03.000000', '2022-12-05 12:22:03.000000', false, '2023-06-11 13:53:43.647073', 671.657, 2, 10, -4, -4);
INSERT INTO public.reading (created_time, date, reliable, updated_time, value, version, meter_id, created_by, updated_by) VALUES ('2022-12-05 12:22:03.000000', '2022-12-05 12:22:03.000000', false, '2023-06-11 13:48:49.571690', 690.862, 2, 2, -4, -4);
INSERT INTO public.reading (created_time, date, reliable, updated_time, value, version, meter_id, created_by, updated_by) VALUES ('2022-12-05 12:22:03.000000', '2022-12-05 12:22:03.000000', false, '2023-06-11 13:53:27.062065', 571.952, 2, 9, -4, -4);
INSERT INTO public.reading (created_time, date, reliable, updated_time, value, version, meter_id, created_by, updated_by) VALUES ('2022-12-05 12:22:03.000000', '2022-12-05 12:22:03.000000', false, '2023-06-11 13:51:35.939644', 619.394, 2, 4, -4, -4);
INSERT INTO public.reading (created_time, date, reliable, updated_time, value, version, meter_id, created_by, updated_by) VALUES ('2022-12-05 12:22:03.000000', '2022-12-05 12:22:03.000000', false, '2023-06-11 13:51:17.634806', 696.191, 2, 3, -4, -4);
INSERT INTO public.reading (created_time, date, reliable, updated_time, value, version, meter_id, created_by, updated_by) VALUES ('2022-12-05 12:22:03.000000', '2022-12-05 12:22:03.000000', false, '2023-06-11 13:48:31.664633', 641.785, 2, 1, -4, -4);
INSERT INTO public.reading (created_time, date, reliable, updated_time, value, version, meter_id, created_by, updated_by) VALUES ('2022-12-05 12:22:03.000000', '2022-12-05 12:22:03.000000', false, '2023-06-11 13:52:38.571774', 667.259, 2, 6, -4, -4);
INSERT INTO public.reading (created_time, date, reliable, updated_time, value, version, meter_id, created_by, updated_by) VALUES ('2022-12-05 12:22:03.000000', '2022-12-05 12:22:03.000000', false, '2023-06-11 13:53:08.625700', 656.025, 2, 8, -4, -4);
INSERT INTO public.reading (created_time, date, reliable, updated_time, value, version, meter_id, created_by, updated_by) VALUES ('2022-12-05 12:22:03.000000', '2022-12-05 12:22:03.000000', false, '2023-06-11 13:52:55.883579', 615.295, 2, 7, -4, -4);
INSERT INTO public.reading (created_time, date, reliable, updated_time, value, version, meter_id, created_by, updated_by) VALUES ('2022-12-05 12:22:03.000000', '2022-12-05 12:22:03.000000', false, '2023-06-11 13:52:15.917755', 664.825, 2, 5, -4, -4);
INSERT INTO public.reading (created_time, date, reliable, updated_time, value, version, meter_id, created_by, updated_by) VALUES ('2022-12-01 12:22:03.000000', '2022-12-01 12:22:03.000000', true, null, 0.000, 1, 10, -4, null);
INSERT INTO public.reading (created_time, date, reliable, updated_time, value, version, meter_id, created_by, updated_by) VALUES ('2022-12-01 12:22:03.000000', '2022-12-01 12:22:03.000000', true, null, 0.000, 1, 1, -4, null);
INSERT INTO public.reading (created_time, date, reliable, updated_time, value, version, meter_id, created_by, updated_by) VALUES ('2022-12-01 12:22:03.000000', '2022-12-01 12:22:03.000000', true, null, 0.000, 1, 5, -4, null);
INSERT INTO public.reading (created_time, date, reliable, updated_time, value, version, meter_id, created_by, updated_by) VALUES ('2022-12-01 12:22:03.000000', '2022-12-01 12:22:03.000000', true, null, 0.000, 1, 7, -4, null);
INSERT INTO public.reading (created_time, date, reliable, updated_time, value, version, meter_id, created_by, updated_by) VALUES ('2022-12-01 12:22:03.000000', '2022-12-01 12:22:03.000000', true, null, 0.000, 1, 2, -4, null);
INSERT INTO public.reading (created_time, date, reliable, updated_time, value, version, meter_id, created_by, updated_by) VALUES ('2022-12-01 12:22:03.000000', '2022-12-01 12:22:03.000000', true, null, 0.000, 1, 9, -4, null);
INSERT INTO public.reading (created_time, date, reliable, updated_time, value, version, meter_id, created_by, updated_by) VALUES ('2022-12-01 12:22:03.000000', '2022-12-01 12:22:03.000000', true, null, 0.000, 1, 3, -4, null);
INSERT INTO public.reading (created_time, date, reliable, updated_time, value, version, meter_id, created_by, updated_by) VALUES ('2022-12-01 12:22:03.000000', '2022-12-01 12:22:03.000000', true, null, 0.000, 1, 4, -4, null);
INSERT INTO public.reading (created_time, date, reliable, updated_time, value, version, meter_id, created_by, updated_by) VALUES ('2022-12-01 12:22:03.000000', '2022-12-01 12:22:03.000000', true, null, 0.000, 1, 8, -4, null);
INSERT INTO public.reading (created_time, date, reliable, updated_time, value, version, meter_id, created_by, updated_by) VALUES ('2022-12-01 12:22:03.000000', '2022-12-01 12:22:03.000000', true, null, 0.000, 1, 6, -4, null);
INSERT INTO public.reading (created_time, date, reliable, updated_time, value, version, meter_id, created_by, updated_by) VALUES ('2022-11-05 12:22:03.000000', '2022-11-05 12:22:03.000000', false, '2023-06-11 13:51:35.936307', 547.250, 2, 4, -4, -4);
INSERT INTO public.reading (created_time, date, reliable, updated_time, value, version, meter_id, created_by, updated_by) VALUES ('2022-11-05 12:22:03.000000', '2022-11-05 12:22:03.000000', false, '2023-06-11 13:53:27.058320', 505.216, 2, 9, -4, -4);
INSERT INTO public.reading (created_time, date, reliable, updated_time, value, version, meter_id, created_by, updated_by) VALUES ('2022-11-05 12:22:03.000000', '2022-11-05 12:22:03.000000', false, '2023-06-11 13:53:43.643859', 596.717, 2, 10, -4, -4);
INSERT INTO public.reading (created_time, date, reliable, updated_time, value, version, meter_id, created_by, updated_by) VALUES ('2022-11-05 12:22:03.000000', '2022-11-05 12:22:03.000000', false, '2023-06-11 13:51:17.631059', 668.891, 2, 3, -4, -4);
INSERT INTO public.reading (created_time, date, reliable, updated_time, value, version, meter_id, created_by, updated_by) VALUES ('2022-11-05 12:22:03.000000', '2022-11-05 12:22:03.000000', false, '2023-06-11 13:48:49.567913', 630.617, 2, 2, -4, -4);
INSERT INTO public.reading (created_time, date, reliable, updated_time, value, version, meter_id, created_by, updated_by) VALUES ('2022-11-05 12:22:03.000000', '2022-11-05 12:22:03.000000', false, '2023-06-11 13:53:08.623047', 618.488, 2, 8, -4, -4);
INSERT INTO public.reading (created_time, date, reliable, updated_time, value, version, meter_id, created_by, updated_by) VALUES ('2022-11-05 12:22:03.000000', '2022-11-05 12:22:03.000000', false, '2023-06-11 13:52:38.567975', 625.322, 2, 6, -4, -4);
INSERT INTO public.reading (created_time, date, reliable, updated_time, value, version, meter_id, created_by, updated_by) VALUES ('2022-11-05 12:22:03.000000', '2022-11-05 12:22:03.000000', false, '2023-06-11 13:52:55.880409', 563.888, 2, 7, -4, -4);
INSERT INTO public.reading (created_time, date, reliable, updated_time, value, version, meter_id, created_by, updated_by) VALUES ('2022-11-05 12:22:03.000000', '2022-11-05 12:22:03.000000', false, '2023-06-11 13:52:15.913261', 597.434, 2, 5, -4, -4);
INSERT INTO public.reading (created_time, date, reliable, updated_time, value, version, meter_id, created_by, updated_by) VALUES ('2022-11-05 12:22:03.000000', '2022-11-05 12:22:03.000000', false, '2023-06-11 13:48:31.660918', 612.945, 2, 1, -4, -4);
INSERT INTO public.reading (created_time, date, reliable, updated_time, value, version, meter_id, created_by, updated_by) VALUES ('2022-10-05 12:22:03.000000', '2022-10-05 12:22:03.000000', false, '2023-06-11 13:53:43.640051', 564.240, 2, 10, -4, -4);
INSERT INTO public.reading (created_time, date, reliable, updated_time, value, version, meter_id, created_by, updated_by) VALUES ('2022-10-05 12:22:03.000000', '2022-10-05 12:22:03.000000', false, '2023-06-11 13:51:35.931981', 505.717, 2, 4, -4, -4);
INSERT INTO public.reading (created_time, date, reliable, updated_time, value, version, meter_id, created_by, updated_by) VALUES ('2022-10-05 12:22:03.000000', '2022-10-05 12:22:03.000000', false, '2023-06-11 13:51:17.626800', 640.667, 2, 3, -4, -4);
INSERT INTO public.reading (created_time, date, reliable, updated_time, value, version, meter_id, created_by, updated_by) VALUES ('2022-10-05 12:22:03.000000', '2022-10-05 12:22:03.000000', false, '2023-06-11 13:48:49.564181', 561.508, 2, 2, -4, -4);
INSERT INTO public.reading (created_time, date, reliable, updated_time, value, version, meter_id, created_by, updated_by) VALUES ('2022-10-05 12:22:03.000000', '2022-10-05 12:22:03.000000', false, '2023-06-11 13:52:15.909447', 556.748, 2, 5, -4, -4);
INSERT INTO public.reading (created_time, date, reliable, updated_time, value, version, meter_id, created_by, updated_by) VALUES ('2022-10-05 12:22:03.000000', '2022-10-05 12:22:03.000000', false, '2023-06-11 13:48:31.657232', 550.252, 2, 1, -4, -4);
INSERT INTO public.reading (created_time, date, reliable, updated_time, value, version, meter_id, created_by, updated_by) VALUES ('2022-10-05 12:22:03.000000', '2022-10-05 12:22:03.000000', false, '2023-06-11 13:53:08.619295', 568.905, 2, 8, -4, -4);
INSERT INTO public.reading (created_time, date, reliable, updated_time, value, version, meter_id, created_by, updated_by) VALUES ('2022-10-05 12:22:03.000000', '2022-10-05 12:22:03.000000', false, '2023-06-11 13:52:55.876133', 536.069, 2, 7, -4, -4);
INSERT INTO public.reading (created_time, date, reliable, updated_time, value, version, meter_id, created_by, updated_by) VALUES ('2022-10-05 12:22:03.000000', '2022-10-05 12:22:03.000000', false, '2023-06-11 13:53:27.054593', 451.825, 2, 9, -4, -4);
INSERT INTO public.reading (created_time, date, reliable, updated_time, value, version, meter_id, created_by, updated_by) VALUES ('2022-10-05 12:22:03.000000', '2022-10-05 12:22:03.000000', false, '2023-06-11 13:52:38.563503', 550.365, 2, 6, -4, -4);
INSERT INTO public.reading (created_time, date, reliable, updated_time, value, version, meter_id, created_by, updated_by) VALUES ('2022-09-05 12:22:03.000000', '2022-09-05 12:22:03.000000', false, '2023-06-11 13:48:31.654118', 518.273, 2, 1, -4, -4);
INSERT INTO public.reading (created_time, date, reliable, updated_time, value, version, meter_id, created_by, updated_by) VALUES ('2022-09-05 12:22:03.000000', '2022-09-05 12:22:03.000000', false, '2023-06-11 13:53:08.615600', 526.259, 2, 8, -4, -4);
INSERT INTO public.reading (created_time, date, reliable, updated_time, value, version, meter_id, created_by, updated_by) VALUES ('2022-09-05 12:22:03.000000', '2022-09-05 12:22:03.000000', false, '2023-06-11 13:52:55.871614', 497.047, 2, 7, -4, -4);
INSERT INTO public.reading (created_time, date, reliable, updated_time, value, version, meter_id, created_by, updated_by) VALUES ('2022-09-05 12:22:03.000000', '2022-09-05 12:22:03.000000', false, '2023-06-11 13:51:17.622566', 576.621, 2, 3, -4, -4);
INSERT INTO public.reading (created_time, date, reliable, updated_time, value, version, meter_id, created_by, updated_by) VALUES ('2022-09-05 12:22:03.000000', '2022-09-05 12:22:03.000000', false, '2023-06-11 13:51:35.928730', 463.587, 2, 4, -4, -4);
INSERT INTO public.reading (created_time, date, reliable, updated_time, value, version, meter_id, created_by, updated_by) VALUES ('2022-09-05 12:22:03.000000', '2022-09-05 12:22:03.000000', false, '2023-06-11 13:48:49.559387', 527.443, 2, 2, -4, -4);
INSERT INTO public.reading (created_time, date, reliable, updated_time, value, version, meter_id, created_by, updated_by) VALUES ('2022-09-05 12:22:03.000000', '2022-09-05 12:22:03.000000', false, '2023-06-11 13:53:43.636890', 509.077, 2, 10, -4, -4);
INSERT INTO public.reading (created_time, date, reliable, updated_time, value, version, meter_id, created_by, updated_by) VALUES ('2022-09-05 12:22:03.000000', '2022-09-05 12:22:03.000000', false, '2023-06-11 13:52:38.559544', 493.571, 2, 6, -4, -4);
INSERT INTO public.reading (created_time, date, reliable, updated_time, value, version, meter_id, created_by, updated_by) VALUES ('2022-09-05 12:22:03.000000', '2022-09-05 12:22:03.000000', false, '2023-06-11 13:53:27.050844', 421.453, 2, 9, -4, -4);
INSERT INTO public.reading (created_time, date, reliable, updated_time, value, version, meter_id, created_by, updated_by) VALUES ('2022-09-05 12:22:03.000000', '2022-09-05 12:22:03.000000', false, '2023-06-11 13:52:15.905076', 496.354, 2, 5, -4, -4);
INSERT INTO public.reading (created_time, date, reliable, updated_time, value, version, meter_id, created_by, updated_by) VALUES ('2022-08-05 12:22:03.000000', '2022-08-05 12:22:03.000000', false, '2023-06-11 13:52:15.900864', 435.085, 2, 5, -4, -4);
INSERT INTO public.reading (created_time, date, reliable, updated_time, value, version, meter_id, created_by, updated_by) VALUES ('2022-08-05 12:22:03.000000', '2022-08-05 12:22:03.000000', false, '2023-06-11 13:51:35.924816', 421.291, 2, 4, -4, -4);
INSERT INTO public.reading (created_time, date, reliable, updated_time, value, version, meter_id, created_by, updated_by) VALUES ('2022-08-05 12:22:03.000000', '2022-08-05 12:22:03.000000', false, '2023-06-11 13:52:38.555781', 423.864, 2, 6, -4, -4);
INSERT INTO public.reading (created_time, date, reliable, updated_time, value, version, meter_id, created_by, updated_by) VALUES ('2022-08-05 12:22:03.000000', '2022-08-05 12:22:03.000000', false, '2023-06-11 13:48:31.649906', 466.571, 2, 1, -4, -4);
INSERT INTO public.reading (created_time, date, reliable, updated_time, value, version, meter_id, created_by, updated_by) VALUES ('2022-08-05 12:22:03.000000', '2022-08-05 12:22:03.000000', false, '2023-06-11 13:51:17.618852', 535.796, 2, 3, -4, -4);
INSERT INTO public.reading (created_time, date, reliable, updated_time, value, version, meter_id, created_by, updated_by) VALUES ('2022-08-05 12:22:03.000000', '2022-08-05 12:22:03.000000', false, '2023-06-11 13:52:55.866776', 460.101, 2, 7, -4, -4);
INSERT INTO public.reading (created_time, date, reliable, updated_time, value, version, meter_id, created_by, updated_by) VALUES ('2022-08-05 12:22:03.000000', '2022-08-05 12:22:03.000000', false, '2023-06-11 13:53:08.611143', 457.337, 2, 8, -4, -4);
INSERT INTO public.reading (created_time, date, reliable, updated_time, value, version, meter_id, created_by, updated_by) VALUES ('2022-08-05 12:22:03.000000', '2022-08-05 12:22:03.000000', false, '2023-06-11 13:53:43.633619', 473.812, 2, 10, -4, -4);
INSERT INTO public.reading (created_time, date, reliable, updated_time, value, version, meter_id, created_by, updated_by) VALUES ('2022-08-05 12:22:03.000000', '2022-08-05 12:22:03.000000', false, '2023-06-11 13:53:27.047150', 382.059, 2, 9, -4, -4);
INSERT INTO public.reading (created_time, date, reliable, updated_time, value, version, meter_id, created_by, updated_by) VALUES ('2022-08-05 12:22:03.000000', '2022-08-05 12:22:03.000000', false, '2023-06-11 13:48:49.555836', 483.852, 2, 2, -4, -4);
INSERT INTO public.reading (created_time, date, reliable, updated_time, value, version, meter_id, created_by, updated_by) VALUES ('2022-07-05 12:22:03.000000', '2022-07-05 12:22:03.000000', false, '2023-06-11 13:48:31.645089', 407.087, 2, 1, -4, -4);
INSERT INTO public.reading (created_time, date, reliable, updated_time, value, version, meter_id, created_by, updated_by) VALUES ('2022-07-05 12:22:03.000000', '2022-07-05 12:22:03.000000', false, '2023-06-11 13:51:17.614020', 475.507, 2, 3, -4, -4);
INSERT INTO public.reading (created_time, date, reliable, updated_time, value, version, meter_id, created_by, updated_by) VALUES ('2022-07-05 12:22:03.000000', '2022-07-05 12:22:03.000000', false, '2023-06-11 13:52:55.861910', 427.036, 2, 7, -4, -4);
INSERT INTO public.reading (created_time, date, reliable, updated_time, value, version, meter_id, created_by, updated_by) VALUES ('2022-07-05 12:22:03.000000', '2022-07-05 12:22:03.000000', false, '2023-06-11 13:53:08.607464', 392.116, 2, 8, -4, -4);
INSERT INTO public.reading (created_time, date, reliable, updated_time, value, version, meter_id, created_by, updated_by) VALUES ('2022-07-05 12:22:03.000000', '2022-07-05 12:22:03.000000', false, '2023-06-11 13:52:38.551444', 393.337, 2, 6, -4, -4);
INSERT INTO public.reading (created_time, date, reliable, updated_time, value, version, meter_id, created_by, updated_by) VALUES ('2022-07-05 12:22:03.000000', '2022-07-05 12:22:03.000000', false, '2023-06-11 13:53:27.042845', 343.233, 2, 9, -4, -4);
INSERT INTO public.reading (created_time, date, reliable, updated_time, value, version, meter_id, created_by, updated_by) VALUES ('2022-07-05 12:22:03.000000', '2022-07-05 12:22:03.000000', false, '2023-06-11 13:53:43.630425', 400.699, 2, 10, -4, -4);
INSERT INTO public.reading (created_time, date, reliable, updated_time, value, version, meter_id, created_by, updated_by) VALUES ('2022-07-05 12:22:03.000000', '2022-07-05 12:22:03.000000', false, '2023-06-11 13:51:35.920971', 362.640, 2, 4, -4, -4);
INSERT INTO public.reading (created_time, date, reliable, updated_time, value, version, meter_id, created_by, updated_by) VALUES ('2022-07-05 12:22:03.000000', '2022-07-05 12:22:03.000000', true, null, 360.317, 1, 5, -4, null);
INSERT INTO public.reading (created_time, date, reliable, updated_time, value, version, meter_id, created_by, updated_by) VALUES ('2022-07-05 12:22:03.000000', '2022-07-05 12:22:03.000000', false, '2023-06-11 13:48:49.551878', 417.962, 2, 2, -4, -4);
INSERT INTO public.reading (created_time, date, reliable, updated_time, value, version, meter_id, created_by, updated_by) VALUES ('2022-06-05 12:22:03.000000', '2022-06-05 12:22:03.000000', false, '2023-06-11 13:53:43.626342', 363.325, 2, 10, -4, -4);
INSERT INTO public.reading (created_time, date, reliable, updated_time, value, version, meter_id, created_by, updated_by) VALUES ('2022-06-05 12:22:03.000000', '2022-06-05 12:22:03.000000', true, null, 313.260, 1, 5, -4, null);
INSERT INTO public.reading (created_time, date, reliable, updated_time, value, version, meter_id, created_by, updated_by) VALUES ('2022-06-05 12:22:03.000000', '2022-06-05 12:22:03.000000', false, '2023-06-11 13:48:49.547440', 357.484, 2, 2, -4, -4);
INSERT INTO public.reading (created_time, date, reliable, updated_time, value, version, meter_id, created_by, updated_by) VALUES ('2022-06-05 12:22:03.000000', '2022-06-05 12:22:03.000000', false, '2023-06-11 13:51:17.610152', 407.587, 2, 3, -4, -4);
INSERT INTO public.reading (created_time, date, reliable, updated_time, value, version, meter_id, created_by, updated_by) VALUES ('2022-06-05 12:22:03.000000', '2022-06-05 12:22:03.000000', false, '2023-06-11 13:51:35.916675', 316.146, 2, 4, -4, -4);
INSERT INTO public.reading (created_time, date, reliable, updated_time, value, version, meter_id, created_by, updated_by) VALUES ('2022-06-05 12:22:03.000000', '2022-06-05 12:22:03.000000', false, '2023-06-11 13:52:38.546993', 326.813, 2, 6, -4, -4);
INSERT INTO public.reading (created_time, date, reliable, updated_time, value, version, meter_id, created_by, updated_by) VALUES ('2022-06-05 12:22:03.000000', '2022-06-05 12:22:03.000000', false, '2023-06-11 13:52:55.856981', 367.152, 2, 7, -4, -4);
INSERT INTO public.reading (created_time, date, reliable, updated_time, value, version, meter_id, created_by, updated_by) VALUES ('2022-06-05 12:22:03.000000', '2022-06-05 12:22:03.000000', false, '2023-06-11 13:53:08.603479', 332.476, 2, 8, -4, -4);
INSERT INTO public.reading (created_time, date, reliable, updated_time, value, version, meter_id, created_by, updated_by) VALUES ('2022-06-05 12:22:03.000000', '2022-06-05 12:22:03.000000', false, '2023-06-11 13:53:27.038858', 317.833, 2, 9, -4, -4);
INSERT INTO public.reading (created_time, date, reliable, updated_time, value, version, meter_id, created_by, updated_by) VALUES ('2022-06-05 12:22:03.000000', '2022-06-05 12:22:03.000000', false, '2023-06-11 13:48:31.640974', 365.977, 2, 1, -4, -4);
INSERT INTO public.reading (created_time, date, reliable, updated_time, value, version, meter_id, created_by, updated_by) VALUES ('2022-05-05 12:22:03.000000', '2022-05-05 12:22:03.000000', true, null, 268.500, 1, 5, -4, null);
INSERT INTO public.reading (created_time, date, reliable, updated_time, value, version, meter_id, created_by, updated_by) VALUES ('2022-05-05 12:22:03.000000', '2022-05-05 12:22:03.000000', false, '2023-06-11 13:48:49.543281', 327.470, 2, 2, -4, -4);
INSERT INTO public.reading (created_time, date, reliable, updated_time, value, version, meter_id, created_by, updated_by) VALUES ('2022-05-05 12:22:03.000000', '2022-05-05 12:22:03.000000', true, null, 289.992, 1, 6, -4, null);
INSERT INTO public.reading (created_time, date, reliable, updated_time, value, version, meter_id, created_by, updated_by) VALUES ('2022-05-05 12:22:03.000000', '2022-05-05 12:22:03.000000', false, '2023-06-11 13:53:43.622370', 313.673, 2, 10, -4, -4);
INSERT INTO public.reading (created_time, date, reliable, updated_time, value, version, meter_id, created_by, updated_by) VALUES ('2022-05-05 12:22:03.000000', '2022-05-05 12:22:03.000000', true, null, 295.243, 1, 8, -4, null);
INSERT INTO public.reading (created_time, date, reliable, updated_time, value, version, meter_id, created_by, updated_by) VALUES ('2022-05-05 12:22:03.000000', '2022-05-05 12:22:03.000000', true, null, 322.658, 1, 7, -4, null);
INSERT INTO public.reading (created_time, date, reliable, updated_time, value, version, meter_id, created_by, updated_by) VALUES ('2022-05-05 12:22:03.000000', '2022-05-05 12:22:03.000000', false, '2023-06-11 13:53:27.033714', 281.137, 2, 9, -4, -4);
INSERT INTO public.reading (created_time, date, reliable, updated_time, value, version, meter_id, created_by, updated_by) VALUES ('2022-05-05 12:22:03.000000', '2022-05-05 12:22:03.000000', true, null, 281.249, 1, 4, -4, null);
INSERT INTO public.reading (created_time, date, reliable, updated_time, value, version, meter_id, created_by, updated_by) VALUES ('2022-05-05 12:22:03.000000', '2022-05-05 12:22:03.000000', false, '2023-06-11 13:51:17.606180', 340.283, 2, 3, -4, -4);
INSERT INTO public.reading (created_time, date, reliable, updated_time, value, version, meter_id, created_by, updated_by) VALUES ('2022-05-05 12:22:03.000000', '2022-05-05 12:22:03.000000', false, '2023-06-11 13:48:31.634917', 323.361, 2, 1, -4, -4);
INSERT INTO public.reading (created_time, date, reliable, updated_time, value, version, meter_id, created_by, updated_by) VALUES ('2022-04-05 12:22:03.000000', '2022-04-05 12:22:03.000000', true, null, 250.959, 1, 10, -4, null);
INSERT INTO public.reading (created_time, date, reliable, updated_time, value, version, meter_id, created_by, updated_by) VALUES ('2022-04-05 12:22:03.000000', '2022-04-05 12:22:03.000000', true, null, 273.290, 1, 2, -4, null);
INSERT INTO public.reading (created_time, date, reliable, updated_time, value, version, meter_id, created_by, updated_by) VALUES ('2022-04-05 12:22:03.000000', '2022-04-05 12:22:03.000000', true, null, 257.566, 1, 8, -4, null);
INSERT INTO public.reading (created_time, date, reliable, updated_time, value, version, meter_id, created_by, updated_by) VALUES ('2022-04-05 12:22:03.000000', '2022-04-05 12:22:03.000000', true, null, 277.307, 1, 3, -4, null);
INSERT INTO public.reading (created_time, date, reliable, updated_time, value, version, meter_id, created_by, updated_by) VALUES ('2022-04-05 12:22:03.000000', '2022-04-05 12:22:03.000000', true, null, 243.579, 1, 4, -4, null);
INSERT INTO public.reading (created_time, date, reliable, updated_time, value, version, meter_id, created_by, updated_by) VALUES ('2022-04-05 12:22:03.000000', '2022-04-05 12:22:03.000000', true, null, 208.944, 1, 5, -4, null);
INSERT INTO public.reading (created_time, date, reliable, updated_time, value, version, meter_id, created_by, updated_by) VALUES ('2022-04-05 12:22:03.000000', '2022-04-05 12:22:03.000000', true, null, 279.871, 1, 7, -4, null);
INSERT INTO public.reading (created_time, date, reliable, updated_time, value, version, meter_id, created_by, updated_by) VALUES ('2022-04-05 12:22:03.000000', '2022-04-05 12:22:03.000000', true, null, 244.494, 1, 6, -4, null);
INSERT INTO public.reading (created_time, date, reliable, updated_time, value, version, meter_id, created_by, updated_by) VALUES ('2022-04-05 12:22:03.000000', '2022-04-05 12:22:03.000000', true, null, 256.581, 1, 1, -4, null);
INSERT INTO public.reading (created_time, date, reliable, updated_time, value, version, meter_id, created_by, updated_by) VALUES ('2022-04-05 12:22:03.000000', '2022-04-05 12:22:03.000000', true, null, 212.023, 1, 9, -4, null);
INSERT INTO public.reading (created_time, date, reliable, updated_time, value, version, meter_id, created_by, updated_by) VALUES ('2022-03-05 12:22:03.000000', '2022-03-05 12:22:03.000000', true, null, 195.771, 1, 6, -4, null);
INSERT INTO public.reading (created_time, date, reliable, updated_time, value, version, meter_id, created_by, updated_by) VALUES ('2022-03-05 12:22:03.000000', '2022-03-05 12:22:03.000000', true, null, 218.057, 1, 2, -4, null);
INSERT INTO public.reading (created_time, date, reliable, updated_time, value, version, meter_id, created_by, updated_by) VALUES ('2022-03-05 12:22:03.000000', '2022-03-05 12:22:03.000000', true, null, 199.529, 1, 1, -4, null);
INSERT INTO public.reading (created_time, date, reliable, updated_time, value, version, meter_id, created_by, updated_by) VALUES ('2022-03-05 12:22:03.000000', '2022-03-05 12:22:03.000000', true, null, 237.200, 1, 3, -4, null);
INSERT INTO public.reading (created_time, date, reliable, updated_time, value, version, meter_id, created_by, updated_by) VALUES ('2022-03-05 12:22:03.000000', '2022-03-05 12:22:03.000000', true, null, 156.490, 1, 5, -4, null);
INSERT INTO public.reading (created_time, date, reliable, updated_time, value, version, meter_id, created_by, updated_by) VALUES ('2022-03-05 12:22:03.000000', '2022-03-05 12:22:03.000000', true, null, 171.078, 1, 9, -4, null);
INSERT INTO public.reading (created_time, date, reliable, updated_time, value, version, meter_id, created_by, updated_by) VALUES ('2022-03-05 12:22:03.000000', '2022-03-05 12:22:03.000000', true, null, 230.815, 1, 8, -4, null);
INSERT INTO public.reading (created_time, date, reliable, updated_time, value, version, meter_id, created_by, updated_by) VALUES ('2022-03-05 12:22:03.000000', '2022-03-05 12:22:03.000000', true, null, 180.250, 1, 10, -4, null);
INSERT INTO public.reading (created_time, date, reliable, updated_time, value, version, meter_id, created_by, updated_by) VALUES ('2022-03-05 12:22:03.000000', '2022-03-05 12:22:03.000000', true, null, 229.644, 1, 7, -4, null);
INSERT INTO public.reading (created_time, date, reliable, updated_time, value, version, meter_id, created_by, updated_by) VALUES ('2022-03-05 12:22:03.000000', '2022-03-05 12:22:03.000000', true, null, 197.607, 1, 4, -4, null);
INSERT INTO public.reading (created_time, date, reliable, updated_time, value, version, meter_id, created_by, updated_by) VALUES ('2022-02-05 12:22:03.000000', '2022-02-05 12:22:03.000000', true, null, 175.632, 1, 2, -4, null);
INSERT INTO public.reading (created_time, date, reliable, updated_time, value, version, meter_id, created_by, updated_by) VALUES ('2022-02-05 12:22:03.000000', '2022-02-05 12:22:03.000000', true, null, 147.304, 1, 10, -4, null);
INSERT INTO public.reading (created_time, date, reliable, updated_time, value, version, meter_id, created_by, updated_by) VALUES ('2022-02-05 12:22:03.000000', '2022-02-05 12:22:03.000000', true, null, 132.004, 1, 9, -4, null);
INSERT INTO public.reading (created_time, date, reliable, updated_time, value, version, meter_id, created_by, updated_by) VALUES ('2022-02-05 12:22:03.000000', '2022-02-05 12:22:03.000000', true, null, 187.860, 1, 8, -4, null);
INSERT INTO public.reading (created_time, date, reliable, updated_time, value, version, meter_id, created_by, updated_by) VALUES ('2022-02-05 12:22:03.000000', '2022-02-05 12:22:03.000000', true, null, 167.893, 1, 7, -4, null);
INSERT INTO public.reading (created_time, date, reliable, updated_time, value, version, meter_id, created_by, updated_by) VALUES ('2022-02-05 12:22:03.000000', '2022-02-05 12:22:03.000000', true, null, 142.639, 1, 6, -4, null);
INSERT INTO public.reading (created_time, date, reliable, updated_time, value, version, meter_id, created_by, updated_by) VALUES ('2022-02-05 12:22:03.000000', '2022-02-05 12:22:03.000000', true, null, 118.131, 1, 5, -4, null);
INSERT INTO public.reading (created_time, date, reliable, updated_time, value, version, meter_id, created_by, updated_by) VALUES ('2022-02-05 12:22:03.000000', '2022-02-05 12:22:03.000000', true, null, 162.933, 1, 4, -4, null);
INSERT INTO public.reading (created_time, date, reliable, updated_time, value, version, meter_id, created_by, updated_by) VALUES ('2022-02-05 12:22:03.000000', '2022-02-05 12:22:03.000000', true, null, 180.781, 1, 3, -4, null);
INSERT INTO public.reading (created_time, date, reliable, updated_time, value, version, meter_id, created_by, updated_by) VALUES ('2022-02-05 12:22:03.000000', '2022-02-05 12:22:03.000000', true, null, 136.684, 1, 1, -4, null);
INSERT INTO public.reading (created_time, date, reliable, updated_time, value, version, meter_id, created_by, updated_by) VALUES ('2022-01-05 12:22:03.000000', '2022-01-05 12:22:03.000000', true, null, 118.614, 1, 4, -4, null);
INSERT INTO public.reading (created_time, date, reliable, updated_time, value, version, meter_id, created_by, updated_by) VALUES ('2022-01-05 12:22:03.000000', '2022-01-05 12:22:03.000000', true, null, 105.003, 1, 10, -4, null);
INSERT INTO public.reading (created_time, date, reliable, updated_time, value, version, meter_id, created_by, updated_by) VALUES ('2022-01-05 12:22:03.000000', '2022-01-05 12:22:03.000000', true, null, 107.466, 1, 3, -4, null);
INSERT INTO public.reading (created_time, date, reliable, updated_time, value, version, meter_id, created_by, updated_by) VALUES ('2022-01-05 12:22:03.000000', '2022-01-05 12:22:03.000000', true, null, 141.246, 1, 8, -4, null);
INSERT INTO public.reading (created_time, date, reliable, updated_time, value, version, meter_id, created_by, updated_by) VALUES ('2022-01-05 12:22:03.000000', '2022-01-05 12:22:03.000000', true, null, 111.070, 1, 1, -4, null);
INSERT INTO public.reading (created_time, date, reliable, updated_time, value, version, meter_id, created_by, updated_by) VALUES ('2022-01-05 12:22:03.000000', '2022-01-05 12:22:03.000000', true, null, 92.005, 1, 6, -4, null);
INSERT INTO public.reading (created_time, date, reliable, updated_time, value, version, meter_id, created_by, updated_by) VALUES ('2022-01-05 12:22:03.000000', '2022-01-05 12:22:03.000000', true, null, 102.470, 1, 7, -4, null);
INSERT INTO public.reading (created_time, date, reliable, updated_time, value, version, meter_id, created_by, updated_by) VALUES ('2022-01-05 12:22:03.000000', '2022-01-05 12:22:03.000000', true, null, 140.063, 1, 2, -4, null);
INSERT INTO public.reading (created_time, date, reliable, updated_time, value, version, meter_id, created_by, updated_by) VALUES ('2022-01-05 12:22:03.000000', '2022-01-05 12:22:03.000000', true, null, 75.717, 1, 5, -4, null);
INSERT INTO public.reading (created_time, date, reliable, updated_time, value, version, meter_id, created_by, updated_by) VALUES ('2022-01-05 12:22:03.000000', '2022-01-05 12:22:03.000000', true, null, 97.220, 1, 9, -4, null);
INSERT INTO public.reading (created_time, date, reliable, updated_time, value, version, meter_id, created_by, updated_by) VALUES ('2021-12-31 12:22:03.000000', '2021-12-31 12:22:03.000000', true, null, 59.844, 1, 1, -4, null);
INSERT INTO public.reading (created_time, date, reliable, updated_time, value, version, meter_id, created_by, updated_by) VALUES ('2021-12-31 12:22:03.000000', '2021-12-31 12:22:03.000000', true, null, 61.539, 1, 7, -4, null);
INSERT INTO public.reading (created_time, date, reliable, updated_time, value, version, meter_id, created_by, updated_by) VALUES ('2021-12-31 12:22:03.000000', '2021-12-31 12:22:03.000000', true, null, 50.297, 1, 5, -4, null);
INSERT INTO public.reading (created_time, date, reliable, updated_time, value, version, meter_id, created_by, updated_by) VALUES ('2021-12-31 12:22:03.000000', '2021-12-31 12:22:03.000000', true, null, 74.903, 1, 8, -4, null);
INSERT INTO public.reading (created_time, date, reliable, updated_time, value, version, meter_id, created_by, updated_by) VALUES ('2021-12-31 12:22:03.000000', '2021-12-31 12:22:03.000000', true, null, 63.621, 1, 4, -4, null);
INSERT INTO public.reading (created_time, date, reliable, updated_time, value, version, meter_id, created_by, updated_by) VALUES ('2021-12-31 12:22:03.000000', '2021-12-31 12:22:03.000000', true, null, 52.580, 1, 3, -4, null);
INSERT INTO public.reading (created_time, date, reliable, updated_time, value, version, meter_id, created_by, updated_by) VALUES ('2021-12-31 12:22:03.000000', '2021-12-31 12:22:03.000000', true, null, 41.022, 1, 9, -4, null);
INSERT INTO public.reading (created_time, date, reliable, updated_time, value, version, meter_id, created_by, updated_by) VALUES ('2021-12-31 12:22:03.000000', '2021-12-31 12:22:03.000000', true, null, 65.849, 1, 2, -4, null);
INSERT INTO public.reading (created_time, date, reliable, updated_time, value, version, meter_id, created_by, updated_by) VALUES ('2021-12-31 12:22:03.000000', '2021-12-31 12:22:03.000000', true, null, 59.440, 1, 10, -4, null);
INSERT INTO public.reading (created_time, date, reliable, updated_time, value, version, meter_id, created_by, updated_by) VALUES ('2021-12-31 12:22:03.000000', '2021-12-31 12:22:03.000000', true, null, 32.758, 1, 6, -4, null);
INSERT INTO public.reading (created_time, date, reliable, updated_time, value, version, meter_id, created_by, updated_by) VALUES ('2021-12-01 12:22:03.000000', '2021-12-01 12:22:03.000000', true, null, 0.000, 1, 1, -4, null);
INSERT INTO public.reading (created_time, date, reliable, updated_time, value, version, meter_id, created_by, updated_by) VALUES ('2021-12-01 12:22:03.000000', '2021-12-01 12:22:03.000000', true, null, 0.000, 1, 10, -4, null);
INSERT INTO public.reading (created_time, date, reliable, updated_time, value, version, meter_id, created_by, updated_by) VALUES ('2021-12-01 12:22:03.000000', '2021-12-01 12:22:03.000000', true, null, 0.000, 1, 8, -4, null);
INSERT INTO public.reading (created_time, date, reliable, updated_time, value, version, meter_id, created_by, updated_by) VALUES ('2021-12-01 12:22:03.000000', '2021-12-01 12:22:03.000000', true, null, 0.000, 1, 7, -4, null);
INSERT INTO public.reading (created_time, date, reliable, updated_time, value, version, meter_id, created_by, updated_by) VALUES ('2021-12-01 12:22:03.000000', '2021-12-01 12:22:03.000000', true, null, 0.000, 1, 2, -4, null);
INSERT INTO public.reading (created_time, date, reliable, updated_time, value, version, meter_id, created_by, updated_by) VALUES ('2021-12-01 12:22:03.000000', '2021-12-01 12:22:03.000000', true, null, 1.000, 1, 9, -4, null);
INSERT INTO public.reading (created_time, date, reliable, updated_time, value, version, meter_id, created_by, updated_by) VALUES ('2021-12-01 12:22:03.000000', '2021-12-01 12:22:03.000000', true, null, 0.000, 1, 4, -4, null);
INSERT INTO public.reading (created_time, date, reliable, updated_time, value, version, meter_id, created_by, updated_by) VALUES ('2021-12-01 12:22:03.000000', '2021-12-01 12:22:03.000000', true, null, 0.000, 1, 6, -4, null);
INSERT INTO public.reading (created_time, date, reliable, updated_time, value, version, meter_id, created_by, updated_by) VALUES ('2021-12-01 12:22:03.000000', '2021-12-01 12:22:03.000000', true, null, 0.000, 1, 3, -4, null);
INSERT INTO public.reading (created_time, date, reliable, updated_time, value, version, meter_id, created_by, updated_by) VALUES ('2021-12-01 12:22:03.000000', '2021-12-01 12:22:03.000000', true, null, 0.000, 1, 5, -4, null);
INSERT INTO public.reading (created_time, date, reliable, updated_time, value, version, meter_id, created_by, updated_by) VALUES ('2021-12-01 12:22:03.000000', '2023-12-31 12:22:03.000000', true, null, 1000.000, 1, 9, -4, null);
--endregion

--region forecast
-- Forecast
INSERT INTO public.forecast (amount, month, real_value, updated_time, value, version, year, place_id, rate_id, updated_by) VALUES (1.000, 0, 99.85, null, 100.00, 2, 2022, 1, 1, null);
INSERT INTO public.forecast (amount, month, real_value, updated_time, value, version, year, place_id, rate_id, updated_by) VALUES (1.000, 1, 103.89, null, 100.00, 2, 2022, 1, 1, null);
INSERT INTO public.forecast (amount, month, real_value, updated_time, value, version, year, place_id, rate_id, updated_by) VALUES (1.000, 2, 100.39, null, 100.00, 2, 2022, 1, 1, null);
INSERT INTO public.forecast (amount, month, real_value, updated_time, value, version, year, place_id, rate_id, updated_by) VALUES (1.000, 3, 105.03, null, 100.00, 2, 2022, 1, 1, null);
INSERT INTO public.forecast (amount, month, real_value, updated_time, value, version, year, place_id, rate_id, updated_by) VALUES (1.000, 4, 99.45, null, 100.00, 2, 2022, 1, 1, null);
INSERT INTO public.forecast (amount, month, real_value, updated_time, value, version, year, place_id, rate_id, updated_by) VALUES (1.000, 5, 104.14, null, 100.00, 2, 2022, 1, 1, null);
INSERT INTO public.forecast (amount, month, real_value, updated_time, value, version, year, place_id, rate_id, updated_by) VALUES (1.000, 6, 97.98, null, 100.00, 2, 2022, 1, 1, null);
INSERT INTO public.forecast (amount, month, real_value, updated_time, value, version, year, place_id, rate_id, updated_by) VALUES (1.000, 7, 98.94, null, 100.00, 2, 2022, 1, 1, null);
INSERT INTO public.forecast (amount, month, real_value, updated_time, value, version, year, place_id, rate_id, updated_by) VALUES (1.000, 8, 104.43, null, 100.00, 2, 2022, 1, 1, null);
INSERT INTO public.forecast (amount, month, real_value, updated_time, value, version, year, place_id, rate_id, updated_by) VALUES (1.000, 9, 104.56, null, 100.00, 2, 2022, 1, 1, null);
INSERT INTO public.forecast (amount, month, real_value, updated_time, value, version, year, place_id, rate_id, updated_by) VALUES (1.000, 10, 101.86, null, 100.00, 2, 2022, 1, 1, null);
INSERT INTO public.forecast (amount, month, real_value, updated_time, value, version, year, place_id, rate_id, updated_by) VALUES (1.000, 11, 99.43, null, 100.00, 2, 2022, 1, 1, null);
INSERT INTO public.forecast (amount, month, real_value, updated_time, value, version, year, place_id, rate_id, updated_by) VALUES (1.000, 0, 99.85, null, 100.00, 2, 2022, 2, 1, null);
INSERT INTO public.forecast (amount, month, real_value, updated_time, value, version, year, place_id, rate_id, updated_by) VALUES (1.000, 1, 103.89, null, 100.00, 2, 2022, 2, 1, null);
INSERT INTO public.forecast (amount, month, real_value, updated_time, value, version, year, place_id, rate_id, updated_by) VALUES (1.000, 2, 100.39, null, 100.00, 2, 2022, 2, 1, null);
INSERT INTO public.forecast (amount, month, real_value, updated_time, value, version, year, place_id, rate_id, updated_by) VALUES (1.000, 3, 105.03, null, 100.00, 2, 2022, 2, 1, null);
INSERT INTO public.forecast (amount, month, real_value, updated_time, value, version, year, place_id, rate_id, updated_by) VALUES (1.000, 4, 99.45, null, 100.00, 2, 2022, 2, 1, null);
INSERT INTO public.forecast (amount, month, real_value, updated_time, value, version, year, place_id, rate_id, updated_by) VALUES (1.000, 5, 104.14, null, 100.00, 2, 2022, 2, 1, null);
INSERT INTO public.forecast (amount, month, real_value, updated_time, value, version, year, place_id, rate_id, updated_by) VALUES (1.000, 6, 97.98, null, 100.00, 2, 2022, 2, 1, null);
INSERT INTO public.forecast (amount, month, real_value, updated_time, value, version, year, place_id, rate_id, updated_by) VALUES (1.000, 7, 98.94, null, 100.00, 2, 2022, 2, 1, null);
INSERT INTO public.forecast (amount, month, real_value, updated_time, value, version, year, place_id, rate_id, updated_by) VALUES (1.000, 8, 104.43, null, 100.00, 2, 2022, 2, 1, null);
INSERT INTO public.forecast (amount, month, real_value, updated_time, value, version, year, place_id, rate_id, updated_by) VALUES (1.000, 9, 104.56, null, 100.00, 2, 2022, 2, 1, null);
INSERT INTO public.forecast (amount, month, real_value, updated_time, value, version, year, place_id, rate_id, updated_by) VALUES (1.000, 10, 101.86, null, 100.00, 2, 2022, 2, 1, null);
INSERT INTO public.forecast (amount, month, real_value, updated_time, value, version, year, place_id, rate_id, updated_by) VALUES (1.000, 11, 99.43, null, 100.00, 2, 2022, 2, 1, null);
INSERT INTO public.forecast (amount, month, real_value, updated_time, value, version, year, place_id, rate_id, updated_by) VALUES (1.000, 0, 99.85, null, 100.00, 2, 2022, 3, 1, null);
INSERT INTO public.forecast (amount, month, real_value, updated_time, value, version, year, place_id, rate_id, updated_by) VALUES (1.000, 1, 103.89, null, 100.00, 2, 2022, 3, 1, null);
INSERT INTO public.forecast (amount, month, real_value, updated_time, value, version, year, place_id, rate_id, updated_by) VALUES (1.000, 2, 100.39, null, 100.00, 2, 2022, 3, 1, null);
INSERT INTO public.forecast (amount, month, real_value, updated_time, value, version, year, place_id, rate_id, updated_by) VALUES (1.000, 3, 105.03, null, 100.00, 2, 2022, 3, 1, null);
INSERT INTO public.forecast (amount, month, real_value, updated_time, value, version, year, place_id, rate_id, updated_by) VALUES (1.000, 4, 99.45, null, 100.00, 2, 2022, 3, 1, null);
INSERT INTO public.forecast (amount, month, real_value, updated_time, value, version, year, place_id, rate_id, updated_by) VALUES (1.000, 5, 104.14, null, 100.00, 2, 2022, 3, 1, null);
INSERT INTO public.forecast (amount, month, real_value, updated_time, value, version, year, place_id, rate_id, updated_by) VALUES (1.000, 6, 97.98, null, 100.00, 2, 2022, 3, 1, null);
INSERT INTO public.forecast (amount, month, real_value, updated_time, value, version, year, place_id, rate_id, updated_by) VALUES (1.000, 7, 98.94, null, 100.00, 2, 2022, 3, 1, null);
INSERT INTO public.forecast (amount, month, real_value, updated_time, value, version, year, place_id, rate_id, updated_by) VALUES (1.000, 8, 104.43, null, 100.00, 2, 2022, 3, 1, null);
INSERT INTO public.forecast (amount, month, real_value, updated_time, value, version, year, place_id, rate_id, updated_by) VALUES (1.000, 9, 104.56, null, 100.00, 2, 2022, 3, 1, null);
INSERT INTO public.forecast (amount, month, real_value, updated_time, value, version, year, place_id, rate_id, updated_by) VALUES (1.000, 10, 101.86, null, 100.00, 2, 2022, 3, 1, null);
INSERT INTO public.forecast (amount, month, real_value, updated_time, value, version, year, place_id, rate_id, updated_by) VALUES (1.000, 11, 99.43, null, 100.00, 2, 2022, 3, 1, null);
INSERT INTO public.forecast (amount, month, real_value, updated_time, value, version, year, place_id, rate_id, updated_by) VALUES (1.000, 0, 99.85, null, 100.00, 2, 2022, 4, 1, null);
INSERT INTO public.forecast (amount, month, real_value, updated_time, value, version, year, place_id, rate_id, updated_by) VALUES (1.000, 1, 103.89, null, 100.00, 2, 2022, 4, 1, null);
INSERT INTO public.forecast (amount, month, real_value, updated_time, value, version, year, place_id, rate_id, updated_by) VALUES (1.000, 2, 100.39, null, 100.00, 2, 2022, 4, 1, null);
INSERT INTO public.forecast (amount, month, real_value, updated_time, value, version, year, place_id, rate_id, updated_by) VALUES (1.000, 3, 105.03, null, 100.00, 2, 2022, 4, 1, null);
INSERT INTO public.forecast (amount, month, real_value, updated_time, value, version, year, place_id, rate_id, updated_by) VALUES (1.000, 4, 99.45, null, 100.00, 2, 2022, 4, 1, null);
INSERT INTO public.forecast (amount, month, real_value, updated_time, value, version, year, place_id, rate_id, updated_by) VALUES (1.000, 5, 104.14, null, 100.00, 2, 2022, 4, 1, null);
INSERT INTO public.forecast (amount, month, real_value, updated_time, value, version, year, place_id, rate_id, updated_by) VALUES (1.000, 6, 97.98, null, 100.00, 2, 2022, 4, 1, null);
INSERT INTO public.forecast (amount, month, real_value, updated_time, value, version, year, place_id, rate_id, updated_by) VALUES (1.000, 7, 98.94, null, 100.00, 2, 2022, 4, 1, null);
INSERT INTO public.forecast (amount, month, real_value, updated_time, value, version, year, place_id, rate_id, updated_by) VALUES (1.000, 8, 104.43, null, 100.00, 2, 2022, 4, 1, null);
INSERT INTO public.forecast (amount, month, real_value, updated_time, value, version, year, place_id, rate_id, updated_by) VALUES (1.000, 9, 104.56, null, 100.00, 2, 2022, 4, 1, null);
INSERT INTO public.forecast (amount, month, real_value, updated_time, value, version, year, place_id, rate_id, updated_by) VALUES (1.000, 10, 101.86, null, 100.00, 2, 2022, 4, 1, null);
INSERT INTO public.forecast (amount, month, real_value, updated_time, value, version, year, place_id, rate_id, updated_by) VALUES (1.000, 11, 99.43, null, 100.00, 2, 2022, 4, 1, null);
INSERT INTO public.forecast (amount, month, real_value, updated_time, value, version, year, place_id, rate_id, updated_by) VALUES (1.000, 0, 99.85, null, 100.00, 2, 2022, 5, 1, null);
INSERT INTO public.forecast (amount, month, real_value, updated_time, value, version, year, place_id, rate_id, updated_by) VALUES (1.000, 1, 103.89, null, 100.00, 2, 2022, 5, 1, null);
INSERT INTO public.forecast (amount, month, real_value, updated_time, value, version, year, place_id, rate_id, updated_by) VALUES (1.000, 2, 100.39, null, 100.00, 2, 2022, 5, 1, null);
INSERT INTO public.forecast (amount, month, real_value, updated_time, value, version, year, place_id, rate_id, updated_by) VALUES (1.000, 3, 105.03, null, 100.00, 2, 2022, 5, 1, null);
INSERT INTO public.forecast (amount, month, real_value, updated_time, value, version, year, place_id, rate_id, updated_by) VALUES (1.000, 4, 99.45, null, 100.00, 2, 2022, 5, 1, null);
INSERT INTO public.forecast (amount, month, real_value, updated_time, value, version, year, place_id, rate_id, updated_by) VALUES (1.000, 5, 104.14, null, 100.00, 2, 2022, 5, 1, null);
INSERT INTO public.forecast (amount, month, real_value, updated_time, value, version, year, place_id, rate_id, updated_by) VALUES (1.000, 6, 97.98, null, 100.00, 2, 2022, 5, 1, null);
INSERT INTO public.forecast (amount, month, real_value, updated_time, value, version, year, place_id, rate_id, updated_by) VALUES (1.000, 7, 98.94, null, 100.00, 2, 2022, 5, 1, null);
INSERT INTO public.forecast (amount, month, real_value, updated_time, value, version, year, place_id, rate_id, updated_by) VALUES (1.000, 8, 104.43, null, 100.00, 2, 2022, 5, 1, null);
INSERT INTO public.forecast (amount, month, real_value, updated_time, value, version, year, place_id, rate_id, updated_by) VALUES (1.000, 9, 104.56, null, 100.00, 2, 2022, 5, 1, null);
INSERT INTO public.forecast (amount, month, real_value, updated_time, value, version, year, place_id, rate_id, updated_by) VALUES (1.000, 10, 101.86, null, 100.00, 2, 2022, 5, 1, null);
INSERT INTO public.forecast (amount, month, real_value, updated_time, value, version, year, place_id, rate_id, updated_by) VALUES (1.000, 11, 99.43, null, 100.00, 2, 2022, 5, 1, null);
INSERT INTO public.forecast (amount, month, real_value, updated_time, value, version, year, place_id, rate_id, updated_by) VALUES (1.000, 0, 99.85, null, 100.00, 2, 2022, 6, 1, null);
INSERT INTO public.forecast (amount, month, real_value, updated_time, value, version, year, place_id, rate_id, updated_by) VALUES (1.000, 1, 103.89, null, 100.00, 2, 2022, 6, 1, null);
INSERT INTO public.forecast (amount, month, real_value, updated_time, value, version, year, place_id, rate_id, updated_by) VALUES (1.000, 2, 100.39, null, 100.00, 2, 2022, 6, 1, null);
INSERT INTO public.forecast (amount, month, real_value, updated_time, value, version, year, place_id, rate_id, updated_by) VALUES (1.000, 3, 105.03, null, 100.00, 2, 2022, 6, 1, null);
INSERT INTO public.forecast (amount, month, real_value, updated_time, value, version, year, place_id, rate_id, updated_by) VALUES (1.000, 4, 99.45, null, 100.00, 2, 2022, 6, 1, null);
INSERT INTO public.forecast (amount, month, real_value, updated_time, value, version, year, place_id, rate_id, updated_by) VALUES (1.000, 5, 104.14, null, 100.00, 2, 2022, 6, 1, null);
INSERT INTO public.forecast (amount, month, real_value, updated_time, value, version, year, place_id, rate_id, updated_by) VALUES (1.000, 6, 97.98, null, 100.00, 2, 2022, 6, 1, null);
INSERT INTO public.forecast (amount, month, real_value, updated_time, value, version, year, place_id, rate_id, updated_by) VALUES (1.000, 7, 98.94, null, 100.00, 2, 2022, 6, 1, null);
INSERT INTO public.forecast (amount, month, real_value, updated_time, value, version, year, place_id, rate_id, updated_by) VALUES (1.000, 8, 104.43, null, 100.00, 2, 2022, 6, 1, null);
INSERT INTO public.forecast (amount, month, real_value, updated_time, value, version, year, place_id, rate_id, updated_by) VALUES (1.000, 9, 104.56, null, 100.00, 2, 2022, 6, 1, null);
INSERT INTO public.forecast (amount, month, real_value, updated_time, value, version, year, place_id, rate_id, updated_by) VALUES (1.000, 10, 101.86, null, 100.00, 2, 2022, 6, 1, null);
INSERT INTO public.forecast (amount, month, real_value, updated_time, value, version, year, place_id, rate_id, updated_by) VALUES (1.000, 11, 99.43, null, 100.00, 2, 2022, 6, 1, null);
INSERT INTO public.forecast (amount, month, real_value, updated_time, value, version, year, place_id, rate_id, updated_by) VALUES (1.000, 6, null, null, 100.00, 1, 2023, 1, 1, null);
INSERT INTO public.forecast (amount, month, real_value, updated_time, value, version, year, place_id, rate_id, updated_by) VALUES (1.000, 7, null, null, 100.00, 1, 2023, 1, 1, null);
INSERT INTO public.forecast (amount, month, real_value, updated_time, value, version, year, place_id, rate_id, updated_by) VALUES (1.000, 8, null, null, 100.00, 1, 2023, 1, 1, null);
INSERT INTO public.forecast (amount, month, real_value, updated_time, value, version, year, place_id, rate_id, updated_by) VALUES (1.000, 9, null, null, 100.00, 1, 2023, 1, 1, null);
INSERT INTO public.forecast (amount, month, real_value, updated_time, value, version, year, place_id, rate_id, updated_by) VALUES (1.000, 10, null, null, 100.00, 1, 2023, 1, 1, null);
INSERT INTO public.forecast (amount, month, real_value, updated_time, value, version, year, place_id, rate_id, updated_by) VALUES (1.000, 11, null, null, 100.00, 1, 2023, 1, 1, null);
INSERT INTO public.forecast (amount, month, real_value, updated_time, value, version, year, place_id, rate_id, updated_by) VALUES (1.000, 6, null, null, 100.00, 1, 2023, 2, 1, null);
INSERT INTO public.forecast (amount, month, real_value, updated_time, value, version, year, place_id, rate_id, updated_by) VALUES (1.000, 7, null, null, 100.00, 1, 2023, 2, 1, null);
INSERT INTO public.forecast (amount, month, real_value, updated_time, value, version, year, place_id, rate_id, updated_by) VALUES (1.000, 8, null, null, 100.00, 1, 2023, 2, 1, null);
INSERT INTO public.forecast (amount, month, real_value, updated_time, value, version, year, place_id, rate_id, updated_by) VALUES (1.000, 9, null, null, 100.00, 1, 2023, 2, 1, null);
INSERT INTO public.forecast (amount, month, real_value, updated_time, value, version, year, place_id, rate_id, updated_by) VALUES (1.000, 10, null, null, 100.00, 1, 2023, 2, 1, null);
INSERT INTO public.forecast (amount, month, real_value, updated_time, value, version, year, place_id, rate_id, updated_by) VALUES (1.000, 11, null, null, 100.00, 1, 2023, 2, 1, null);
INSERT INTO public.forecast (amount, month, real_value, updated_time, value, version, year, place_id, rate_id, updated_by) VALUES (1.000, 6, null, null, 100.00, 1, 2023, 3, 1, null);
INSERT INTO public.forecast (amount, month, real_value, updated_time, value, version, year, place_id, rate_id, updated_by) VALUES (1.000, 7, null, null, 100.00, 1, 2023, 3, 1, null);
INSERT INTO public.forecast (amount, month, real_value, updated_time, value, version, year, place_id, rate_id, updated_by) VALUES (1.000, 8, null, null, 100.00, 1, 2023, 3, 1, null);
INSERT INTO public.forecast (amount, month, real_value, updated_time, value, version, year, place_id, rate_id, updated_by) VALUES (1.000, 9, null, null, 100.00, 1, 2023, 3, 1, null);
INSERT INTO public.forecast (amount, month, real_value, updated_time, value, version, year, place_id, rate_id, updated_by) VALUES (1.000, 10, null, null, 100.00, 1, 2023, 3, 1, null);
INSERT INTO public.forecast (amount, month, real_value, updated_time, value, version, year, place_id, rate_id, updated_by) VALUES (1.000, 11, null, null, 100.00, 1, 2023, 3, 1, null);
INSERT INTO public.forecast (amount, month, real_value, updated_time, value, version, year, place_id, rate_id, updated_by) VALUES (1.000, 6, null, null, 100.00, 1, 2023, 4, 1, null);
INSERT INTO public.forecast (amount, month, real_value, updated_time, value, version, year, place_id, rate_id, updated_by) VALUES (1.000, 7, null, null, 100.00, 1, 2023, 4, 1, null);
INSERT INTO public.forecast (amount, month, real_value, updated_time, value, version, year, place_id, rate_id, updated_by) VALUES (1.000, 8, null, null, 100.00, 1, 2023, 4, 1, null);
INSERT INTO public.forecast (amount, month, real_value, updated_time, value, version, year, place_id, rate_id, updated_by) VALUES (1.000, 9, null, null, 100.00, 1, 2023, 4, 1, null);
INSERT INTO public.forecast (amount, month, real_value, updated_time, value, version, year, place_id, rate_id, updated_by) VALUES (1.000, 10, null, null, 100.00, 1, 2023, 4, 1, null);
INSERT INTO public.forecast (amount, month, real_value, updated_time, value, version, year, place_id, rate_id, updated_by) VALUES (1.000, 11, null, null, 100.00, 1, 2023, 4, 1, null);
INSERT INTO public.forecast (amount, month, real_value, updated_time, value, version, year, place_id, rate_id, updated_by) VALUES (1.000, 6, null, null, 100.00, 1, 2023, 5, 1, null);
INSERT INTO public.forecast (amount, month, real_value, updated_time, value, version, year, place_id, rate_id, updated_by) VALUES (1.000, 7, null, null, 100.00, 1, 2023, 5, 1, null);
INSERT INTO public.forecast (amount, month, real_value, updated_time, value, version, year, place_id, rate_id, updated_by) VALUES (1.000, 8, null, null, 100.00, 1, 2023, 5, 1, null);
INSERT INTO public.forecast (amount, month, real_value, updated_time, value, version, year, place_id, rate_id, updated_by) VALUES (1.000, 9, null, null, 100.00, 1, 2023, 5, 1, null);
INSERT INTO public.forecast (amount, month, real_value, updated_time, value, version, year, place_id, rate_id, updated_by) VALUES (1.000, 10, null, null, 100.00, 1, 2023, 5, 1, null);
INSERT INTO public.forecast (amount, month, real_value, updated_time, value, version, year, place_id, rate_id, updated_by) VALUES (1.000, 11, null, null, 100.00, 1, 2023, 5, 1, null);
INSERT INTO public.forecast (amount, month, real_value, updated_time, value, version, year, place_id, rate_id, updated_by) VALUES (1.000, 6, null, null, 100.00, 1, 2023, 6, 1, null);
INSERT INTO public.forecast (amount, month, real_value, updated_time, value, version, year, place_id, rate_id, updated_by) VALUES (1.000, 7, null, null, 100.00, 1, 2023, 6, 1, null);
INSERT INTO public.forecast (amount, month, real_value, updated_time, value, version, year, place_id, rate_id, updated_by) VALUES (1.000, 8, null, null, 100.00, 1, 2023, 6, 1, null);
INSERT INTO public.forecast (amount, month, real_value, updated_time, value, version, year, place_id, rate_id, updated_by) VALUES (1.000, 9, null, null, 100.00, 1, 2023, 6, 1, null);
INSERT INTO public.forecast (amount, month, real_value, updated_time, value, version, year, place_id, rate_id, updated_by) VALUES (1.000, 10, null, null, 100.00, 1, 2023, 6, 1, null);
INSERT INTO public.forecast (amount, month, real_value, updated_time, value, version, year, place_id, rate_id, updated_by) VALUES (1.000, 11, null, null, 100.00, 1, 2023, 6, 1, null);
INSERT INTO public.forecast (amount, month, real_value, updated_time, value, version, year, place_id, rate_id, updated_by) VALUES (1.000, 0, 95.73, null, 100.00, 2, 2023, 1, 1, null);
INSERT INTO public.forecast (amount, month, real_value, updated_time, value, version, year, place_id, rate_id, updated_by) VALUES (1.000, 0, 95.73, null, 100.00, 2, 2023, 2, 1, null);
INSERT INTO public.forecast (amount, month, real_value, updated_time, value, version, year, place_id, rate_id, updated_by) VALUES (1.000, 0, 95.73, null, 100.00, 2, 2023, 3, 1, null);
INSERT INTO public.forecast (amount, month, real_value, updated_time, value, version, year, place_id, rate_id, updated_by) VALUES (1.000, 0, 95.73, null, 100.00, 2, 2023, 4, 1, null);
INSERT INTO public.forecast (amount, month, real_value, updated_time, value, version, year, place_id, rate_id, updated_by) VALUES (1.000, 0, 95.73, null, 100.00, 2, 2023, 5, 1, null);
INSERT INTO public.forecast (amount, month, real_value, updated_time, value, version, year, place_id, rate_id, updated_by) VALUES (1.000, 0, 95.73, null, 100.00, 2, 2023, 6, 1, null);
INSERT INTO public.forecast (amount, month, real_value, updated_time, value, version, year, place_id, rate_id, updated_by) VALUES (1.000, 1, 103.67, null, 100.00, 2, 2023, 1, 1, null);
INSERT INTO public.forecast (amount, month, real_value, updated_time, value, version, year, place_id, rate_id, updated_by) VALUES (1.000, 1, 103.67, null, 100.00, 2, 2023, 2, 1, null);
INSERT INTO public.forecast (amount, month, real_value, updated_time, value, version, year, place_id, rate_id, updated_by) VALUES (1.000, 1, 103.67, null, 100.00, 2, 2023, 3, 1, null);
INSERT INTO public.forecast (amount, month, real_value, updated_time, value, version, year, place_id, rate_id, updated_by) VALUES (1.000, 1, 103.67, null, 100.00, 2, 2023, 4, 1, null);
INSERT INTO public.forecast (amount, month, real_value, updated_time, value, version, year, place_id, rate_id, updated_by) VALUES (1.000, 1, 103.67, null, 100.00, 2, 2023, 5, 1, null);
INSERT INTO public.forecast (amount, month, real_value, updated_time, value, version, year, place_id, rate_id, updated_by) VALUES (1.000, 1, 103.67, null, 100.00, 2, 2023, 6, 1, null);
INSERT INTO public.forecast (amount, month, real_value, updated_time, value, version, year, place_id, rate_id, updated_by) VALUES (1.000, 2, 99.80, null, 100.00, 2, 2023, 1, 1, null);
INSERT INTO public.forecast (amount, month, real_value, updated_time, value, version, year, place_id, rate_id, updated_by) VALUES (1.000, 2, 99.80, null, 100.00, 2, 2023, 2, 1, null);
INSERT INTO public.forecast (amount, month, real_value, updated_time, value, version, year, place_id, rate_id, updated_by) VALUES (1.000, 2, 99.80, null, 100.00, 2, 2023, 3, 1, null);
INSERT INTO public.forecast (amount, month, real_value, updated_time, value, version, year, place_id, rate_id, updated_by) VALUES (1.000, 2, 99.80, null, 100.00, 2, 2023, 4, 1, null);
INSERT INTO public.forecast (amount, month, real_value, updated_time, value, version, year, place_id, rate_id, updated_by) VALUES (1.000, 2, 99.80, null, 100.00, 2, 2023, 5, 1, null);
INSERT INTO public.forecast (amount, month, real_value, updated_time, value, version, year, place_id, rate_id, updated_by) VALUES (1.000, 2, 99.80, null, 100.00, 2, 2023, 6, 1, null);
INSERT INTO public.forecast (amount, month, real_value, updated_time, value, version, year, place_id, rate_id, updated_by) VALUES (1.000, 3, 95.33, null, 100.00, 2, 2023, 1, 1, null);
INSERT INTO public.forecast (amount, month, real_value, updated_time, value, version, year, place_id, rate_id, updated_by) VALUES (1.000, 3, 95.33, null, 100.00, 2, 2023, 2, 1, null);
INSERT INTO public.forecast (amount, month, real_value, updated_time, value, version, year, place_id, rate_id, updated_by) VALUES (1.000, 3, 95.33, null, 100.00, 2, 2023, 3, 1, null);
INSERT INTO public.forecast (amount, month, real_value, updated_time, value, version, year, place_id, rate_id, updated_by) VALUES (1.000, 3, 95.33, null, 100.00, 2, 2023, 4, 1, null);
INSERT INTO public.forecast (amount, month, real_value, updated_time, value, version, year, place_id, rate_id, updated_by) VALUES (1.000, 3, 95.33, null, 100.00, 2, 2023, 5, 1, null);
INSERT INTO public.forecast (amount, month, real_value, updated_time, value, version, year, place_id, rate_id, updated_by) VALUES (1.000, 3, 95.33, null, 100.00, 2, 2023, 6, 1, null);
INSERT INTO public.forecast (amount, month, real_value, updated_time, value, version, year, place_id, rate_id, updated_by) VALUES (1.000, 4, 98.36, null, 100.00, 2, 2023, 1, 1, null);
INSERT INTO public.forecast (amount, month, real_value, updated_time, value, version, year, place_id, rate_id, updated_by) VALUES (1.000, 4, 98.36, null, 100.00, 2, 2023, 2, 1, null);
INSERT INTO public.forecast (amount, month, real_value, updated_time, value, version, year, place_id, rate_id, updated_by) VALUES (1.000, 4, 98.36, null, 100.00, 2, 2023, 3, 1, null);
INSERT INTO public.forecast (amount, month, real_value, updated_time, value, version, year, place_id, rate_id, updated_by) VALUES (1.000, 4, 98.36, null, 100.00, 2, 2023, 4, 1, null);
INSERT INTO public.forecast (amount, month, real_value, updated_time, value, version, year, place_id, rate_id, updated_by) VALUES (1.000, 4, 98.36, null, 100.00, 2, 2023, 5, 1, null);
INSERT INTO public.forecast (amount, month, real_value, updated_time, value, version, year, place_id, rate_id, updated_by) VALUES (1.000, 4, 98.36, null, 100.00, 2, 2023, 6, 1, null);
INSERT INTO public.forecast (amount, month, real_value, updated_time, value, version, year, place_id, rate_id, updated_by) VALUES (1.000, 5, 95.54, null, 100.00, 2, 2023, 1, 1, null);
INSERT INTO public.forecast (amount, month, real_value, updated_time, value, version, year, place_id, rate_id, updated_by) VALUES (1.000, 5, 95.54, null, 100.00, 2, 2023, 2, 1, null);
INSERT INTO public.forecast (amount, month, real_value, updated_time, value, version, year, place_id, rate_id, updated_by) VALUES (1.000, 5, 95.54, null, 100.00, 2, 2023, 3, 1, null);
INSERT INTO public.forecast (amount, month, real_value, updated_time, value, version, year, place_id, rate_id, updated_by) VALUES (1.000, 5, 95.54, null, 100.00, 2, 2023, 4, 1, null);
INSERT INTO public.forecast (amount, month, real_value, updated_time, value, version, year, place_id, rate_id, updated_by) VALUES (1.000, 5, 95.54, null, 100.00, 2, 2023, 5, 1, null);
INSERT INTO public.forecast (amount, month, real_value, updated_time, value, version, year, place_id, rate_id, updated_by) VALUES (1.000, 5, 95.54, null, 100.00, 2, 2023, 6, 1, null);
INSERT INTO public.forecast (amount, month, real_value, updated_time, value, version, year, place_id, rate_id, updated_by) VALUES (1.000, 0, 48.32, null, 50.00, 2, 2022, 1, 2, null);
INSERT INTO public.forecast (amount, month, real_value, updated_time, value, version, year, place_id, rate_id, updated_by) VALUES (1.000, 1, 49.00, null, 50.00, 2, 2022, 1, 2, null);
INSERT INTO public.forecast (amount, month, real_value, updated_time, value, version, year, place_id, rate_id, updated_by) VALUES (1.000, 2, 49.61, null, 50.00, 2, 2022, 1, 2, null);
INSERT INTO public.forecast (amount, month, real_value, updated_time, value, version, year, place_id, rate_id, updated_by) VALUES (1.000, 3, 47.82, null, 50.00, 2, 2022, 1, 2, null);
INSERT INTO public.forecast (amount, month, real_value, updated_time, value, version, year, place_id, rate_id, updated_by) VALUES (1.000, 4, 50.09, null, 50.00, 2, 2022, 1, 2, null);
INSERT INTO public.forecast (amount, month, real_value, updated_time, value, version, year, place_id, rate_id, updated_by) VALUES (1.000, 5, 48.11, null, 50.00, 2, 2022, 1, 2, null);
INSERT INTO public.forecast (amount, month, real_value, updated_time, value, version, year, place_id, rate_id, updated_by) VALUES (1.000, 6, 48.53, null, 50.00, 2, 2022, 1, 2, null);
INSERT INTO public.forecast (amount, month, real_value, updated_time, value, version, year, place_id, rate_id, updated_by) VALUES (1.000, 7, 50.94, null, 50.00, 2, 2022, 1, 2, null);
INSERT INTO public.forecast (amount, month, real_value, updated_time, value, version, year, place_id, rate_id, updated_by) VALUES (1.000, 8, 52.16, null, 50.00, 2, 2022, 1, 2, null);
INSERT INTO public.forecast (amount, month, real_value, updated_time, value, version, year, place_id, rate_id, updated_by) VALUES (1.000, 9, 48.33, null, 50.00, 2, 2022, 1, 2, null);
INSERT INTO public.forecast (amount, month, real_value, updated_time, value, version, year, place_id, rate_id, updated_by) VALUES (1.000, 10, 50.39, null, 50.00, 2, 2022, 1, 2, null);
INSERT INTO public.forecast (amount, month, real_value, updated_time, value, version, year, place_id, rate_id, updated_by) VALUES (1.000, 11, 48.15, null, 50.00, 2, 2022, 1, 2, null);
INSERT INTO public.forecast (amount, month, real_value, updated_time, value, version, year, place_id, rate_id, updated_by) VALUES (1.000, 0, 48.32, null, 50.00, 2, 2022, 2, 2, null);
INSERT INTO public.forecast (amount, month, real_value, updated_time, value, version, year, place_id, rate_id, updated_by) VALUES (1.000, 1, 49.00, null, 50.00, 2, 2022, 2, 2, null);
INSERT INTO public.forecast (amount, month, real_value, updated_time, value, version, year, place_id, rate_id, updated_by) VALUES (1.000, 2, 49.61, null, 50.00, 2, 2022, 2, 2, null);
INSERT INTO public.forecast (amount, month, real_value, updated_time, value, version, year, place_id, rate_id, updated_by) VALUES (1.000, 3, 47.82, null, 50.00, 2, 2022, 2, 2, null);
INSERT INTO public.forecast (amount, month, real_value, updated_time, value, version, year, place_id, rate_id, updated_by) VALUES (1.000, 4, 50.09, null, 50.00, 2, 2022, 2, 2, null);
INSERT INTO public.forecast (amount, month, real_value, updated_time, value, version, year, place_id, rate_id, updated_by) VALUES (1.000, 5, 48.11, null, 50.00, 2, 2022, 2, 2, null);
INSERT INTO public.forecast (amount, month, real_value, updated_time, value, version, year, place_id, rate_id, updated_by) VALUES (1.000, 6, 48.53, null, 50.00, 2, 2022, 2, 2, null);
INSERT INTO public.forecast (amount, month, real_value, updated_time, value, version, year, place_id, rate_id, updated_by) VALUES (1.000, 7, 50.94, null, 50.00, 2, 2022, 2, 2, null);
INSERT INTO public.forecast (amount, month, real_value, updated_time, value, version, year, place_id, rate_id, updated_by) VALUES (1.000, 8, 52.16, null, 50.00, 2, 2022, 2, 2, null);
INSERT INTO public.forecast (amount, month, real_value, updated_time, value, version, year, place_id, rate_id, updated_by) VALUES (1.000, 9, 48.33, null, 50.00, 2, 2022, 2, 2, null);
INSERT INTO public.forecast (amount, month, real_value, updated_time, value, version, year, place_id, rate_id, updated_by) VALUES (1.000, 10, 50.39, null, 50.00, 2, 2022, 2, 2, null);
INSERT INTO public.forecast (amount, month, real_value, updated_time, value, version, year, place_id, rate_id, updated_by) VALUES (1.000, 11, 48.15, null, 50.00, 2, 2022, 2, 2, null);
INSERT INTO public.forecast (amount, month, real_value, updated_time, value, version, year, place_id, rate_id, updated_by) VALUES (1.000, 0, 48.32, null, 50.00, 2, 2022, 3, 2, null);
INSERT INTO public.forecast (amount, month, real_value, updated_time, value, version, year, place_id, rate_id, updated_by) VALUES (1.000, 1, 49.00, null, 50.00, 2, 2022, 3, 2, null);
INSERT INTO public.forecast (amount, month, real_value, updated_time, value, version, year, place_id, rate_id, updated_by) VALUES (1.000, 2, 49.61, null, 50.00, 2, 2022, 3, 2, null);
INSERT INTO public.forecast (amount, month, real_value, updated_time, value, version, year, place_id, rate_id, updated_by) VALUES (1.000, 3, 47.82, null, 50.00, 2, 2022, 3, 2, null);
INSERT INTO public.forecast (amount, month, real_value, updated_time, value, version, year, place_id, rate_id, updated_by) VALUES (1.000, 4, 50.09, null, 50.00, 2, 2022, 3, 2, null);
INSERT INTO public.forecast (amount, month, real_value, updated_time, value, version, year, place_id, rate_id, updated_by) VALUES (1.000, 5, 48.11, null, 50.00, 2, 2022, 3, 2, null);
INSERT INTO public.forecast (amount, month, real_value, updated_time, value, version, year, place_id, rate_id, updated_by) VALUES (1.000, 6, 48.53, null, 50.00, 2, 2022, 3, 2, null);
INSERT INTO public.forecast (amount, month, real_value, updated_time, value, version, year, place_id, rate_id, updated_by) VALUES (1.000, 7, 50.94, null, 50.00, 2, 2022, 3, 2, null);
INSERT INTO public.forecast (amount, month, real_value, updated_time, value, version, year, place_id, rate_id, updated_by) VALUES (1.000, 8, 52.16, null, 50.00, 2, 2022, 3, 2, null);
INSERT INTO public.forecast (amount, month, real_value, updated_time, value, version, year, place_id, rate_id, updated_by) VALUES (1.000, 9, 48.33, null, 50.00, 2, 2022, 3, 2, null);
INSERT INTO public.forecast (amount, month, real_value, updated_time, value, version, year, place_id, rate_id, updated_by) VALUES (1.000, 10, 50.39, null, 50.00, 2, 2022, 3, 2, null);
INSERT INTO public.forecast (amount, month, real_value, updated_time, value, version, year, place_id, rate_id, updated_by) VALUES (1.000, 11, 48.15, null, 50.00, 2, 2022, 3, 2, null);
INSERT INTO public.forecast (amount, month, real_value, updated_time, value, version, year, place_id, rate_id, updated_by) VALUES (1.000, 0, 48.32, null, 50.00, 2, 2022, 4, 2, null);
INSERT INTO public.forecast (amount, month, real_value, updated_time, value, version, year, place_id, rate_id, updated_by) VALUES (1.000, 1, 49.00, null, 50.00, 2, 2022, 4, 2, null);
INSERT INTO public.forecast (amount, month, real_value, updated_time, value, version, year, place_id, rate_id, updated_by) VALUES (1.000, 2, 49.61, null, 50.00, 2, 2022, 4, 2, null);
INSERT INTO public.forecast (amount, month, real_value, updated_time, value, version, year, place_id, rate_id, updated_by) VALUES (1.000, 3, 47.82, null, 50.00, 2, 2022, 4, 2, null);
INSERT INTO public.forecast (amount, month, real_value, updated_time, value, version, year, place_id, rate_id, updated_by) VALUES (1.000, 4, 50.09, null, 50.00, 2, 2022, 4, 2, null);
INSERT INTO public.forecast (amount, month, real_value, updated_time, value, version, year, place_id, rate_id, updated_by) VALUES (1.000, 5, 48.11, null, 50.00, 2, 2022, 4, 2, null);
INSERT INTO public.forecast (amount, month, real_value, updated_time, value, version, year, place_id, rate_id, updated_by) VALUES (1.000, 6, 48.53, null, 50.00, 2, 2022, 4, 2, null);
INSERT INTO public.forecast (amount, month, real_value, updated_time, value, version, year, place_id, rate_id, updated_by) VALUES (1.000, 7, 50.94, null, 50.00, 2, 2022, 4, 2, null);
INSERT INTO public.forecast (amount, month, real_value, updated_time, value, version, year, place_id, rate_id, updated_by) VALUES (1.000, 8, 52.16, null, 50.00, 2, 2022, 4, 2, null);
INSERT INTO public.forecast (amount, month, real_value, updated_time, value, version, year, place_id, rate_id, updated_by) VALUES (1.000, 9, 48.33, null, 50.00, 2, 2022, 4, 2, null);
INSERT INTO public.forecast (amount, month, real_value, updated_time, value, version, year, place_id, rate_id, updated_by) VALUES (1.000, 10, 50.39, null, 50.00, 2, 2022, 4, 2, null);
INSERT INTO public.forecast (amount, month, real_value, updated_time, value, version, year, place_id, rate_id, updated_by) VALUES (1.000, 11, 48.15, null, 50.00, 2, 2022, 4, 2, null);
INSERT INTO public.forecast (amount, month, real_value, updated_time, value, version, year, place_id, rate_id, updated_by) VALUES (1.000, 0, 48.32, null, 50.00, 2, 2022, 5, 2, null);
INSERT INTO public.forecast (amount, month, real_value, updated_time, value, version, year, place_id, rate_id, updated_by) VALUES (1.000, 1, 49.00, null, 50.00, 2, 2022, 5, 2, null);
INSERT INTO public.forecast (amount, month, real_value, updated_time, value, version, year, place_id, rate_id, updated_by) VALUES (1.000, 2, 49.61, null, 50.00, 2, 2022, 5, 2, null);
INSERT INTO public.forecast (amount, month, real_value, updated_time, value, version, year, place_id, rate_id, updated_by) VALUES (1.000, 3, 47.82, null, 50.00, 2, 2022, 5, 2, null);
INSERT INTO public.forecast (amount, month, real_value, updated_time, value, version, year, place_id, rate_id, updated_by) VALUES (1.000, 4, 50.09, null, 50.00, 2, 2022, 5, 2, null);
INSERT INTO public.forecast (amount, month, real_value, updated_time, value, version, year, place_id, rate_id, updated_by) VALUES (1.000, 5, 48.11, null, 50.00, 2, 2022, 5, 2, null);
INSERT INTO public.forecast (amount, month, real_value, updated_time, value, version, year, place_id, rate_id, updated_by) VALUES (1.000, 6, 48.53, null, 50.00, 2, 2022, 5, 2, null);
INSERT INTO public.forecast (amount, month, real_value, updated_time, value, version, year, place_id, rate_id, updated_by) VALUES (1.000, 7, 50.94, null, 50.00, 2, 2022, 5, 2, null);
INSERT INTO public.forecast (amount, month, real_value, updated_time, value, version, year, place_id, rate_id, updated_by) VALUES (1.000, 8, 52.16, null, 50.00, 2, 2022, 5, 2, null);
INSERT INTO public.forecast (amount, month, real_value, updated_time, value, version, year, place_id, rate_id, updated_by) VALUES (1.000, 9, 48.33, null, 50.00, 2, 2022, 5, 2, null);
INSERT INTO public.forecast (amount, month, real_value, updated_time, value, version, year, place_id, rate_id, updated_by) VALUES (1.000, 10, 50.39, null, 50.00, 2, 2022, 5, 2, null);
INSERT INTO public.forecast (amount, month, real_value, updated_time, value, version, year, place_id, rate_id, updated_by) VALUES (1.000, 11, 48.15, null, 50.00, 2, 2022, 5, 2, null);
INSERT INTO public.forecast (amount, month, real_value, updated_time, value, version, year, place_id, rate_id, updated_by) VALUES (1.000, 0, 48.32, null, 50.00, 2, 2022, 6, 2, null);
INSERT INTO public.forecast (amount, month, real_value, updated_time, value, version, year, place_id, rate_id, updated_by) VALUES (1.000, 1, 49.00, null, 50.00, 2, 2022, 6, 2, null);
INSERT INTO public.forecast (amount, month, real_value, updated_time, value, version, year, place_id, rate_id, updated_by) VALUES (1.000, 2, 49.61, null, 50.00, 2, 2022, 6, 2, null);
INSERT INTO public.forecast (amount, month, real_value, updated_time, value, version, year, place_id, rate_id, updated_by) VALUES (1.000, 3, 47.82, null, 50.00, 2, 2022, 6, 2, null);
INSERT INTO public.forecast (amount, month, real_value, updated_time, value, version, year, place_id, rate_id, updated_by) VALUES (1.000, 4, 50.09, null, 50.00, 2, 2022, 6, 2, null);
INSERT INTO public.forecast (amount, month, real_value, updated_time, value, version, year, place_id, rate_id, updated_by) VALUES (1.000, 5, 48.11, null, 50.00, 2, 2022, 6, 2, null);
INSERT INTO public.forecast (amount, month, real_value, updated_time, value, version, year, place_id, rate_id, updated_by) VALUES (1.000, 6, 48.53, null, 50.00, 2, 2022, 6, 2, null);
INSERT INTO public.forecast (amount, month, real_value, updated_time, value, version, year, place_id, rate_id, updated_by) VALUES (1.000, 7, 50.94, null, 50.00, 2, 2022, 6, 2, null);
INSERT INTO public.forecast (amount, month, real_value, updated_time, value, version, year, place_id, rate_id, updated_by) VALUES (1.000, 8, 52.16, null, 50.00, 2, 2022, 6, 2, null);
INSERT INTO public.forecast (amount, month, real_value, updated_time, value, version, year, place_id, rate_id, updated_by) VALUES (1.000, 9, 48.33, null, 50.00, 2, 2022, 6, 2, null);
INSERT INTO public.forecast (amount, month, real_value, updated_time, value, version, year, place_id, rate_id, updated_by) VALUES (1.000, 10, 50.39, null, 50.00, 2, 2022, 6, 2, null);
INSERT INTO public.forecast (amount, month, real_value, updated_time, value, version, year, place_id, rate_id, updated_by) VALUES (1.000, 11, 48.15, null, 50.00, 2, 2022, 6, 2, null);
INSERT INTO public.forecast (amount, month, real_value, updated_time, value, version, year, place_id, rate_id, updated_by) VALUES (1.000, 6, null, null, 50.00, 1, 2023, 1, 2, null);
INSERT INTO public.forecast (amount, month, real_value, updated_time, value, version, year, place_id, rate_id, updated_by) VALUES (1.000, 7, null, null, 50.00, 1, 2023, 1, 2, null);
INSERT INTO public.forecast (amount, month, real_value, updated_time, value, version, year, place_id, rate_id, updated_by) VALUES (1.000, 8, null, null, 50.00, 1, 2023, 1, 2, null);
INSERT INTO public.forecast (amount, month, real_value, updated_time, value, version, year, place_id, rate_id, updated_by) VALUES (1.000, 9, null, null, 50.00, 1, 2023, 1, 2, null);
INSERT INTO public.forecast (amount, month, real_value, updated_time, value, version, year, place_id, rate_id, updated_by) VALUES (1.000, 10, null, null, 50.00, 1, 2023, 1, 2, null);
INSERT INTO public.forecast (amount, month, real_value, updated_time, value, version, year, place_id, rate_id, updated_by) VALUES (1.000, 11, null, null, 50.00, 1, 2023, 1, 2, null);
INSERT INTO public.forecast (amount, month, real_value, updated_time, value, version, year, place_id, rate_id, updated_by) VALUES (1.000, 6, null, null, 50.00, 1, 2023, 2, 2, null);
INSERT INTO public.forecast (amount, month, real_value, updated_time, value, version, year, place_id, rate_id, updated_by) VALUES (1.000, 7, null, null, 50.00, 1, 2023, 2, 2, null);
INSERT INTO public.forecast (amount, month, real_value, updated_time, value, version, year, place_id, rate_id, updated_by) VALUES (1.000, 8, null, null, 50.00, 1, 2023, 2, 2, null);
INSERT INTO public.forecast (amount, month, real_value, updated_time, value, version, year, place_id, rate_id, updated_by) VALUES (1.000, 9, null, null, 50.00, 1, 2023, 2, 2, null);
INSERT INTO public.forecast (amount, month, real_value, updated_time, value, version, year, place_id, rate_id, updated_by) VALUES (1.000, 10, null, null, 50.00, 1, 2023, 2, 2, null);
INSERT INTO public.forecast (amount, month, real_value, updated_time, value, version, year, place_id, rate_id, updated_by) VALUES (1.000, 11, null, null, 50.00, 1, 2023, 2, 2, null);
INSERT INTO public.forecast (amount, month, real_value, updated_time, value, version, year, place_id, rate_id, updated_by) VALUES (1.000, 6, null, null, 50.00, 1, 2023, 3, 2, null);
INSERT INTO public.forecast (amount, month, real_value, updated_time, value, version, year, place_id, rate_id, updated_by) VALUES (1.000, 7, null, null, 50.00, 1, 2023, 3, 2, null);
INSERT INTO public.forecast (amount, month, real_value, updated_time, value, version, year, place_id, rate_id, updated_by) VALUES (1.000, 8, null, null, 50.00, 1, 2023, 3, 2, null);
INSERT INTO public.forecast (amount, month, real_value, updated_time, value, version, year, place_id, rate_id, updated_by) VALUES (1.000, 9, null, null, 50.00, 1, 2023, 3, 2, null);
INSERT INTO public.forecast (amount, month, real_value, updated_time, value, version, year, place_id, rate_id, updated_by) VALUES (1.000, 10, null, null, 50.00, 1, 2023, 3, 2, null);
INSERT INTO public.forecast (amount, month, real_value, updated_time, value, version, year, place_id, rate_id, updated_by) VALUES (1.000, 11, null, null, 50.00, 1, 2023, 3, 2, null);
INSERT INTO public.forecast (amount, month, real_value, updated_time, value, version, year, place_id, rate_id, updated_by) VALUES (1.000, 6, null, null, 50.00, 1, 2023, 4, 2, null);
INSERT INTO public.forecast (amount, month, real_value, updated_time, value, version, year, place_id, rate_id, updated_by) VALUES (1.000, 7, null, null, 50.00, 1, 2023, 4, 2, null);
INSERT INTO public.forecast (amount, month, real_value, updated_time, value, version, year, place_id, rate_id, updated_by) VALUES (1.000, 8, null, null, 50.00, 1, 2023, 4, 2, null);
INSERT INTO public.forecast (amount, month, real_value, updated_time, value, version, year, place_id, rate_id, updated_by) VALUES (1.000, 9, null, null, 50.00, 1, 2023, 4, 2, null);
INSERT INTO public.forecast (amount, month, real_value, updated_time, value, version, year, place_id, rate_id, updated_by) VALUES (1.000, 10, null, null, 50.00, 1, 2023, 4, 2, null);
INSERT INTO public.forecast (amount, month, real_value, updated_time, value, version, year, place_id, rate_id, updated_by) VALUES (1.000, 11, null, null, 50.00, 1, 2023, 4, 2, null);
INSERT INTO public.forecast (amount, month, real_value, updated_time, value, version, year, place_id, rate_id, updated_by) VALUES (1.000, 6, null, null, 50.00, 1, 2023, 5, 2, null);
INSERT INTO public.forecast (amount, month, real_value, updated_time, value, version, year, place_id, rate_id, updated_by) VALUES (1.000, 7, null, null, 50.00, 1, 2023, 5, 2, null);
INSERT INTO public.forecast (amount, month, real_value, updated_time, value, version, year, place_id, rate_id, updated_by) VALUES (1.000, 8, null, null, 50.00, 1, 2023, 5, 2, null);
INSERT INTO public.forecast (amount, month, real_value, updated_time, value, version, year, place_id, rate_id, updated_by) VALUES (1.000, 9, null, null, 50.00, 1, 2023, 5, 2, null);
INSERT INTO public.forecast (amount, month, real_value, updated_time, value, version, year, place_id, rate_id, updated_by) VALUES (1.000, 10, null, null, 50.00, 1, 2023, 5, 2, null);
INSERT INTO public.forecast (amount, month, real_value, updated_time, value, version, year, place_id, rate_id, updated_by) VALUES (1.000, 11, null, null, 50.00, 1, 2023, 5, 2, null);
INSERT INTO public.forecast (amount, month, real_value, updated_time, value, version, year, place_id, rate_id, updated_by) VALUES (1.000, 6, null, null, 50.00, 1, 2023, 6, 2, null);
INSERT INTO public.forecast (amount, month, real_value, updated_time, value, version, year, place_id, rate_id, updated_by) VALUES (1.000, 7, null, null, 50.00, 1, 2023, 6, 2, null);
INSERT INTO public.forecast (amount, month, real_value, updated_time, value, version, year, place_id, rate_id, updated_by) VALUES (1.000, 8, null, null, 50.00, 1, 2023, 6, 2, null);
INSERT INTO public.forecast (amount, month, real_value, updated_time, value, version, year, place_id, rate_id, updated_by) VALUES (1.000, 9, null, null, 50.00, 1, 2023, 6, 2, null);
INSERT INTO public.forecast (amount, month, real_value, updated_time, value, version, year, place_id, rate_id, updated_by) VALUES (1.000, 10, null, null, 50.00, 1, 2023, 6, 2, null);
INSERT INTO public.forecast (amount, month, real_value, updated_time, value, version, year, place_id, rate_id, updated_by) VALUES (1.000, 11, null, null, 50.00, 1, 2023, 6, 2, null);
INSERT INTO public.forecast (amount, month, real_value, updated_time, value, version, year, place_id, rate_id, updated_by) VALUES (1.000, 0, 48.82, null, 50.00, 2, 2023, 1, 2, null);
INSERT INTO public.forecast (amount, month, real_value, updated_time, value, version, year, place_id, rate_id, updated_by) VALUES (1.000, 0, 48.82, null, 50.00, 2, 2023, 2, 2, null);
INSERT INTO public.forecast (amount, month, real_value, updated_time, value, version, year, place_id, rate_id, updated_by) VALUES (1.000, 0, 48.82, null, 50.00, 2, 2023, 3, 2, null);
INSERT INTO public.forecast (amount, month, real_value, updated_time, value, version, year, place_id, rate_id, updated_by) VALUES (1.000, 0, 48.82, null, 50.00, 2, 2023, 4, 2, null);
INSERT INTO public.forecast (amount, month, real_value, updated_time, value, version, year, place_id, rate_id, updated_by) VALUES (1.000, 0, 48.82, null, 50.00, 2, 2023, 5, 2, null);
INSERT INTO public.forecast (amount, month, real_value, updated_time, value, version, year, place_id, rate_id, updated_by) VALUES (1.000, 0, 48.82, null, 50.00, 2, 2023, 6, 2, null);
INSERT INTO public.forecast (amount, month, real_value, updated_time, value, version, year, place_id, rate_id, updated_by) VALUES (1.000, 1, 51.10, null, 50.00, 2, 2023, 1, 2, null);
INSERT INTO public.forecast (amount, month, real_value, updated_time, value, version, year, place_id, rate_id, updated_by) VALUES (1.000, 1, 51.10, null, 50.00, 2, 2023, 2, 2, null);
INSERT INTO public.forecast (amount, month, real_value, updated_time, value, version, year, place_id, rate_id, updated_by) VALUES (1.000, 1, 51.10, null, 50.00, 2, 2023, 3, 2, null);
INSERT INTO public.forecast (amount, month, real_value, updated_time, value, version, year, place_id, rate_id, updated_by) VALUES (1.000, 1, 51.10, null, 50.00, 2, 2023, 4, 2, null);
INSERT INTO public.forecast (amount, month, real_value, updated_time, value, version, year, place_id, rate_id, updated_by) VALUES (1.000, 1, 51.10, null, 50.00, 2, 2023, 5, 2, null);
INSERT INTO public.forecast (amount, month, real_value, updated_time, value, version, year, place_id, rate_id, updated_by) VALUES (1.000, 1, 51.10, null, 50.00, 2, 2023, 6, 2, null);
INSERT INTO public.forecast (amount, month, real_value, updated_time, value, version, year, place_id, rate_id, updated_by) VALUES (1.000, 2, 51.31, null, 50.00, 2, 2023, 1, 2, null);
INSERT INTO public.forecast (amount, month, real_value, updated_time, value, version, year, place_id, rate_id, updated_by) VALUES (1.000, 2, 51.31, null, 50.00, 2, 2023, 2, 2, null);
INSERT INTO public.forecast (amount, month, real_value, updated_time, value, version, year, place_id, rate_id, updated_by) VALUES (1.000, 2, 51.31, null, 50.00, 2, 2023, 3, 2, null);
INSERT INTO public.forecast (amount, month, real_value, updated_time, value, version, year, place_id, rate_id, updated_by) VALUES (1.000, 2, 51.31, null, 50.00, 2, 2023, 4, 2, null);
INSERT INTO public.forecast (amount, month, real_value, updated_time, value, version, year, place_id, rate_id, updated_by) VALUES (1.000, 2, 51.31, null, 50.00, 2, 2023, 5, 2, null);
INSERT INTO public.forecast (amount, month, real_value, updated_time, value, version, year, place_id, rate_id, updated_by) VALUES (1.000, 2, 51.31, null, 50.00, 2, 2023, 6, 2, null);
INSERT INTO public.forecast (amount, month, real_value, updated_time, value, version, year, place_id, rate_id, updated_by) VALUES (1.000, 3, 47.77, null, 50.00, 2, 2023, 1, 2, null);
INSERT INTO public.forecast (amount, month, real_value, updated_time, value, version, year, place_id, rate_id, updated_by) VALUES (1.000, 3, 47.77, null, 50.00, 2, 2023, 2, 2, null);
INSERT INTO public.forecast (amount, month, real_value, updated_time, value, version, year, place_id, rate_id, updated_by) VALUES (1.000, 3, 47.77, null, 50.00, 2, 2023, 3, 2, null);
INSERT INTO public.forecast (amount, month, real_value, updated_time, value, version, year, place_id, rate_id, updated_by) VALUES (1.000, 3, 47.77, null, 50.00, 2, 2023, 4, 2, null);
INSERT INTO public.forecast (amount, month, real_value, updated_time, value, version, year, place_id, rate_id, updated_by) VALUES (1.000, 3, 47.77, null, 50.00, 2, 2023, 5, 2, null);
INSERT INTO public.forecast (amount, month, real_value, updated_time, value, version, year, place_id, rate_id, updated_by) VALUES (1.000, 3, 47.77, null, 50.00, 2, 2023, 6, 2, null);
INSERT INTO public.forecast (amount, month, real_value, updated_time, value, version, year, place_id, rate_id, updated_by) VALUES (1.000, 4, 48.79, null, 50.00, 2, 2023, 1, 2, null);
INSERT INTO public.forecast (amount, month, real_value, updated_time, value, version, year, place_id, rate_id, updated_by) VALUES (1.000, 4, 48.79, null, 50.00, 2, 2023, 2, 2, null);
INSERT INTO public.forecast (amount, month, real_value, updated_time, value, version, year, place_id, rate_id, updated_by) VALUES (1.000, 4, 48.79, null, 50.00, 2, 2023, 3, 2, null);
INSERT INTO public.forecast (amount, month, real_value, updated_time, value, version, year, place_id, rate_id, updated_by) VALUES (1.000, 4, 48.79, null, 50.00, 2, 2023, 4, 2, null);
INSERT INTO public.forecast (amount, month, real_value, updated_time, value, version, year, place_id, rate_id, updated_by) VALUES (1.000, 4, 48.79, null, 50.00, 2, 2023, 5, 2, null);
INSERT INTO public.forecast (amount, month, real_value, updated_time, value, version, year, place_id, rate_id, updated_by) VALUES (1.000, 4, 48.79, null, 50.00, 2, 2023, 6, 2, null);
INSERT INTO public.forecast (amount, month, real_value, updated_time, value, version, year, place_id, rate_id, updated_by) VALUES (1.000, 5, 48.58, null, 50.00, 2, 2023, 1, 2, null);
INSERT INTO public.forecast (amount, month, real_value, updated_time, value, version, year, place_id, rate_id, updated_by) VALUES (1.000, 5, 48.58, null, 50.00, 2, 2023, 2, 2, null);
INSERT INTO public.forecast (amount, month, real_value, updated_time, value, version, year, place_id, rate_id, updated_by) VALUES (1.000, 5, 48.58, null, 50.00, 2, 2023, 3, 2, null);
INSERT INTO public.forecast (amount, month, real_value, updated_time, value, version, year, place_id, rate_id, updated_by) VALUES (1.000, 5, 48.58, null, 50.00, 2, 2023, 4, 2, null);
INSERT INTO public.forecast (amount, month, real_value, updated_time, value, version, year, place_id, rate_id, updated_by) VALUES (1.000, 5, 48.58, null, 50.00, 2, 2023, 5, 2, null);
INSERT INTO public.forecast (amount, month, real_value, updated_time, value, version, year, place_id, rate_id, updated_by) VALUES (1.000, 5, 48.58, null, 50.00, 2, 2023, 6, 2, null);
INSERT INTO public.forecast (amount, month, real_value, updated_time, value, version, year, place_id, rate_id, updated_by) VALUES (54.000, 0, 266.20, null, 270.00, 2, 2022, 1, 3, null);
INSERT INTO public.forecast (amount, month, real_value, updated_time, value, version, year, place_id, rate_id, updated_by) VALUES (54.000, 1, 262.46, null, 270.00, 2, 2022, 1, 3, null);
INSERT INTO public.forecast (amount, month, real_value, updated_time, value, version, year, place_id, rate_id, updated_by) VALUES (54.000, 2, 266.08, null, 270.00, 2, 2022, 1, 3, null);
INSERT INTO public.forecast (amount, month, real_value, updated_time, value, version, year, place_id, rate_id, updated_by) VALUES (54.000, 3, 260.70, null, 270.00, 2, 2022, 1, 3, null);
INSERT INTO public.forecast (amount, month, real_value, updated_time, value, version, year, place_id, rate_id, updated_by) VALUES (54.000, 4, 264.82, null, 270.00, 2, 2022, 1, 3, null);
INSERT INTO public.forecast (amount, month, real_value, updated_time, value, version, year, place_id, rate_id, updated_by) VALUES (54.000, 5, 258.62, null, 270.00, 2, 2022, 1, 3, null);
INSERT INTO public.forecast (amount, month, real_value, updated_time, value, version, year, place_id, rate_id, updated_by) VALUES (54.000, 6, 265.47, null, 270.00, 2, 2022, 1, 3, null);
INSERT INTO public.forecast (amount, month, real_value, updated_time, value, version, year, place_id, rate_id, updated_by) VALUES (54.000, 7, 269.33, null, 270.00, 2, 2022, 1, 3, null);
INSERT INTO public.forecast (amount, month, real_value, updated_time, value, version, year, place_id, rate_id, updated_by) VALUES (54.000, 8, 267.71, null, 270.00, 2, 2022, 1, 3, null);
INSERT INTO public.forecast (amount, month, real_value, updated_time, value, version, year, place_id, rate_id, updated_by) VALUES (54.000, 9, 265.77, null, 270.00, 2, 2022, 1, 3, null);
INSERT INTO public.forecast (amount, month, real_value, updated_time, value, version, year, place_id, rate_id, updated_by) VALUES (54.000, 10, 258.36, null, 270.00, 2, 2022, 1, 3, null);
INSERT INTO public.forecast (amount, month, real_value, updated_time, value, version, year, place_id, rate_id, updated_by) VALUES (54.000, 11, 277.11, null, 270.00, 2, 2022, 1, 3, null);
INSERT INTO public.forecast (amount, month, real_value, updated_time, value, version, year, place_id, rate_id, updated_by) VALUES (40.000, 0, 198.15, null, 200.00, 2, 2022, 2, 3, null);
INSERT INTO public.forecast (amount, month, real_value, updated_time, value, version, year, place_id, rate_id, updated_by) VALUES (40.000, 1, 195.37, null, 200.00, 2, 2022, 2, 3, null);
INSERT INTO public.forecast (amount, month, real_value, updated_time, value, version, year, place_id, rate_id, updated_by) VALUES (40.000, 2, 198.06, null, 200.00, 2, 2022, 2, 3, null);
INSERT INTO public.forecast (amount, month, real_value, updated_time, value, version, year, place_id, rate_id, updated_by) VALUES (40.000, 3, 194.05, null, 200.00, 2, 2022, 2, 3, null);
INSERT INTO public.forecast (amount, month, real_value, updated_time, value, version, year, place_id, rate_id, updated_by) VALUES (40.000, 4, 197.12, null, 200.00, 2, 2022, 2, 3, null);
INSERT INTO public.forecast (amount, month, real_value, updated_time, value, version, year, place_id, rate_id, updated_by) VALUES (40.000, 5, 192.51, null, 200.00, 2, 2022, 2, 3, null);
INSERT INTO public.forecast (amount, month, real_value, updated_time, value, version, year, place_id, rate_id, updated_by) VALUES (40.000, 6, 197.60, null, 200.00, 2, 2022, 2, 3, null);
INSERT INTO public.forecast (amount, month, real_value, updated_time, value, version, year, place_id, rate_id, updated_by) VALUES (40.000, 7, 200.48, null, 200.00, 2, 2022, 2, 3, null);
INSERT INTO public.forecast (amount, month, real_value, updated_time, value, version, year, place_id, rate_id, updated_by) VALUES (40.000, 8, 199.27, null, 200.00, 2, 2022, 2, 3, null);
INSERT INTO public.forecast (amount, month, real_value, updated_time, value, version, year, place_id, rate_id, updated_by) VALUES (40.000, 9, 197.83, null, 200.00, 2, 2022, 2, 3, null);
INSERT INTO public.forecast (amount, month, real_value, updated_time, value, version, year, place_id, rate_id, updated_by) VALUES (40.000, 10, 192.31, null, 200.00, 2, 2022, 2, 3, null);
INSERT INTO public.forecast (amount, month, real_value, updated_time, value, version, year, place_id, rate_id, updated_by) VALUES (40.000, 11, 206.27, null, 200.00, 2, 2022, 2, 3, null);
INSERT INTO public.forecast (amount, month, real_value, updated_time, value, version, year, place_id, rate_id, updated_by) VALUES (32.000, 0, 158.12, null, 160.00, 2, 2022, 3, 3, null);
INSERT INTO public.forecast (amount, month, real_value, updated_time, value, version, year, place_id, rate_id, updated_by) VALUES (32.000, 1, 155.90, null, 160.00, 2, 2022, 3, 3, null);
INSERT INTO public.forecast (amount, month, real_value, updated_time, value, version, year, place_id, rate_id, updated_by) VALUES (32.000, 2, 158.05, null, 160.00, 2, 2022, 3, 3, null);
INSERT INTO public.forecast (amount, month, real_value, updated_time, value, version, year, place_id, rate_id, updated_by) VALUES (32.000, 3, 154.85, null, 160.00, 2, 2022, 3, 3, null);
INSERT INTO public.forecast (amount, month, real_value, updated_time, value, version, year, place_id, rate_id, updated_by) VALUES (32.000, 4, 157.30, null, 160.00, 2, 2022, 3, 3, null);
INSERT INTO public.forecast (amount, month, real_value, updated_time, value, version, year, place_id, rate_id, updated_by) VALUES (32.000, 5, 153.62, null, 160.00, 2, 2022, 3, 3, null);
INSERT INTO public.forecast (amount, month, real_value, updated_time, value, version, year, place_id, rate_id, updated_by) VALUES (32.000, 6, 157.68, null, 160.00, 2, 2022, 3, 3, null);
INSERT INTO public.forecast (amount, month, real_value, updated_time, value, version, year, place_id, rate_id, updated_by) VALUES (32.000, 7, 159.98, null, 160.00, 2, 2022, 3, 3, null);
INSERT INTO public.forecast (amount, month, real_value, updated_time, value, version, year, place_id, rate_id, updated_by) VALUES (32.000, 8, 159.01, null, 160.00, 2, 2022, 3, 3, null);
INSERT INTO public.forecast (amount, month, real_value, updated_time, value, version, year, place_id, rate_id, updated_by) VALUES (32.000, 9, 157.86, null, 160.00, 2, 2022, 3, 3, null);
INSERT INTO public.forecast (amount, month, real_value, updated_time, value, version, year, place_id, rate_id, updated_by) VALUES (32.000, 10, 153.46, null, 160.00, 2, 2022, 3, 3, null);
INSERT INTO public.forecast (amount, month, real_value, updated_time, value, version, year, place_id, rate_id, updated_by) VALUES (32.000, 11, 164.60, null, 160.00, 2, 2022, 3, 3, null);
INSERT INTO public.forecast (amount, month, real_value, updated_time, value, version, year, place_id, rate_id, updated_by) VALUES (117.000, 0, 574.44, null, 585.00, 2, 2022, 4, 3, null);
INSERT INTO public.forecast (amount, month, real_value, updated_time, value, version, year, place_id, rate_id, updated_by) VALUES (117.000, 1, 566.37, null, 585.00, 2, 2022, 4, 3, null);
INSERT INTO public.forecast (amount, month, real_value, updated_time, value, version, year, place_id, rate_id, updated_by) VALUES (117.000, 2, 574.17, null, 585.00, 2, 2022, 4, 3, null);
INSERT INTO public.forecast (amount, month, real_value, updated_time, value, version, year, place_id, rate_id, updated_by) VALUES (117.000, 3, 562.56, null, 585.00, 2, 2022, 4, 3, null);
INSERT INTO public.forecast (amount, month, real_value, updated_time, value, version, year, place_id, rate_id, updated_by) VALUES (117.000, 4, 571.45, null, 585.00, 2, 2022, 4, 3, null);
INSERT INTO public.forecast (amount, month, real_value, updated_time, value, version, year, place_id, rate_id, updated_by) VALUES (117.000, 5, 558.07, null, 585.00, 2, 2022, 4, 3, null);
INSERT INTO public.forecast (amount, month, real_value, updated_time, value, version, year, place_id, rate_id, updated_by) VALUES (117.000, 6, 572.85, null, 585.00, 2, 2022, 4, 3, null);
INSERT INTO public.forecast (amount, month, real_value, updated_time, value, version, year, place_id, rate_id, updated_by) VALUES (117.000, 7, 581.19, null, 585.00, 2, 2022, 4, 3, null);
INSERT INTO public.forecast (amount, month, real_value, updated_time, value, version, year, place_id, rate_id, updated_by) VALUES (117.000, 8, 577.68, null, 585.00, 2, 2022, 4, 3, null);
INSERT INTO public.forecast (amount, month, real_value, updated_time, value, version, year, place_id, rate_id, updated_by) VALUES (117.000, 9, 573.50, null, 585.00, 2, 2022, 4, 3, null);
INSERT INTO public.forecast (amount, month, real_value, updated_time, value, version, year, place_id, rate_id, updated_by) VALUES (117.000, 10, 557.52, null, 585.00, 2, 2022, 4, 3, null);
INSERT INTO public.forecast (amount, month, real_value, updated_time, value, version, year, place_id, rate_id, updated_by) VALUES (117.000, 11, 597.96, null, 585.00, 2, 2022, 4, 3, null);
INSERT INTO public.forecast (amount, month, real_value, updated_time, value, version, year, place_id, rate_id, updated_by) VALUES (68.000, 0, 334.26, null, 340.00, 2, 2022, 5, 3, null);
INSERT INTO public.forecast (amount, month, real_value, updated_time, value, version, year, place_id, rate_id, updated_by) VALUES (68.000, 1, 329.56, null, 340.00, 2, 2022, 5, 3, null);
INSERT INTO public.forecast (amount, month, real_value, updated_time, value, version, year, place_id, rate_id, updated_by) VALUES (68.000, 2, 334.10, null, 340.00, 2, 2022, 5, 3, null);
INSERT INTO public.forecast (amount, month, real_value, updated_time, value, version, year, place_id, rate_id, updated_by) VALUES (68.000, 3, 327.34, null, 340.00, 2, 2022, 5, 3, null);
INSERT INTO public.forecast (amount, month, real_value, updated_time, value, version, year, place_id, rate_id, updated_by) VALUES (68.000, 4, 332.52, null, 340.00, 2, 2022, 5, 3, null);
INSERT INTO public.forecast (amount, month, real_value, updated_time, value, version, year, place_id, rate_id, updated_by) VALUES (68.000, 5, 324.73, null, 340.00, 2, 2022, 5, 3, null);
INSERT INTO public.forecast (amount, month, real_value, updated_time, value, version, year, place_id, rate_id, updated_by) VALUES (68.000, 6, 333.33, null, 340.00, 2, 2022, 5, 3, null);
INSERT INTO public.forecast (amount, month, real_value, updated_time, value, version, year, place_id, rate_id, updated_by) VALUES (68.000, 7, 338.18, null, 340.00, 2, 2022, 5, 3, null);
INSERT INTO public.forecast (amount, month, real_value, updated_time, value, version, year, place_id, rate_id, updated_by) VALUES (68.000, 8, 336.14, null, 340.00, 2, 2022, 5, 3, null);
INSERT INTO public.forecast (amount, month, real_value, updated_time, value, version, year, place_id, rate_id, updated_by) VALUES (68.000, 9, 333.71, null, 340.00, 2, 2022, 5, 3, null);
INSERT INTO public.forecast (amount, month, real_value, updated_time, value, version, year, place_id, rate_id, updated_by) VALUES (68.000, 10, 324.41, null, 340.00, 2, 2022, 5, 3, null);
INSERT INTO public.forecast (amount, month, real_value, updated_time, value, version, year, place_id, rate_id, updated_by) VALUES (68.000, 11, 347.94, null, 340.00, 2, 2022, 5, 3, null);
INSERT INTO public.forecast (amount, month, real_value, updated_time, value, version, year, place_id, rate_id, updated_by) VALUES (97.000, 0, 476.36, null, 485.00, 2, 2022, 6, 3, null);
INSERT INTO public.forecast (amount, month, real_value, updated_time, value, version, year, place_id, rate_id, updated_by) VALUES (97.000, 1, 469.67, null, 485.00, 2, 2022, 6, 3, null);
INSERT INTO public.forecast (amount, month, real_value, updated_time, value, version, year, place_id, rate_id, updated_by) VALUES (97.000, 2, 476.14, null, 485.00, 2, 2022, 6, 3, null);
INSERT INTO public.forecast (amount, month, real_value, updated_time, value, version, year, place_id, rate_id, updated_by) VALUES (97.000, 3, 466.52, null, 485.00, 2, 2022, 6, 3, null);
INSERT INTO public.forecast (amount, month, real_value, updated_time, value, version, year, place_id, rate_id, updated_by) VALUES (97.000, 4, 473.89, null, 485.00, 2, 2022, 6, 3, null);
INSERT INTO public.forecast (amount, month, real_value, updated_time, value, version, year, place_id, rate_id, updated_by) VALUES (97.000, 5, 462.79, null, 485.00, 2, 2022, 6, 3, null);
INSERT INTO public.forecast (amount, month, real_value, updated_time, value, version, year, place_id, rate_id, updated_by) VALUES (97.000, 6, 475.05, null, 485.00, 2, 2022, 6, 3, null);
INSERT INTO public.forecast (amount, month, real_value, updated_time, value, version, year, place_id, rate_id, updated_by) VALUES (97.000, 7, 481.96, null, 485.00, 2, 2022, 6, 3, null);
INSERT INTO public.forecast (amount, month, real_value, updated_time, value, version, year, place_id, rate_id, updated_by) VALUES (97.000, 8, 479.05, null, 485.00, 2, 2022, 6, 3, null);
INSERT INTO public.forecast (amount, month, real_value, updated_time, value, version, year, place_id, rate_id, updated_by) VALUES (97.000, 9, 475.59, null, 485.00, 2, 2022, 6, 3, null);
INSERT INTO public.forecast (amount, month, real_value, updated_time, value, version, year, place_id, rate_id, updated_by) VALUES (97.000, 10, 462.33, null, 485.00, 2, 2022, 6, 3, null);
INSERT INTO public.forecast (amount, month, real_value, updated_time, value, version, year, place_id, rate_id, updated_by) VALUES (97.000, 11, 495.87, null, 485.00, 2, 2022, 6, 3, null);
INSERT INTO public.forecast (amount, month, real_value, updated_time, value, version, year, place_id, rate_id, updated_by) VALUES (54.000, 6, null, null, 270.00, 1, 2023, 1, 3, null);
INSERT INTO public.forecast (amount, month, real_value, updated_time, value, version, year, place_id, rate_id, updated_by) VALUES (54.000, 8, null, null, 270.00, 1, 2023, 1, 3, null);
INSERT INTO public.forecast (amount, month, real_value, updated_time, value, version, year, place_id, rate_id, updated_by) VALUES (54.000, 9, null, null, 270.00, 1, 2023, 1, 3, null);
INSERT INTO public.forecast (amount, month, real_value, updated_time, value, version, year, place_id, rate_id, updated_by) VALUES (54.000, 10, null, null, 270.00, 1, 2023, 1, 3, null);
INSERT INTO public.forecast (amount, month, real_value, updated_time, value, version, year, place_id, rate_id, updated_by) VALUES (54.000, 11, null, null, 270.00, 1, 2023, 1, 3, null);
INSERT INTO public.forecast (amount, month, real_value, updated_time, value, version, year, place_id, rate_id, updated_by) VALUES (40.000, 6, null, null, 200.00, 1, 2023, 2, 3, null);
INSERT INTO public.forecast (amount, month, real_value, updated_time, value, version, year, place_id, rate_id, updated_by) VALUES (40.000, 7, null, null, 200.00, 1, 2023, 2, 3, null);
INSERT INTO public.forecast (amount, month, real_value, updated_time, value, version, year, place_id, rate_id, updated_by) VALUES (40.000, 8, null, null, 200.00, 1, 2023, 2, 3, null);
INSERT INTO public.forecast (amount, month, real_value, updated_time, value, version, year, place_id, rate_id, updated_by) VALUES (40.000, 9, null, null, 200.00, 1, 2023, 2, 3, null);
INSERT INTO public.forecast (amount, month, real_value, updated_time, value, version, year, place_id, rate_id, updated_by) VALUES (40.000, 10, null, null, 200.00, 1, 2023, 2, 3, null);
INSERT INTO public.forecast (amount, month, real_value, updated_time, value, version, year, place_id, rate_id, updated_by) VALUES (40.000, 11, null, null, 200.00, 1, 2023, 2, 3, null);
INSERT INTO public.forecast (amount, month, real_value, updated_time, value, version, year, place_id, rate_id, updated_by) VALUES (32.000, 6, null, null, 160.00, 1, 2023, 3, 3, null);
INSERT INTO public.forecast (amount, month, real_value, updated_time, value, version, year, place_id, rate_id, updated_by) VALUES (32.000, 7, null, null, 160.00, 1, 2023, 3, 3, null);
INSERT INTO public.forecast (amount, month, real_value, updated_time, value, version, year, place_id, rate_id, updated_by) VALUES (32.000, 8, null, null, 160.00, 1, 2023, 3, 3, null);
INSERT INTO public.forecast (amount, month, real_value, updated_time, value, version, year, place_id, rate_id, updated_by) VALUES (32.000, 9, null, null, 160.00, 1, 2023, 3, 3, null);
INSERT INTO public.forecast (amount, month, real_value, updated_time, value, version, year, place_id, rate_id, updated_by) VALUES (32.000, 10, null, null, 160.00, 1, 2023, 3, 3, null);
INSERT INTO public.forecast (amount, month, real_value, updated_time, value, version, year, place_id, rate_id, updated_by) VALUES (32.000, 11, null, null, 160.00, 1, 2023, 3, 3, null);
INSERT INTO public.forecast (amount, month, real_value, updated_time, value, version, year, place_id, rate_id, updated_by) VALUES (117.000, 6, null, null, 585.00, 1, 2023, 4, 3, null);
INSERT INTO public.forecast (amount, month, real_value, updated_time, value, version, year, place_id, rate_id, updated_by) VALUES (117.000, 7, null, null, 585.00, 1, 2023, 4, 3, null);
INSERT INTO public.forecast (amount, month, real_value, updated_time, value, version, year, place_id, rate_id, updated_by) VALUES (117.000, 8, null, null, 585.00, 1, 2023, 4, 3, null);
INSERT INTO public.forecast (amount, month, real_value, updated_time, value, version, year, place_id, rate_id, updated_by) VALUES (117.000, 10, null, null, 585.00, 1, 2023, 4, 3, null);
INSERT INTO public.forecast (amount, month, real_value, updated_time, value, version, year, place_id, rate_id, updated_by) VALUES (117.000, 11, null, null, 585.00, 1, 2023, 4, 3, null);
INSERT INTO public.forecast (amount, month, real_value, updated_time, value, version, year, place_id, rate_id, updated_by) VALUES (68.000, 7, null, null, 340.00, 1, 2023, 5, 3, null);
INSERT INTO public.forecast (amount, month, real_value, updated_time, value, version, year, place_id, rate_id, updated_by) VALUES (68.000, 8, null, null, 340.00, 1, 2023, 5, 3, null);
INSERT INTO public.forecast (amount, month, real_value, updated_time, value, version, year, place_id, rate_id, updated_by) VALUES (68.000, 10, null, null, 340.00, 1, 2023, 5, 3, null);
INSERT INTO public.forecast (amount, month, real_value, updated_time, value, version, year, place_id, rate_id, updated_by) VALUES (68.000, 11, null, null, 340.00, 1, 2023, 5, 3, null);
INSERT INTO public.forecast (amount, month, real_value, updated_time, value, version, year, place_id, rate_id, updated_by) VALUES (97.000, 6, null, null, 485.00, 1, 2023, 6, 3, null);
INSERT INTO public.forecast (amount, month, real_value, updated_time, value, version, year, place_id, rate_id, updated_by) VALUES (97.000, 7, null, null, 485.00, 1, 2023, 6, 3, null);
INSERT INTO public.forecast (amount, month, real_value, updated_time, value, version, year, place_id, rate_id, updated_by) VALUES (97.000, 8, null, null, 485.00, 1, 2023, 6, 3, null);
INSERT INTO public.forecast (amount, month, real_value, updated_time, value, version, year, place_id, rate_id, updated_by) VALUES (97.000, 9, null, null, 485.00, 1, 2023, 6, 3, null);
INSERT INTO public.forecast (amount, month, real_value, updated_time, value, version, year, place_id, rate_id, updated_by) VALUES (97.000, 10, null, null, 485.00, 1, 2023, 6, 3, null);
INSERT INTO public.forecast (amount, month, real_value, updated_time, value, version, year, place_id, rate_id, updated_by) VALUES (97.000, 11, null, null, 485.00, 1, 2023, 6, 3, null);
INSERT INTO public.forecast (amount, month, real_value, updated_time, value, version, year, place_id, rate_id, updated_by) VALUES (54.000, 0, 281.55, null, 270.00, 2, 2023, 1, 3, null);
INSERT INTO public.forecast (amount, month, real_value, updated_time, value, version, year, place_id, rate_id, updated_by) VALUES (40.000, 0, 209.58, null, 200.00, 2, 2023, 2, 3, null);
INSERT INTO public.forecast (amount, month, real_value, updated_time, value, version, year, place_id, rate_id, updated_by) VALUES (32.000, 0, 167.24, null, 160.00, 2, 2023, 3, 3, null);
INSERT INTO public.forecast (amount, month, real_value, updated_time, value, version, year, place_id, rate_id, updated_by) VALUES (117.000, 0, 607.56, null, 585.00, 2, 2023, 4, 3, null);
INSERT INTO public.forecast (amount, month, real_value, updated_time, value, version, year, place_id, rate_id, updated_by) VALUES (68.000, 0, 353.53, null, 340.00, 2, 2023, 5, 3, null);
INSERT INTO public.forecast (amount, month, real_value, updated_time, value, version, year, place_id, rate_id, updated_by) VALUES (97.000, 0, 503.83, null, 485.00, 2, 2023, 6, 3, null);
INSERT INTO public.forecast (amount, month, real_value, updated_time, value, version, year, place_id, rate_id, updated_by) VALUES (54.000, 1, 268.67, null, 270.00, 2, 2023, 1, 3, null);
INSERT INTO public.forecast (amount, month, real_value, updated_time, value, version, year, place_id, rate_id, updated_by) VALUES (40.000, 1, 199.99, null, 200.00, 2, 2023, 2, 3, null);
INSERT INTO public.forecast (amount, month, real_value, updated_time, value, version, year, place_id, rate_id, updated_by) VALUES (32.000, 1, 159.58, null, 160.00, 2, 2023, 3, 3, null);
INSERT INTO public.forecast (amount, month, real_value, updated_time, value, version, year, place_id, rate_id, updated_by) VALUES (117.000, 1, 579.76, null, 585.00, 2, 2023, 4, 3, null);
INSERT INTO public.forecast (amount, month, real_value, updated_time, value, version, year, place_id, rate_id, updated_by) VALUES (68.000, 1, 337.35, null, 340.00, 2, 2023, 5, 3, null);
INSERT INTO public.forecast (amount, month, real_value, updated_time, value, version, year, place_id, rate_id, updated_by) VALUES (97.000, 1, 480.77, null, 485.00, 2, 2023, 6, 3, null);
INSERT INTO public.forecast (amount, month, real_value, updated_time, value, version, year, place_id, rate_id, updated_by) VALUES (54.000, 2, 266.60, null, 270.00, 2, 2023, 1, 3, null);
INSERT INTO public.forecast (amount, month, real_value, updated_time, value, version, year, place_id, rate_id, updated_by) VALUES (40.000, 2, 198.45, null, 200.00, 2, 2023, 2, 3, null);
INSERT INTO public.forecast (amount, month, real_value, updated_time, value, version, year, place_id, rate_id, updated_by) VALUES (32.000, 2, 158.36, null, 160.00, 2, 2023, 3, 3, null);
INSERT INTO public.forecast (amount, month, real_value, updated_time, value, version, year, place_id, rate_id, updated_by) VALUES (117.000, 2, 575.29, null, 585.00, 2, 2023, 4, 3, null);
INSERT INTO public.forecast (amount, month, real_value, updated_time, value, version, year, place_id, rate_id, updated_by) VALUES (68.000, 2, 334.75, null, 340.00, 2, 2023, 5, 3, null);
INSERT INTO public.forecast (amount, month, real_value, updated_time, value, version, year, place_id, rate_id, updated_by) VALUES (97.000, 2, 477.07, null, 485.00, 2, 2023, 6, 3, null);
INSERT INTO public.forecast (amount, month, real_value, updated_time, value, version, year, place_id, rate_id, updated_by) VALUES (54.000, 3, 268.09, null, 270.00, 2, 2023, 1, 3, null);
INSERT INTO public.forecast (amount, month, real_value, updated_time, value, version, year, place_id, rate_id, updated_by) VALUES (40.000, 3, 199.56, null, 200.00, 2, 2023, 2, 3, null);
INSERT INTO public.forecast (amount, month, real_value, updated_time, value, version, year, place_id, rate_id, updated_by) VALUES (32.000, 3, 159.24, null, 160.00, 2, 2023, 3, 3, null);
INSERT INTO public.forecast (amount, month, real_value, updated_time, value, version, year, place_id, rate_id, updated_by) VALUES (117.000, 3, 578.51, null, 585.00, 2, 2023, 4, 3, null);
INSERT INTO public.forecast (amount, month, real_value, updated_time, value, version, year, place_id, rate_id, updated_by) VALUES (68.000, 3, 336.62, null, 340.00, 2, 2023, 5, 3, null);
INSERT INTO public.forecast (amount, month, real_value, updated_time, value, version, year, place_id, rate_id, updated_by) VALUES (97.000, 3, 479.74, null, 485.00, 2, 2023, 6, 3, null);
INSERT INTO public.forecast (amount, month, real_value, updated_time, value, version, year, place_id, rate_id, updated_by) VALUES (54.000, 4, 271.90, null, 270.00, 2, 2023, 1, 3, null);
INSERT INTO public.forecast (amount, month, real_value, updated_time, value, version, year, place_id, rate_id, updated_by) VALUES (40.000, 4, 202.39, null, 200.00, 2, 2023, 2, 3, null);
INSERT INTO public.forecast (amount, month, real_value, updated_time, value, version, year, place_id, rate_id, updated_by) VALUES (32.000, 4, 161.51, null, 160.00, 2, 2023, 3, 3, null);
INSERT INTO public.forecast (amount, month, real_value, updated_time, value, version, year, place_id, rate_id, updated_by) VALUES (117.000, 4, 586.74, null, 585.00, 2, 2023, 4, 3, null);
INSERT INTO public.forecast (amount, month, real_value, updated_time, value, version, year, place_id, rate_id, updated_by) VALUES (68.000, 4, 341.41, null, 340.00, 2, 2023, 5, 3, null);
INSERT INTO public.forecast (amount, month, real_value, updated_time, value, version, year, place_id, rate_id, updated_by) VALUES (97.000, 4, 486.56, null, 485.00, 2, 2023, 6, 3, null);
INSERT INTO public.forecast (amount, month, real_value, updated_time, value, version, year, place_id, rate_id, updated_by) VALUES (54.000, 5, 275.32, null, 270.00, 2, 2023, 1, 3, null);
INSERT INTO public.forecast (amount, month, real_value, updated_time, value, version, year, place_id, rate_id, updated_by) VALUES (40.000, 5, 204.94, null, 200.00, 2, 2023, 2, 3, null);
INSERT INTO public.forecast (amount, month, real_value, updated_time, value, version, year, place_id, rate_id, updated_by) VALUES (32.000, 5, 163.53, null, 160.00, 2, 2023, 3, 3, null);
INSERT INTO public.forecast (amount, month, real_value, updated_time, value, version, year, place_id, rate_id, updated_by) VALUES (117.000, 5, 594.10, null, 585.00, 2, 2023, 4, 3, null);
INSERT INTO public.forecast (amount, month, real_value, updated_time, value, version, year, place_id, rate_id, updated_by) VALUES (68.000, 5, 345.70, null, 340.00, 2, 2023, 5, 3, null);
INSERT INTO public.forecast (amount, month, real_value, updated_time, value, version, year, place_id, rate_id, updated_by) VALUES (97.000, 5, 492.67, null, 485.00, 2, 2023, 6, 3, null);
INSERT INTO public.forecast (amount, month, real_value, updated_time, value, version, year, place_id, rate_id, updated_by) VALUES (68.000, 6, null, null, 340.00, 1, 2023, 5, 3, null);
INSERT INTO public.forecast (amount, month, real_value, updated_time, value, version, year, place_id, rate_id, updated_by) VALUES (68.000, 9, null, null, 340.00, 1, 2023, 5, 3, null);
INSERT INTO public.forecast (amount, month, real_value, updated_time, value, version, year, place_id, rate_id, updated_by) VALUES (54.000, 7, null, null, 270.00, 1, 2023, 1, 3, null);
INSERT INTO public.forecast (amount, month, real_value, updated_time, value, version, year, place_id, rate_id, updated_by) VALUES (117.000, 9, null, null, 585.00, 1, 2023, 4, 3, null);
INSERT INTO public.forecast (amount, month, real_value, updated_time, value, version, year, place_id, rate_id, updated_by) VALUES (20.181, 0, 143.96, null, 141.27, 2, 2022, 1, 4, null);
INSERT INTO public.forecast (amount, month, real_value, updated_time, value, version, year, place_id, rate_id, updated_by) VALUES (33.824, 1, 247.65, null, 236.77, 2, 2022, 1, 4, null);
INSERT INTO public.forecast (amount, month, real_value, updated_time, value, version, year, place_id, rate_id, updated_by) VALUES (47.089, 2, 349.84, null, 329.62, 2, 2022, 1, 4, null);
INSERT INTO public.forecast (amount, month, real_value, updated_time, value, version, year, place_id, rate_id, updated_by) VALUES (29.490, 3, 209.26, null, 206.43, 2, 2022, 1, 4, null);
INSERT INTO public.forecast (amount, month, real_value, updated_time, value, version, year, place_id, rate_id, updated_by) VALUES (41.788, 4, 271.12, null, 292.52, 2, 2022, 1, 4, null);
INSERT INTO public.forecast (amount, month, real_value, updated_time, value, version, year, place_id, rate_id, updated_by) VALUES (40.380, 5, 285.73, null, 282.66, 2, 2022, 1, 4, null);
INSERT INTO public.forecast (amount, month, real_value, updated_time, value, version, year, place_id, rate_id, updated_by) VALUES (37.293, 6, 263.75, null, 261.05, 2, 2022, 1, 4, null);
INSERT INTO public.forecast (amount, month, real_value, updated_time, value, version, year, place_id, rate_id, updated_by) VALUES (28.241, 7, 198.67, null, 197.69, 2, 2022, 1, 4, null);
INSERT INTO public.forecast (amount, month, real_value, updated_time, value, version, year, place_id, rate_id, updated_by) VALUES (32.820, 8, 214.71, null, 229.74, 2, 2022, 1, 4, null);
INSERT INTO public.forecast (amount, month, real_value, updated_time, value, version, year, place_id, rate_id, updated_by) VALUES (37.479, 9, 269.77, null, 262.35, 2, 2022, 1, 4, null);
INSERT INTO public.forecast (amount, month, real_value, updated_time, value, version, year, place_id, rate_id, updated_by) VALUES (27.300, 10, 182.62, null, 191.10, 2, 2022, 1, 4, null);
INSERT INTO public.forecast (amount, month, real_value, updated_time, value, version, year, place_id, rate_id, updated_by) VALUES (32.271, 11, 233.32, null, 225.90, 2, 2022, 1, 4, null);
INSERT INTO public.forecast (amount, month, real_value, updated_time, value, version, year, place_id, rate_id, updated_by) VALUES (17.732, 0, 126.42, null, 124.12, 2, 2022, 2, 4, null);
INSERT INTO public.forecast (amount, month, real_value, updated_time, value, version, year, place_id, rate_id, updated_by) VALUES (32.732, 1, 240.21, null, 229.12, 2, 2022, 2, 4, null);
INSERT INTO public.forecast (amount, month, real_value, updated_time, value, version, year, place_id, rate_id, updated_by) VALUES (62.279, 2, 461.73, null, 435.95, 2, 2022, 2, 4, null);
INSERT INTO public.forecast (amount, month, real_value, updated_time, value, version, year, place_id, rate_id, updated_by) VALUES (43.260, 3, 307.44, null, 302.82, 2, 2022, 2, 4, null);
INSERT INTO public.forecast (amount, month, real_value, updated_time, value, version, year, place_id, rate_id, updated_by) VALUES (33.635, 4, 218.56, null, 235.45, 2, 2022, 2, 4, null);
INSERT INTO public.forecast (amount, month, real_value, updated_time, value, version, year, place_id, rate_id, updated_by) VALUES (33.630, 5, 238.11, null, 235.41, 2, 2022, 2, 4, null);
INSERT INTO public.forecast (amount, month, real_value, updated_time, value, version, year, place_id, rate_id, updated_by) VALUES (44.392, 6, 313.79, null, 310.74, 2, 2022, 2, 4, null);
INSERT INTO public.forecast (amount, month, real_value, updated_time, value, version, year, place_id, rate_id, updated_by) VALUES (45.570, 7, 319.88, null, 318.99, 2, 2022, 2, 4, null);
INSERT INTO public.forecast (amount, month, real_value, updated_time, value, version, year, place_id, rate_id, updated_by) VALUES (41.820, 8, 273.94, null, 292.74, 2, 2022, 2, 4, null);
INSERT INTO public.forecast (amount, month, real_value, updated_time, value, version, year, place_id, rate_id, updated_by) VALUES (34.100, 9, 245.32, null, 238.70, 2, 2022, 2, 4, null);
INSERT INTO public.forecast (amount, month, real_value, updated_time, value, version, year, place_id, rate_id, updated_by) VALUES (34.200, 10, 228.45, null, 239.40, 2, 2022, 2, 4, null);
INSERT INTO public.forecast (amount, month, real_value, updated_time, value, version, year, place_id, rate_id, updated_by) VALUES (31.434, 11, 227.51, null, 220.04, 2, 2022, 2, 4, null);
INSERT INTO public.forecast (amount, month, real_value, updated_time, value, version, year, place_id, rate_id, updated_by) VALUES (20.739, 0, 148.09, null, 145.17, 2, 2022, 5, 4, null);
INSERT INTO public.forecast (amount, month, real_value, updated_time, value, version, year, place_id, rate_id, updated_by) VALUES (31.192, 1, 228.10, null, 218.34, 2, 2022, 5, 4, null);
INSERT INTO public.forecast (amount, month, real_value, updated_time, value, version, year, place_id, rate_id, updated_by) VALUES (57.846, 2, 428.63, null, 404.92, 2, 2022, 5, 4, null);
INSERT INTO public.forecast (amount, month, real_value, updated_time, value, version, year, place_id, rate_id, updated_by) VALUES (42.420, 3, 301.49, null, 296.94, 2, 2022, 5, 4, null);
INSERT INTO public.forecast (amount, month, real_value, updated_time, value, version, year, place_id, rate_id, updated_by) VALUES (39.029, 4, 253.60, null, 273.20, 2, 2022, 5, 4, null);
INSERT INTO public.forecast (amount, month, real_value, updated_time, value, version, year, place_id, rate_id, updated_by) VALUES (30.360, 5, 215.29, null, 212.52, 2, 2022, 5, 4, null);
INSERT INTO public.forecast (amount, month, real_value, updated_time, value, version, year, place_id, rate_id, updated_by) VALUES (29.760, 6, 210.58, null, 208.32, 2, 2022, 5, 4, null);
INSERT INTO public.forecast (amount, month, real_value, updated_time, value, version, year, place_id, rate_id, updated_by) VALUES (35.185, 7, 246.98, null, 246.30, 2, 2022, 5, 4, null);
INSERT INTO public.forecast (amount, month, real_value, updated_time, value, version, year, place_id, rate_id, updated_by) VALUES (30.330, 8, 198.25, null, 212.31, 2, 2022, 5, 4, null);
INSERT INTO public.forecast (amount, month, real_value, updated_time, value, version, year, place_id, rate_id, updated_by) VALUES (23.591, 9, 170.24, null, 165.14, 2, 2022, 5, 4, null);
INSERT INTO public.forecast (amount, month, real_value, updated_time, value, version, year, place_id, rate_id, updated_by) VALUES (24.780, 10, 165.88, null, 173.46, 2, 2022, 5, 4, null);
INSERT INTO public.forecast (amount, month, real_value, updated_time, value, version, year, place_id, rate_id, updated_by) VALUES (22.785, 11, 165.24, null, 159.50, 2, 2022, 5, 4, null);
INSERT INTO public.forecast (amount, month, real_value, updated_time, value, version, year, place_id, rate_id, updated_by) VALUES (13.826, 0, 98.56, null, 96.78, 2, 2022, 6, 4, null);
INSERT INTO public.forecast (amount, month, real_value, updated_time, value, version, year, place_id, rate_id, updated_by) VALUES (29.596, 1, 216.93, null, 207.17, 2, 2022, 6, 4, null);
INSERT INTO public.forecast (amount, month, real_value, updated_time, value, version, year, place_id, rate_id, updated_by) VALUES (45.477, 2, 337.23, null, 318.34, 2, 2022, 6, 4, null);
INSERT INTO public.forecast (amount, month, real_value, updated_time, value, version, year, place_id, rate_id, updated_by) VALUES (24.630, 3, 175.54, null, 172.41, 2, 2022, 6, 4, null);
INSERT INTO public.forecast (amount, month, real_value, updated_time, value, version, year, place_id, rate_id, updated_by) VALUES (27.900, 4, 180.75, null, 195.30, 2, 2022, 6, 4, null);
INSERT INTO public.forecast (amount, month, real_value, updated_time, value, version, year, place_id, rate_id, updated_by) VALUES (35.910, 5, 253.98, null, 251.37, 2, 2022, 6, 4, null);
INSERT INTO public.forecast (amount, month, real_value, updated_time, value, version, year, place_id, rate_id, updated_by) VALUES (36.053, 6, 255.41, null, 252.37, 2, 2022, 6, 4, null);
INSERT INTO public.forecast (amount, month, real_value, updated_time, value, version, year, place_id, rate_id, updated_by) VALUES (20.925, 7, 147.64, null, 146.48, 2, 2022, 6, 4, null);
INSERT INTO public.forecast (amount, month, real_value, updated_time, value, version, year, place_id, rate_id, updated_by) VALUES (20.970, 8, 137.38, null, 146.79, 2, 2022, 6, 4, null);
INSERT INTO public.forecast (amount, month, real_value, updated_time, value, version, year, place_id, rate_id, updated_by) VALUES (26.381, 9, 190.32, null, 184.67, 2, 2022, 6, 4, null);
INSERT INTO public.forecast (amount, month, real_value, updated_time, value, version, year, place_id, rate_id, updated_by) VALUES (22.770, 10, 152.06, null, 159.39, 2, 2022, 6, 4, null);
INSERT INTO public.forecast (amount, month, real_value, updated_time, value, version, year, place_id, rate_id, updated_by) VALUES (28.551, 11, 206.75, null, 199.86, 2, 2022, 6, 4, null);
INSERT INTO public.forecast (amount, month, real_value, updated_time, value, version, year, place_id, rate_id, updated_by) VALUES (173.972, 0, 1233.41, null, 1217.80, 2, 2023, 1, 4, null);
INSERT INTO public.forecast (amount, month, real_value, updated_time, value, version, year, place_id, rate_id, updated_by) VALUES (194.184, 0, 1377.06, null, 1359.29, 2, 2023, 2, 4, null);
INSERT INTO public.forecast (amount, month, real_value, updated_time, value, version, year, place_id, rate_id, updated_by) VALUES (180.606, 0, 1277.99, null, 1264.24, 2, 2023, 5, 4, null);
INSERT INTO public.forecast (amount, month, real_value, updated_time, value, version, year, place_id, rate_id, updated_by) VALUES (152.241, 0, 1079.85, null, 1065.69, 2, 2023, 6, 4, null);
INSERT INTO public.forecast (amount, month, real_value, updated_time, value, version, year, place_id, rate_id, updated_by) VALUES (155.624, 1, 1017.73, null, 1089.37, 2, 2023, 1, 4, null);
INSERT INTO public.forecast (amount, month, real_value, updated_time, value, version, year, place_id, rate_id, updated_by) VALUES (183.988, 1, 1202.77, null, 1287.92, 2, 2023, 2, 4, null);
INSERT INTO public.forecast (amount, month, real_value, updated_time, value, version, year, place_id, rate_id, updated_by) VALUES (171.612, 1, 1118.66, null, 1201.28, 2, 2023, 5, 4, null);
INSERT INTO public.forecast (amount, month, real_value, updated_time, value, version, year, place_id, rate_id, updated_by) VALUES (134.204, 1, 874.74, null, 939.43, 2, 2023, 6, 4, null);
INSERT INTO public.forecast (amount, month, real_value, updated_time, value, version, year, place_id, rate_id, updated_by) VALUES (186.062, 2, 1258.86, null, 1302.43, 2, 2023, 1, 4, null);
INSERT INTO public.forecast (amount, month, real_value, updated_time, value, version, year, place_id, rate_id, updated_by) VALUES (52.220, 6, null, '2023-06-11 13:52:55.914691', 365.54, 4, 2023, 5, 4, -4);
INSERT INTO public.forecast (amount, month, real_value, updated_time, value, version, year, place_id, rate_id, updated_by) VALUES (52.220, 7, null, '2023-06-11 13:52:55.920148', 365.54, 4, 2023, 5, 4, -4);
INSERT INTO public.forecast (amount, month, real_value, updated_time, value, version, year, place_id, rate_id, updated_by) VALUES (41.920, 6, null, '2023-06-11 13:53:27.091516', 293.44, 4, 2023, 6, 4, -4);
INSERT INTO public.forecast (amount, month, real_value, updated_time, value, version, year, place_id, rate_id, updated_by) VALUES (41.920, 7, null, '2023-06-11 13:53:27.096987', 293.44, 4, 2023, 6, 4, -4);
INSERT INTO public.forecast (amount, month, real_value, updated_time, value, version, year, place_id, rate_id, updated_by) VALUES (217.620, 2, 1472.23, null, 1523.34, 2, 2023, 2, 4, null);
INSERT INTO public.forecast (amount, month, real_value, updated_time, value, version, year, place_id, rate_id, updated_by) VALUES (211.916, 2, 1434.89, null, 1483.41, 2, 2023, 5, 4, null);
INSERT INTO public.forecast (amount, month, real_value, updated_time, value, version, year, place_id, rate_id, updated_by) VALUES (174.871, 2, 1184.18, null, 1224.10, 2, 2023, 6, 4, null);
INSERT INTO public.forecast (amount, month, real_value, updated_time, value, version, year, place_id, rate_id, updated_by) VALUES (11.340, 3, 78.41, null, 79.38, 2, 2023, 1, 4, null);
INSERT INTO public.forecast (amount, month, real_value, updated_time, value, version, year, place_id, rate_id, updated_by) VALUES (36.030, 3, 248.87, null, 252.21, 2, 2023, 2, 4, null);
INSERT INTO public.forecast (amount, month, real_value, updated_time, value, version, year, place_id, rate_id, updated_by) VALUES (14.280, 3, 98.75, null, 99.96, 2, 2023, 5, 4, null);
INSERT INTO public.forecast (amount, month, real_value, updated_time, value, version, year, place_id, rate_id, updated_by) VALUES (22.890, 3, 157.89, null, 160.23, 2, 2023, 6, 4, null);
INSERT INTO public.forecast (amount, month, real_value, updated_time, value, version, year, place_id, rate_id, updated_by) VALUES (22.847, 4, 154.59, null, 159.93, 2, 2023, 1, 4, null);
INSERT INTO public.forecast (amount, month, real_value, updated_time, value, version, year, place_id, rate_id, updated_by) VALUES (14.973, 4, 101.14, null, 104.81, 2, 2023, 2, 4, null);
INSERT INTO public.forecast (amount, month, real_value, updated_time, value, version, year, place_id, rate_id, updated_by) VALUES (12.462, 4, 84.28, null, 87.23, 2, 2023, 5, 4, null);
INSERT INTO public.forecast (amount, month, real_value, updated_time, value, version, year, place_id, rate_id, updated_by) VALUES (21.049, 4, 142.55, null, 147.34, 2, 2023, 6, 4, null);
INSERT INTO public.forecast (amount, month, real_value, updated_time, value, version, year, place_id, rate_id, updated_by) VALUES (21.390, 5, 160.51, null, 149.73, 2, 2023, 1, 4, null);
INSERT INTO public.forecast (amount, month, real_value, updated_time, value, version, year, place_id, rate_id, updated_by) VALUES (14.190, 5, 106.78, null, 99.33, 2, 2023, 2, 4, null);
INSERT INTO public.forecast (amount, month, real_value, updated_time, value, version, year, place_id, rate_id, updated_by) VALUES (23.970, 5, 180.26, null, 167.79, 2, 2023, 5, 4, null);
INSERT INTO public.forecast (amount, month, real_value, updated_time, value, version, year, place_id, rate_id, updated_by) VALUES (12.780, 5, 96.13, null, 89.46, 2, 2023, 6, 4, null);
INSERT INTO public.forecast (amount, month, real_value, updated_time, value, version, year, place_id, rate_id, updated_by) VALUES (22.196, 0, 91.44, null, 88.78, 2, 2022, 1, 5, null);
INSERT INTO public.forecast (amount, month, real_value, updated_time, value, version, year, place_id, rate_id, updated_by) VALUES (42.644, 1, 171.76, null, 170.58, 2, 2022, 1, 5, null);
INSERT INTO public.forecast (amount, month, real_value, updated_time, value, version, year, place_id, rate_id, updated_by) VALUES (60.512, 2, 238.29, null, 242.05, 2, 2022, 1, 5, null);
INSERT INTO public.forecast (amount, month, real_value, updated_time, value, version, year, place_id, rate_id, updated_by) VALUES (26.010, 3, 100.96, null, 104.04, 2, 2022, 1, 5, null);
INSERT INTO public.forecast (amount, month, real_value, updated_time, value, version, year, place_id, rate_id, updated_by) VALUES (34.038, 4, 137.12, null, 136.15, 2, 2022, 1, 5, null);
INSERT INTO public.forecast (amount, month, real_value, updated_time, value, version, year, place_id, rate_id, updated_by) VALUES (35.700, 5, 149.86, null, 142.80, 2, 2022, 1, 5, null);
INSERT INTO public.forecast (amount, month, real_value, updated_time, value, version, year, place_id, rate_id, updated_by) VALUES (28.706, 6, 119.36, null, 114.82, 2, 2022, 1, 5, null);
INSERT INTO public.forecast (amount, month, real_value, updated_time, value, version, year, place_id, rate_id, updated_by) VALUES (30.504, 7, 124.42, null, 122.02, 2, 2022, 1, 5, null);
INSERT INTO public.forecast (amount, month, real_value, updated_time, value, version, year, place_id, rate_id, updated_by) VALUES (41.220, 8, 169.92, null, 164.88, 2, 2022, 1, 5, null);
INSERT INTO public.forecast (amount, month, real_value, updated_time, value, version, year, place_id, rate_id, updated_by) VALUES (36.921, 9, 152.59, null, 147.68, 2, 2022, 1, 5, null);
INSERT INTO public.forecast (amount, month, real_value, updated_time, value, version, year, place_id, rate_id, updated_by) VALUES (25.350, 10, 100.77, null, 101.40, 2, 2022, 1, 5, null);
INSERT INTO public.forecast (amount, month, real_value, updated_time, value, version, year, place_id, rate_id, updated_by) VALUES (35.154, 11, 139.41, null, 140.62, 2, 2022, 1, 5, null);
INSERT INTO public.forecast (amount, month, real_value, updated_time, value, version, year, place_id, rate_id, updated_by) VALUES (21.452, 0, 88.55, null, 85.81, 2, 2022, 2, 5, null);
INSERT INTO public.forecast (amount, month, real_value, updated_time, value, version, year, place_id, rate_id, updated_by) VALUES (36.120, 1, 145.46, null, 144.48, 2, 2022, 2, 5, null);
INSERT INTO public.forecast (amount, month, real_value, updated_time, value, version, year, place_id, rate_id, updated_by) VALUES (56.141, 2, 221.81, null, 224.56, 2, 2022, 2, 5, null);
INSERT INTO public.forecast (amount, month, real_value, updated_time, value, version, year, place_id, rate_id, updated_by) VALUES (26.340, 3, 101.61, null, 105.36, 2, 2022, 2, 5, null);
INSERT INTO public.forecast (amount, month, real_value, updated_time, value, version, year, place_id, rate_id, updated_by) VALUES (28.117, 4, 113.50, null, 112.47, 2, 2022, 2, 5, null);
INSERT INTO public.forecast (amount, month, real_value, updated_time, value, version, year, place_id, rate_id, updated_by) VALUES (27.300, 5, 114.84, null, 109.20, 2, 2022, 2, 5, null);
INSERT INTO public.forecast (amount, month, real_value, updated_time, value, version, year, place_id, rate_id, updated_by) VALUES (24.738, 6, 102.84, null, 98.95, 2, 2022, 2, 5, null);
INSERT INTO public.forecast (amount, month, real_value, updated_time, value, version, year, place_id, rate_id, updated_by) VALUES (27.435, 7, 111.60, null, 109.74, 2, 2022, 2, 5, null);
INSERT INTO public.forecast (amount, month, real_value, updated_time, value, version, year, place_id, rate_id, updated_by) VALUES (34.290, 8, 141.45, null, 137.16, 2, 2022, 2, 5, null);
INSERT INTO public.forecast (amount, month, real_value, updated_time, value, version, year, place_id, rate_id, updated_by) VALUES (34.038, 9, 141.07, null, 136.15, 2, 2022, 2, 5, null);
INSERT INTO public.forecast (amount, month, real_value, updated_time, value, version, year, place_id, rate_id, updated_by) VALUES (27.540, 10, 109.50, null, 110.16, 2, 2022, 2, 5, null);
INSERT INTO public.forecast (amount, month, real_value, updated_time, value, version, year, place_id, rate_id, updated_by) VALUES (28.520, 11, 112.81, null, 114.08, 2, 2022, 2, 5, null);
INSERT INTO public.forecast (amount, month, real_value, updated_time, value, version, year, place_id, rate_id, updated_by) VALUES (16.957, 0, 69.78, null, 67.83, 2, 2022, 3, 5, null);
INSERT INTO public.forecast (amount, month, real_value, updated_time, value, version, year, place_id, rate_id, updated_by) VALUES (23.072, 1, 92.87, null, 92.29, 2, 2022, 3, 5, null);
INSERT INTO public.forecast (amount, month, real_value, updated_time, value, version, year, place_id, rate_id, updated_by) VALUES (40.703, 2, 160.97, null, 162.81, 2, 2022, 3, 5, null);
INSERT INTO public.forecast (amount, month, real_value, updated_time, value, version, year, place_id, rate_id, updated_by) VALUES (26.940, 3, 104.21, null, 107.76, 2, 2022, 3, 5, null);
INSERT INTO public.forecast (amount, month, real_value, updated_time, value, version, year, place_id, rate_id, updated_by) VALUES (31.651, 4, 127.21, null, 126.60, 2, 2022, 3, 5, null);
INSERT INTO public.forecast (amount, month, real_value, updated_time, value, version, year, place_id, rate_id, updated_by) VALUES (36.540, 5, 153.12, null, 146.16, 2, 2022, 3, 5, null);
INSERT INTO public.forecast (amount, month, real_value, updated_time, value, version, year, place_id, rate_id, updated_by) VALUES (35.557, 6, 147.88, null, 142.23, 2, 2022, 3, 5, null);
INSERT INTO public.forecast (amount, month, real_value, updated_time, value, version, year, place_id, rate_id, updated_by) VALUES (30.969, 7, 125.93, null, 123.88, 2, 2022, 3, 5, null);
INSERT INTO public.forecast (amount, month, real_value, updated_time, value, version, year, place_id, rate_id, updated_by) VALUES (39.750, 8, 163.49, null, 159.00, 2, 2022, 3, 5, null);
INSERT INTO public.forecast (amount, month, real_value, updated_time, value, version, year, place_id, rate_id, updated_by) VALUES (45.849, 9, 190.02, null, 183.40, 2, 2022, 3, 5, null);
INSERT INTO public.forecast (amount, month, real_value, updated_time, value, version, year, place_id, rate_id, updated_by) VALUES (39.690, 10, 157.90, null, 158.76, 2, 2022, 3, 5, null);
INSERT INTO public.forecast (amount, month, real_value, updated_time, value, version, year, place_id, rate_id, updated_by) VALUES (34.441, 11, 136.18, null, 137.76, 2, 2022, 3, 5, null);
INSERT INTO public.forecast (amount, month, real_value, updated_time, value, version, year, place_id, rate_id, updated_by) VALUES (11.067, 0, 45.72, null, 44.27, 2, 2022, 4, 5, null);
INSERT INTO public.forecast (amount, month, real_value, updated_time, value, version, year, place_id, rate_id, updated_by) VALUES (28.028, 1, 112.59, null, 112.11, 2, 2022, 4, 5, null);
INSERT INTO public.forecast (amount, month, real_value, updated_time, value, version, year, place_id, rate_id, updated_by) VALUES (49.135, 2, 193.93, null, 196.54, 2, 2022, 4, 5, null);
INSERT INTO public.forecast (amount, month, real_value, updated_time, value, version, year, place_id, rate_id, updated_by) VALUES (34.590, 3, 133.52, null, 138.36, 2, 2022, 4, 5, null);
INSERT INTO public.forecast (amount, month, real_value, updated_time, value, version, year, place_id, rate_id, updated_by) VALUES (35.495, 4, 143.21, null, 141.98, 2, 2022, 4, 5, null);
INSERT INTO public.forecast (amount, month, real_value, updated_time, value, version, year, place_id, rate_id, updated_by) VALUES (30.750, 5, 128.68, null, 123.00, 2, 2022, 4, 5, null);
INSERT INTO public.forecast (amount, month, real_value, updated_time, value, version, year, place_id, rate_id, updated_by) VALUES (28.055, 6, 117.11, null, 112.22, 2, 2022, 4, 5, null);
INSERT INTO public.forecast (amount, month, real_value, updated_time, value, version, year, place_id, rate_id, updated_by) VALUES (34.844, 7, 141.77, null, 139.38, 2, 2022, 4, 5, null);
INSERT INTO public.forecast (amount, month, real_value, updated_time, value, version, year, place_id, rate_id, updated_by) VALUES (31.650, 8, 130.42, null, 126.60, 2, 2022, 4, 5, null);
INSERT INTO public.forecast (amount, month, real_value, updated_time, value, version, year, place_id, rate_id, updated_by) VALUES (33.790, 9, 140.11, null, 135.16, 2, 2022, 4, 5, null);
INSERT INTO public.forecast (amount, month, real_value, updated_time, value, version, year, place_id, rate_id, updated_by) VALUES (41.280, 10, 164.25, null, 165.12, 2, 2022, 4, 5, null);
INSERT INTO public.forecast (amount, month, real_value, updated_time, value, version, year, place_id, rate_id, updated_by) VALUES (44.888, 11, 177.28, null, 179.55, 2, 2022, 4, 5, null);
INSERT INTO public.forecast (amount, month, real_value, updated_time, value, version, year, place_id, rate_id, updated_by) VALUES (25.265, 0, 103.95, null, 101.06, 2, 2022, 5, 5, null);
INSERT INTO public.forecast (amount, month, real_value, updated_time, value, version, year, place_id, rate_id, updated_by) VALUES (43.008, 1, 172.58, null, 172.03, 2, 2022, 5, 5, null);
INSERT INTO public.forecast (amount, month, real_value, updated_time, value, version, year, place_id, rate_id, updated_by) VALUES (64.728, 2, 256.04, null, 258.91, 2, 2022, 5, 5, null);
INSERT INTO public.forecast (amount, month, real_value, updated_time, value, version, year, place_id, rate_id, updated_by) VALUES (42.184, 10, null, '2023-06-11 13:51:17.684897', 295.29, 4, 2023, 2, 4, -4);
INSERT INTO public.forecast (amount, month, real_value, updated_time, value, version, year, place_id, rate_id, updated_by) VALUES (43.590, 11, null, '2023-06-11 13:51:17.690900', 305.13, 4, 2023, 2, 4, -4);
INSERT INTO public.forecast (amount, month, real_value, updated_time, value, version, year, place_id, rate_id, updated_by) VALUES (43.590, 9, null, '2023-06-11 13:51:17.696920', 305.13, 4, 2023, 2, 4, -4);
INSERT INTO public.forecast (amount, month, real_value, updated_time, value, version, year, place_id, rate_id, updated_by) VALUES (50.535, 8, null, '2023-06-11 13:52:55.925665', 353.75, 4, 2023, 5, 4, -4);
INSERT INTO public.forecast (amount, month, real_value, updated_time, value, version, year, place_id, rate_id, updated_by) VALUES (52.220, 9, null, '2023-06-11 13:52:55.931052', 365.54, 4, 2023, 5, 4, -4);
INSERT INTO public.forecast (amount, month, real_value, updated_time, value, version, year, place_id, rate_id, updated_by) VALUES (50.535, 10, null, '2023-06-11 13:52:55.936421', 353.75, 4, 2023, 5, 4, -4);
INSERT INTO public.forecast (amount, month, real_value, updated_time, value, version, year, place_id, rate_id, updated_by) VALUES (52.220, 11, null, '2023-06-11 13:52:55.942438', 365.54, 4, 2023, 5, 4, -4);
INSERT INTO public.forecast (amount, month, real_value, updated_time, value, version, year, place_id, rate_id, updated_by) VALUES (40.568, 10, null, '2023-06-11 13:53:27.102401', 283.98, 4, 2023, 6, 4, -4);
INSERT INTO public.forecast (amount, month, real_value, updated_time, value, version, year, place_id, rate_id, updated_by) VALUES (41.920, 11, null, '2023-06-11 13:53:27.108296', 293.44, 4, 2023, 6, 4, -4);
INSERT INTO public.forecast (amount, month, real_value, updated_time, value, version, year, place_id, rate_id, updated_by) VALUES (40.568, 8, null, '2023-06-11 13:53:27.113237', 283.98, 4, 2023, 6, 4, -4);
INSERT INTO public.forecast (amount, month, real_value, updated_time, value, version, year, place_id, rate_id, updated_by) VALUES (29.880, 3, 115.29, null, 119.52, 2, 2022, 5, 5, null);
INSERT INTO public.forecast (amount, month, real_value, updated_time, value, version, year, place_id, rate_id, updated_by) VALUES (24.304, 4, 98.27, null, 97.22, 2, 2022, 5, 5, null);
INSERT INTO public.forecast (amount, month, real_value, updated_time, value, version, year, place_id, rate_id, updated_by) VALUES (21.030, 5, 87.96, null, 84.12, 2, 2022, 5, 5, null);
INSERT INTO public.forecast (amount, month, real_value, updated_time, value, version, year, place_id, rate_id, updated_by) VALUES (25.544, 6, 106.60, null, 102.18, 2, 2022, 5, 5, null);
INSERT INTO public.forecast (amount, month, real_value, updated_time, value, version, year, place_id, rate_id, updated_by) VALUES (32.643, 7, 132.72, null, 130.57, 2, 2022, 5, 5, null);
INSERT INTO public.forecast (amount, month, real_value, updated_time, value, version, year, place_id, rate_id, updated_by) VALUES (40.740, 8, 168.08, null, 162.96, 2, 2022, 5, 5, null);
INSERT INTO public.forecast (amount, month, real_value, updated_time, value, version, year, place_id, rate_id, updated_by) VALUES (45.229, 9, 187.14, null, 180.92, 2, 2022, 5, 5, null);
INSERT INTO public.forecast (amount, month, real_value, updated_time, value, version, year, place_id, rate_id, updated_by) VALUES (36.390, 10, 145.21, null, 145.56, 2, 2022, 5, 5, null);
INSERT INTO public.forecast (amount, month, real_value, updated_time, value, version, year, place_id, rate_id, updated_by) VALUES (31.434, 11, 124.10, null, 125.74, 2, 2022, 5, 5, null);
INSERT INTO public.forecast (amount, month, real_value, updated_time, value, version, year, place_id, rate_id, updated_by) VALUES (20.057, 0, 82.77, null, 80.23, 2, 2022, 6, 5, null);
INSERT INTO public.forecast (amount, month, real_value, updated_time, value, version, year, place_id, rate_id, updated_by) VALUES (31.976, 1, 129.02, null, 127.90, 2, 2022, 6, 5, null);
INSERT INTO public.forecast (amount, month, real_value, updated_time, value, version, year, place_id, rate_id, updated_by) VALUES (50.747, 2, 200.27, null, 202.99, 2, 2022, 6, 5, null);
INSERT INTO public.forecast (amount, month, real_value, updated_time, value, version, year, place_id, rate_id, updated_by) VALUES (25.110, 3, 97.05, null, 100.44, 2, 2022, 6, 5, null);
INSERT INTO public.forecast (amount, month, real_value, updated_time, value, version, year, place_id, rate_id, updated_by) VALUES (36.115, 4, 145.50, null, 144.46, 2, 2022, 6, 5, null);
INSERT INTO public.forecast (amount, month, real_value, updated_time, value, version, year, place_id, rate_id, updated_by) VALUES (43.530, 5, 182.44, null, 174.12, 2, 2022, 6, 5, null);
INSERT INTO public.forecast (amount, month, real_value, updated_time, value, version, year, place_id, rate_id, updated_by) VALUES (38.285, 6, 159.14, null, 153.14, 2, 2022, 6, 5, null);
INSERT INTO public.forecast (amount, month, real_value, updated_time, value, version, year, place_id, rate_id, updated_by) VALUES (29.326, 7, 119.14, null, 117.30, 2, 2022, 6, 5, null);
INSERT INTO public.forecast (amount, month, real_value, updated_time, value, version, year, place_id, rate_id, updated_by) VALUES (36.030, 8, 148.79, null, 144.12, 2, 2022, 6, 5, null);
INSERT INTO public.forecast (amount, month, real_value, updated_time, value, version, year, place_id, rate_id, updated_by) VALUES (36.549, 9, 151.63, null, 146.20, 2, 2022, 6, 5, null);
INSERT INTO public.forecast (amount, month, real_value, updated_time, value, version, year, place_id, rate_id, updated_by) VALUES (29.490, 10, 117.43, null, 117.96, 2, 2022, 6, 5, null);
INSERT INTO public.forecast (amount, month, real_value, updated_time, value, version, year, place_id, rate_id, updated_by) VALUES (29.884, 11, 118.45, null, 119.54, 2, 2022, 6, 5, null);
INSERT INTO public.forecast (amount, month, real_value, updated_time, value, version, year, place_id, rate_id, updated_by) VALUES (177.413, 0, 667.95, null, 709.65, 2, 2023, 1, 5, null);
INSERT INTO public.forecast (amount, month, real_value, updated_time, value, version, year, place_id, rate_id, updated_by) VALUES (159.402, 0, 601.55, null, 637.61, 2, 2023, 2, 5, null);
INSERT INTO public.forecast (amount, month, real_value, updated_time, value, version, year, place_id, rate_id, updated_by) VALUES (170.810, 0, 644.52, null, 683.24, 2, 2023, 3, 5, null);
INSERT INTO public.forecast (amount, month, real_value, updated_time, value, version, year, place_id, rate_id, updated_by) VALUES (173.445, 0, 652.33, null, 693.78, 2, 2023, 4, 5, null);
INSERT INTO public.forecast (amount, month, real_value, updated_time, value, version, year, place_id, rate_id, updated_by) VALUES (191.673, 0, 722.64, null, 766.69, 2, 2023, 5, 5, null);
INSERT INTO public.forecast (amount, month, real_value, updated_time, value, version, year, place_id, rate_id, updated_by) VALUES (166.346, 0, 628.89, null, 665.38, 2, 2023, 6, 5, null);
INSERT INTO public.forecast (amount, month, real_value, updated_time, value, version, year, place_id, rate_id, updated_by) VALUES (181.272, 1, 723.43, null, 725.09, 2, 2023, 1, 5, null);
INSERT INTO public.forecast (amount, month, real_value, updated_time, value, version, year, place_id, rate_id, updated_by) VALUES (134.456, 1, 538.64, null, 537.82, 2, 2023, 2, 5, null);
INSERT INTO public.forecast (amount, month, real_value, updated_time, value, version, year, place_id, rate_id, updated_by) VALUES (166.656, 1, 664.45, null, 666.62, 2, 2023, 3, 5, null);
INSERT INTO public.forecast (amount, month, real_value, updated_time, value, version, year, place_id, rate_id, updated_by) VALUES (165.564, 1, 660.52, null, 662.26, 2, 2023, 4, 5, null);
INSERT INTO public.forecast (amount, month, real_value, updated_time, value, version, year, place_id, rate_id, updated_by) VALUES (188.216, 1, 750.95, null, 752.86, 2, 2023, 5, 5, null);
INSERT INTO public.forecast (amount, month, real_value, updated_time, value, version, year, place_id, rate_id, updated_by) VALUES (151.788, 1, 605.48, null, 607.15, 2, 2023, 6, 5, null);
INSERT INTO public.forecast (amount, month, real_value, updated_time, value, version, year, place_id, rate_id, updated_by) VALUES (225.897, 2, 908.32, null, 903.59, 2, 2023, 1, 5, null);
INSERT INTO public.forecast (amount, month, real_value, updated_time, value, version, year, place_id, rate_id, updated_by) VALUES (153.047, 2, 613.23, null, 612.19, 2, 2023, 2, 5, null);
INSERT INTO public.forecast (amount, month, real_value, updated_time, value, version, year, place_id, rate_id, updated_by) VALUES (211.823, 2, 852.99, null, 847.29, 2, 2023, 3, 5, null);
INSERT INTO public.forecast (amount, month, real_value, updated_time, value, version, year, place_id, rate_id, updated_by) VALUES (201.810, 2, 811.50, null, 807.24, 2, 2023, 4, 5, null);
INSERT INTO public.forecast (amount, month, real_value, updated_time, value, version, year, place_id, rate_id, updated_by) VALUES (160.983, 2, 645.51, null, 643.93, 2, 2023, 5, 5, null);
INSERT INTO public.forecast (amount, month, real_value, updated_time, value, version, year, place_id, rate_id, updated_by) VALUES (197.625, 2, 793.05, null, 790.50, 2, 2023, 6, 5, null);
INSERT INTO public.forecast (amount, month, real_value, updated_time, value, version, year, place_id, rate_id, updated_by) VALUES (49.020, 3, 194.79, null, 196.08, 2, 2023, 1, 5, null);
INSERT INTO public.forecast (amount, month, real_value, updated_time, value, version, year, place_id, rate_id, updated_by) VALUES (8.700, 3, 34.52, null, 34.80, 2, 2023, 2, 5, null);
INSERT INTO public.forecast (amount, month, real_value, updated_time, value, version, year, place_id, rate_id, updated_by) VALUES (9.210, 3, 36.69, null, 36.84, 2, 2023, 3, 5, null);
INSERT INTO public.forecast (amount, month, real_value, updated_time, value, version, year, place_id, rate_id, updated_by) VALUES (34.170, 3, 135.68, null, 136.68, 2, 2023, 4, 5, null);
INSERT INTO public.forecast (amount, month, real_value, updated_time, value, version, year, place_id, rate_id, updated_by) VALUES (20.280, 3, 80.60, null, 81.12, 2, 2023, 5, 5, null);
INSERT INTO public.forecast (amount, month, real_value, updated_time, value, version, year, place_id, rate_id, updated_by) VALUES (9.630, 3, 38.24, null, 38.52, 2, 2023, 6, 5, null);
INSERT INTO public.forecast (amount, month, real_value, updated_time, value, version, year, place_id, rate_id, updated_by) VALUES (25.110, 4, 105.23, null, 100.44, 2, 2023, 1, 5, null);
INSERT INTO public.forecast (amount, month, real_value, updated_time, value, version, year, place_id, rate_id, updated_by) VALUES (9.114, 4, 38.17, null, 36.46, 2, 2023, 2, 5, null);
INSERT INTO public.forecast (amount, month, real_value, updated_time, value, version, year, place_id, rate_id, updated_by) VALUES (9.641, 4, 40.43, null, 38.56, 2, 2023, 3, 5, null);
INSERT INTO public.forecast (amount, month, real_value, updated_time, value, version, year, place_id, rate_id, updated_by) VALUES (33.480, 4, 140.25, null, 133.92, 2, 2023, 4, 5, null);
INSERT INTO public.forecast (amount, month, real_value, updated_time, value, version, year, place_id, rate_id, updated_by) VALUES (15.965, 4, 66.87, null, 63.86, 2, 2023, 5, 5, null);
INSERT INTO public.forecast (amount, month, real_value, updated_time, value, version, year, place_id, rate_id, updated_by) VALUES (31.496, 4, 131.97, null, 125.98, 2, 2023, 6, 5, null);
INSERT INTO public.forecast (amount, month, real_value, updated_time, value, version, year, place_id, rate_id, updated_by) VALUES (14.340, 5, 57.10, null, 57.36, 2, 2023, 1, 5, null);
INSERT INTO public.forecast (amount, month, real_value, updated_time, value, version, year, place_id, rate_id, updated_by) VALUES (9.870, 5, 39.27, null, 39.48, 2, 2023, 2, 5, null);
INSERT INTO public.forecast (amount, month, real_value, updated_time, value, version, year, place_id, rate_id, updated_by) VALUES (18.690, 5, 74.50, null, 74.76, 2, 2023, 3, 5, null);
INSERT INTO public.forecast (amount, month, real_value, updated_time, value, version, year, place_id, rate_id, updated_by) VALUES (12.150, 5, 48.18, null, 48.60, 2, 2023, 4, 5, null);
INSERT INTO public.forecast (amount, month, real_value, updated_time, value, version, year, place_id, rate_id, updated_by) VALUES (35.790, 5, 142.43, null, 143.16, 2, 2023, 5, 5, null);
INSERT INTO public.forecast (amount, month, real_value, updated_time, value, version, year, place_id, rate_id, updated_by) VALUES (13.170, 5, 52.22, null, 52.68, 2, 2023, 6, 5, null);
INSERT INTO public.forecast (amount, month, real_value, updated_time, value, version, year, place_id, rate_id, updated_by) VALUES (40.502, 6, null, '2023-06-11 13:51:35.974734', 162.01, 5, 2023, 2, 5, -4);
INSERT INTO public.forecast (amount, month, real_value, updated_time, value, version, year, place_id, rate_id, updated_by) VALUES (40.502, 7, null, '2023-06-11 13:51:35.981000', 162.01, 5, 2023, 2, 5, -4);
INSERT INTO public.forecast (amount, month, real_value, updated_time, value, version, year, place_id, rate_id, updated_by) VALUES (39.196, 8, null, '2023-06-11 13:51:35.987130', 156.78, 5, 2023, 2, 5, -4);
INSERT INTO public.forecast (amount, month, real_value, updated_time, value, version, year, place_id, rate_id, updated_by) VALUES (39.196, 10, null, '2023-06-11 13:51:35.993306', 156.78, 5, 2023, 2, 5, -4);
INSERT INTO public.forecast (amount, month, real_value, updated_time, value, version, year, place_id, rate_id, updated_by) VALUES (40.502, 11, null, '2023-06-11 13:51:35.999323', 162.01, 5, 2023, 2, 5, -4);
INSERT INTO public.forecast (amount, month, real_value, updated_time, value, version, year, place_id, rate_id, updated_by) VALUES (106.370, 6, null, '2023-06-11 13:52:15.947717', 425.48, 4, 2023, 3, 5, -4);
INSERT INTO public.forecast (amount, month, real_value, updated_time, value, version, year, place_id, rate_id, updated_by) VALUES (106.370, 7, null, '2023-06-11 13:52:15.953327', 425.48, 4, 2023, 3, 5, -4);
INSERT INTO public.forecast (amount, month, real_value, updated_time, value, version, year, place_id, rate_id, updated_by) VALUES (102.938, 8, null, '2023-06-11 13:52:15.959377', 411.75, 4, 2023, 3, 5, -4);
INSERT INTO public.forecast (amount, month, real_value, updated_time, value, version, year, place_id, rate_id, updated_by) VALUES (106.370, 9, null, '2023-06-11 13:52:15.965485', 425.48, 4, 2023, 3, 5, -4);
INSERT INTO public.forecast (amount, month, real_value, updated_time, value, version, year, place_id, rate_id, updated_by) VALUES (51.776, 10, null, '2023-06-11 13:52:38.602226', 207.10, 4, 2023, 4, 5, -4);
INSERT INTO public.forecast (amount, month, real_value, updated_time, value, version, year, place_id, rate_id, updated_by) VALUES (53.502, 11, null, '2023-06-11 13:52:38.608342', 214.01, 4, 2023, 4, 5, -4);
INSERT INTO public.forecast (amount, month, real_value, updated_time, value, version, year, place_id, rate_id, updated_by) VALUES (33.344, 6, null, '2023-06-11 13:53:08.657323', 133.37, 4, 2023, 5, 5, -4);
INSERT INTO public.forecast (amount, month, real_value, updated_time, value, version, year, place_id, rate_id, updated_by) VALUES (32.268, 10, null, '2023-06-11 13:53:08.662689', 129.07, 4, 2023, 5, 5, -4);
INSERT INTO public.forecast (amount, month, real_value, updated_time, value, version, year, place_id, rate_id, updated_by) VALUES (33.344, 11, null, '2023-06-11 13:53:08.668148', 133.37, 4, 2023, 5, 5, -4);
INSERT INTO public.forecast (amount, month, real_value, updated_time, value, version, year, place_id, rate_id, updated_by) VALUES (58.135, 6, null, '2023-06-11 13:53:43.676280', 232.54, 4, 2023, 6, 5, -4);
INSERT INTO public.forecast (amount, month, real_value, updated_time, value, version, year, place_id, rate_id, updated_by) VALUES (58.135, 7, null, '2023-06-11 13:53:43.681976', 232.54, 4, 2023, 6, 5, -4);
INSERT INTO public.forecast (amount, month, real_value, updated_time, value, version, year, place_id, rate_id, updated_by) VALUES (56.260, 8, null, '2023-06-11 13:53:43.687602', 225.04, 4, 2023, 6, 5, -4);
INSERT INTO public.forecast (amount, month, real_value, updated_time, value, version, year, place_id, rate_id, updated_by) VALUES (58.135, 11, null, '2023-06-11 13:53:43.693752', 232.54, 4, 2023, 6, 5, -4);
INSERT INTO public.forecast (amount, month, real_value, updated_time, value, version, year, place_id, rate_id, updated_by) VALUES (1.000, 0, 19.61, null, 20.00, 2, 2022, 1, 6, null);
INSERT INTO public.forecast (amount, month, real_value, updated_time, value, version, year, place_id, rate_id, updated_by) VALUES (1.000, 1, 19.64, null, 20.00, 2, 2022, 1, 6, null);
INSERT INTO public.forecast (amount, month, real_value, updated_time, value, version, year, place_id, rate_id, updated_by) VALUES (1.000, 2, 20.11, null, 20.00, 2, 2022, 1, 6, null);
INSERT INTO public.forecast (amount, month, real_value, updated_time, value, version, year, place_id, rate_id, updated_by) VALUES (1.000, 3, 20.93, null, 20.00, 2, 2022, 1, 6, null);
INSERT INTO public.forecast (amount, month, real_value, updated_time, value, version, year, place_id, rate_id, updated_by) VALUES (1.000, 4, 19.86, null, 20.00, 2, 2022, 1, 6, null);
INSERT INTO public.forecast (amount, month, real_value, updated_time, value, version, year, place_id, rate_id, updated_by) VALUES (1.000, 5, 19.77, null, 20.00, 2, 2022, 1, 6, null);
INSERT INTO public.forecast (amount, month, real_value, updated_time, value, version, year, place_id, rate_id, updated_by) VALUES (1.000, 6, 20.05, null, 20.00, 2, 2022, 1, 6, null);
INSERT INTO public.forecast (amount, month, real_value, updated_time, value, version, year, place_id, rate_id, updated_by) VALUES (1.000, 7, 20.77, null, 20.00, 2, 2022, 1, 6, null);
INSERT INTO public.forecast (amount, month, real_value, updated_time, value, version, year, place_id, rate_id, updated_by) VALUES (1.000, 8, 20.77, null, 20.00, 2, 2022, 1, 6, null);
INSERT INTO public.forecast (amount, month, real_value, updated_time, value, version, year, place_id, rate_id, updated_by) VALUES (1.000, 9, 20.59, null, 20.00, 2, 2022, 1, 6, null);
INSERT INTO public.forecast (amount, month, real_value, updated_time, value, version, year, place_id, rate_id, updated_by) VALUES (1.000, 10, 19.40, null, 20.00, 2, 2022, 1, 6, null);
INSERT INTO public.forecast (amount, month, real_value, updated_time, value, version, year, place_id, rate_id, updated_by) VALUES (1.000, 11, 20.75, null, 20.00, 2, 2022, 1, 6, null);
INSERT INTO public.forecast (amount, month, real_value, updated_time, value, version, year, place_id, rate_id, updated_by) VALUES (1.000, 0, 19.61, null, 20.00, 2, 2022, 2, 6, null);
INSERT INTO public.forecast (amount, month, real_value, updated_time, value, version, year, place_id, rate_id, updated_by) VALUES (1.000, 1, 19.64, null, 20.00, 2, 2022, 2, 6, null);
INSERT INTO public.forecast (amount, month, real_value, updated_time, value, version, year, place_id, rate_id, updated_by) VALUES (1.000, 2, 20.11, null, 20.00, 2, 2022, 2, 6, null);
INSERT INTO public.forecast (amount, month, real_value, updated_time, value, version, year, place_id, rate_id, updated_by) VALUES (1.000, 3, 20.93, null, 20.00, 2, 2022, 2, 6, null);
INSERT INTO public.forecast (amount, month, real_value, updated_time, value, version, year, place_id, rate_id, updated_by) VALUES (1.000, 4, 19.86, null, 20.00, 2, 2022, 2, 6, null);
INSERT INTO public.forecast (amount, month, real_value, updated_time, value, version, year, place_id, rate_id, updated_by) VALUES (1.000, 5, 19.77, null, 20.00, 2, 2022, 2, 6, null);
INSERT INTO public.forecast (amount, month, real_value, updated_time, value, version, year, place_id, rate_id, updated_by) VALUES (1.000, 6, 20.05, null, 20.00, 2, 2022, 2, 6, null);
INSERT INTO public.forecast (amount, month, real_value, updated_time, value, version, year, place_id, rate_id, updated_by) VALUES (1.000, 7, 20.77, null, 20.00, 2, 2022, 2, 6, null);
INSERT INTO public.forecast (amount, month, real_value, updated_time, value, version, year, place_id, rate_id, updated_by) VALUES (1.000, 8, 20.77, null, 20.00, 2, 2022, 2, 6, null);
INSERT INTO public.forecast (amount, month, real_value, updated_time, value, version, year, place_id, rate_id, updated_by) VALUES (1.000, 9, 20.59, null, 20.00, 2, 2022, 2, 6, null);
INSERT INTO public.forecast (amount, month, real_value, updated_time, value, version, year, place_id, rate_id, updated_by) VALUES (1.000, 10, 19.40, null, 20.00, 2, 2022, 2, 6, null);
INSERT INTO public.forecast (amount, month, real_value, updated_time, value, version, year, place_id, rate_id, updated_by) VALUES (1.000, 11, 20.75, null, 20.00, 2, 2022, 2, 6, null);
INSERT INTO public.forecast (amount, month, real_value, updated_time, value, version, year, place_id, rate_id, updated_by) VALUES (1.000, 0, 19.61, null, 20.00, 2, 2022, 3, 6, null);
INSERT INTO public.forecast (amount, month, real_value, updated_time, value, version, year, place_id, rate_id, updated_by) VALUES (1.000, 1, 19.64, null, 20.00, 2, 2022, 3, 6, null);
INSERT INTO public.forecast (amount, month, real_value, updated_time, value, version, year, place_id, rate_id, updated_by) VALUES (1.000, 2, 20.11, null, 20.00, 2, 2022, 3, 6, null);
INSERT INTO public.forecast (amount, month, real_value, updated_time, value, version, year, place_id, rate_id, updated_by) VALUES (1.000, 3, 20.93, null, 20.00, 2, 2022, 3, 6, null);
INSERT INTO public.forecast (amount, month, real_value, updated_time, value, version, year, place_id, rate_id, updated_by) VALUES (1.000, 4, 19.86, null, 20.00, 2, 2022, 3, 6, null);
INSERT INTO public.forecast (amount, month, real_value, updated_time, value, version, year, place_id, rate_id, updated_by) VALUES (1.000, 5, 19.77, null, 20.00, 2, 2022, 3, 6, null);
INSERT INTO public.forecast (amount, month, real_value, updated_time, value, version, year, place_id, rate_id, updated_by) VALUES (1.000, 6, 20.05, null, 20.00, 2, 2022, 3, 6, null);
INSERT INTO public.forecast (amount, month, real_value, updated_time, value, version, year, place_id, rate_id, updated_by) VALUES (1.000, 7, 20.77, null, 20.00, 2, 2022, 3, 6, null);
INSERT INTO public.forecast (amount, month, real_value, updated_time, value, version, year, place_id, rate_id, updated_by) VALUES (1.000, 8, 20.77, null, 20.00, 2, 2022, 3, 6, null);
INSERT INTO public.forecast (amount, month, real_value, updated_time, value, version, year, place_id, rate_id, updated_by) VALUES (1.000, 9, 20.59, null, 20.00, 2, 2022, 3, 6, null);
INSERT INTO public.forecast (amount, month, real_value, updated_time, value, version, year, place_id, rate_id, updated_by) VALUES (1.000, 10, 19.40, null, 20.00, 2, 2022, 3, 6, null);
INSERT INTO public.forecast (amount, month, real_value, updated_time, value, version, year, place_id, rate_id, updated_by) VALUES (1.000, 11, 20.75, null, 20.00, 2, 2022, 3, 6, null);
INSERT INTO public.forecast (amount, month, real_value, updated_time, value, version, year, place_id, rate_id, updated_by) VALUES (1.000, 6, null, null, 20.00, 1, 2023, 1, 6, null);
INSERT INTO public.forecast (amount, month, real_value, updated_time, value, version, year, place_id, rate_id, updated_by) VALUES (1.000, 7, null, null, 20.00, 1, 2023, 1, 6, null);
INSERT INTO public.forecast (amount, month, real_value, updated_time, value, version, year, place_id, rate_id, updated_by) VALUES (1.000, 8, null, null, 20.00, 1, 2023, 1, 6, null);
INSERT INTO public.forecast (amount, month, real_value, updated_time, value, version, year, place_id, rate_id, updated_by) VALUES (1.000, 9, null, null, 20.00, 1, 2023, 1, 6, null);
INSERT INTO public.forecast (amount, month, real_value, updated_time, value, version, year, place_id, rate_id, updated_by) VALUES (1.000, 10, null, null, 20.00, 1, 2023, 1, 6, null);
INSERT INTO public.forecast (amount, month, real_value, updated_time, value, version, year, place_id, rate_id, updated_by) VALUES (1.000, 11, null, null, 20.00, 1, 2023, 1, 6, null);
INSERT INTO public.forecast (amount, month, real_value, updated_time, value, version, year, place_id, rate_id, updated_by) VALUES (1.000, 6, null, null, 20.00, 1, 2023, 2, 6, null);
INSERT INTO public.forecast (amount, month, real_value, updated_time, value, version, year, place_id, rate_id, updated_by) VALUES (1.000, 7, null, null, 20.00, 1, 2023, 2, 6, null);
INSERT INTO public.forecast (amount, month, real_value, updated_time, value, version, year, place_id, rate_id, updated_by) VALUES (1.000, 8, null, null, 20.00, 1, 2023, 2, 6, null);
INSERT INTO public.forecast (amount, month, real_value, updated_time, value, version, year, place_id, rate_id, updated_by) VALUES (1.000, 9, null, null, 20.00, 1, 2023, 2, 6, null);
INSERT INTO public.forecast (amount, month, real_value, updated_time, value, version, year, place_id, rate_id, updated_by) VALUES (1.000, 10, null, null, 20.00, 1, 2023, 2, 6, null);
INSERT INTO public.forecast (amount, month, real_value, updated_time, value, version, year, place_id, rate_id, updated_by) VALUES (1.000, 11, null, null, 20.00, 1, 2023, 2, 6, null);
INSERT INTO public.forecast (amount, month, real_value, updated_time, value, version, year, place_id, rate_id, updated_by) VALUES (1.000, 6, null, null, 20.00, 1, 2023, 3, 6, null);
INSERT INTO public.forecast (amount, month, real_value, updated_time, value, version, year, place_id, rate_id, updated_by) VALUES (1.000, 7, null, null, 20.00, 1, 2023, 3, 6, null);
INSERT INTO public.forecast (amount, month, real_value, updated_time, value, version, year, place_id, rate_id, updated_by) VALUES (1.000, 8, null, null, 20.00, 1, 2023, 3, 6, null);
INSERT INTO public.forecast (amount, month, real_value, updated_time, value, version, year, place_id, rate_id, updated_by) VALUES (1.000, 9, null, null, 20.00, 1, 2023, 3, 6, null);
INSERT INTO public.forecast (amount, month, real_value, updated_time, value, version, year, place_id, rate_id, updated_by) VALUES (1.000, 10, null, null, 20.00, 1, 2023, 3, 6, null);
INSERT INTO public.forecast (amount, month, real_value, updated_time, value, version, year, place_id, rate_id, updated_by) VALUES (1.000, 11, null, null, 20.00, 1, 2023, 3, 6, null);
INSERT INTO public.forecast (amount, month, real_value, updated_time, value, version, year, place_id, rate_id, updated_by) VALUES (1.000, 0, 20.28, null, 20.00, 2, 2023, 1, 6, null);
INSERT INTO public.forecast (amount, month, real_value, updated_time, value, version, year, place_id, rate_id, updated_by) VALUES (1.000, 0, 20.28, null, 20.00, 2, 2023, 2, 6, null);
INSERT INTO public.forecast (amount, month, real_value, updated_time, value, version, year, place_id, rate_id, updated_by) VALUES (1.000, 0, 20.28, null, 20.00, 2, 2023, 3, 6, null);
INSERT INTO public.forecast (amount, month, real_value, updated_time, value, version, year, place_id, rate_id, updated_by) VALUES (1.000, 1, 20.83, null, 20.00, 2, 2023, 1, 6, null);
INSERT INTO public.forecast (amount, month, real_value, updated_time, value, version, year, place_id, rate_id, updated_by) VALUES (1.000, 1, 20.83, null, 20.00, 2, 2023, 2, 6, null);
INSERT INTO public.forecast (amount, month, real_value, updated_time, value, version, year, place_id, rate_id, updated_by) VALUES (1.000, 1, 20.83, null, 20.00, 2, 2023, 3, 6, null);
INSERT INTO public.forecast (amount, month, real_value, updated_time, value, version, year, place_id, rate_id, updated_by) VALUES (1.000, 2, 19.29, null, 20.00, 2, 2023, 1, 6, null);
INSERT INTO public.forecast (amount, month, real_value, updated_time, value, version, year, place_id, rate_id, updated_by) VALUES (1.000, 2, 19.29, null, 20.00, 2, 2023, 2, 6, null);
INSERT INTO public.forecast (amount, month, real_value, updated_time, value, version, year, place_id, rate_id, updated_by) VALUES (1.000, 2, 19.29, null, 20.00, 2, 2023, 3, 6, null);
INSERT INTO public.forecast (amount, month, real_value, updated_time, value, version, year, place_id, rate_id, updated_by) VALUES (1.000, 3, 19.58, null, 20.00, 2, 2023, 1, 6, null);
INSERT INTO public.forecast (amount, month, real_value, updated_time, value, version, year, place_id, rate_id, updated_by) VALUES (1.000, 3, 19.58, null, 20.00, 2, 2023, 2, 6, null);
INSERT INTO public.forecast (amount, month, real_value, updated_time, value, version, year, place_id, rate_id, updated_by) VALUES (1.000, 3, 19.58, null, 20.00, 2, 2023, 3, 6, null);
INSERT INTO public.forecast (amount, month, real_value, updated_time, value, version, year, place_id, rate_id, updated_by) VALUES (1.000, 4, 20.64, null, 20.00, 2, 2023, 1, 6, null);
INSERT INTO public.forecast (amount, month, real_value, updated_time, value, version, year, place_id, rate_id, updated_by) VALUES (1.000, 4, 20.64, null, 20.00, 2, 2023, 2, 6, null);
INSERT INTO public.forecast (amount, month, real_value, updated_time, value, version, year, place_id, rate_id, updated_by) VALUES (1.000, 4, 20.64, null, 20.00, 2, 2023, 3, 6, null);
INSERT INTO public.forecast (amount, month, real_value, updated_time, value, version, year, place_id, rate_id, updated_by) VALUES (1.000, 5, 19.33, null, 20.00, 2, 2023, 1, 6, null);
INSERT INTO public.forecast (amount, month, real_value, updated_time, value, version, year, place_id, rate_id, updated_by) VALUES (1.000, 5, 19.33, null, 20.00, 2, 2023, 2, 6, null);
INSERT INTO public.forecast (amount, month, real_value, updated_time, value, version, year, place_id, rate_id, updated_by) VALUES (1.000, 5, 19.33, null, 20.00, 2, 2023, 3, 6, null);
INSERT INTO public.forecast (amount, month, real_value, updated_time, value, version, year, place_id, rate_id, updated_by) VALUES (4.000, 0, 111.09, null, 112.00, 2, 2022, 1, 7, null);
INSERT INTO public.forecast (amount, month, real_value, updated_time, value, version, year, place_id, rate_id, updated_by) VALUES (53.502, 6, null, '2023-06-11 13:52:38.614007', 214.01, 4, 2023, 4, 5, -4);
INSERT INTO public.forecast (amount, month, real_value, updated_time, value, version, year, place_id, rate_id, updated_by) VALUES (33.344, 7, null, '2023-06-11 13:53:08.674066', 133.37, 4, 2023, 5, 5, -4);
INSERT INTO public.forecast (amount, month, real_value, updated_time, value, version, year, place_id, rate_id, updated_by) VALUES (32.268, 8, null, '2023-06-11 13:53:08.680058', 129.07, 4, 2023, 5, 5, -4);
INSERT INTO public.forecast (amount, month, real_value, updated_time, value, version, year, place_id, rate_id, updated_by) VALUES (33.344, 9, null, '2023-06-11 13:53:08.686703', 133.37, 4, 2023, 5, 5, -4);
INSERT INTO public.forecast (amount, month, real_value, updated_time, value, version, year, place_id, rate_id, updated_by) VALUES (58.135, 9, null, '2023-06-11 13:53:43.699286', 232.54, 4, 2023, 6, 5, -4);
INSERT INTO public.forecast (amount, month, real_value, updated_time, value, version, year, place_id, rate_id, updated_by) VALUES (56.260, 10, null, '2023-06-11 13:53:43.704869', 225.04, 4, 2023, 6, 5, -4);
INSERT INTO public.forecast (amount, month, real_value, updated_time, value, version, year, place_id, rate_id, updated_by) VALUES (4.000, 1, 115.84, null, 112.00, 2, 2022, 1, 7, null);
INSERT INTO public.forecast (amount, month, real_value, updated_time, value, version, year, place_id, rate_id, updated_by) VALUES (4.000, 2, 107.70, null, 112.00, 2, 2022, 1, 7, null);
INSERT INTO public.forecast (amount, month, real_value, updated_time, value, version, year, place_id, rate_id, updated_by) VALUES (4.000, 3, 112.60, null, 112.00, 2, 2022, 1, 7, null);
INSERT INTO public.forecast (amount, month, real_value, updated_time, value, version, year, place_id, rate_id, updated_by) VALUES (4.000, 4, 113.73, null, 112.00, 2, 2022, 1, 7, null);
INSERT INTO public.forecast (amount, month, real_value, updated_time, value, version, year, place_id, rate_id, updated_by) VALUES (4.000, 5, 114.50, null, 112.00, 2, 2022, 1, 7, null);
INSERT INTO public.forecast (amount, month, real_value, updated_time, value, version, year, place_id, rate_id, updated_by) VALUES (4.000, 6, 117.64, null, 112.00, 2, 2022, 1, 7, null);
INSERT INTO public.forecast (amount, month, real_value, updated_time, value, version, year, place_id, rate_id, updated_by) VALUES (4.000, 7, 110.35, null, 112.00, 2, 2022, 1, 7, null);
INSERT INTO public.forecast (amount, month, real_value, updated_time, value, version, year, place_id, rate_id, updated_by) VALUES (4.000, 8, 116.57, null, 112.00, 2, 2022, 1, 7, null);
INSERT INTO public.forecast (amount, month, real_value, updated_time, value, version, year, place_id, rate_id, updated_by) VALUES (4.000, 9, 108.24, null, 112.00, 2, 2022, 1, 7, null);
INSERT INTO public.forecast (amount, month, real_value, updated_time, value, version, year, place_id, rate_id, updated_by) VALUES (4.000, 10, 108.73, null, 112.00, 2, 2022, 1, 7, null);
INSERT INTO public.forecast (amount, month, real_value, updated_time, value, version, year, place_id, rate_id, updated_by) VALUES (4.000, 11, 109.68, null, 112.00, 2, 2022, 1, 7, null);
INSERT INTO public.forecast (amount, month, real_value, updated_time, value, version, year, place_id, rate_id, updated_by) VALUES (3.000, 0, 83.20, null, 84.00, 2, 2022, 2, 7, null);
INSERT INTO public.forecast (amount, month, real_value, updated_time, value, version, year, place_id, rate_id, updated_by) VALUES (3.000, 1, 86.75, null, 84.00, 2, 2022, 2, 7, null);
INSERT INTO public.forecast (amount, month, real_value, updated_time, value, version, year, place_id, rate_id, updated_by) VALUES (3.000, 2, 80.65, null, 84.00, 2, 2022, 2, 7, null);
INSERT INTO public.forecast (amount, month, real_value, updated_time, value, version, year, place_id, rate_id, updated_by) VALUES (3.000, 3, 84.32, null, 84.00, 2, 2022, 2, 7, null);
INSERT INTO public.forecast (amount, month, real_value, updated_time, value, version, year, place_id, rate_id, updated_by) VALUES (3.000, 4, 85.17, null, 84.00, 2, 2022, 2, 7, null);
INSERT INTO public.forecast (amount, month, real_value, updated_time, value, version, year, place_id, rate_id, updated_by) VALUES (3.000, 5, 85.75, null, 84.00, 2, 2022, 2, 7, null);
INSERT INTO public.forecast (amount, month, real_value, updated_time, value, version, year, place_id, rate_id, updated_by) VALUES (3.000, 6, 88.10, null, 84.00, 2, 2022, 2, 7, null);
INSERT INTO public.forecast (amount, month, real_value, updated_time, value, version, year, place_id, rate_id, updated_by) VALUES (3.000, 7, 82.64, null, 84.00, 2, 2022, 2, 7, null);
INSERT INTO public.forecast (amount, month, real_value, updated_time, value, version, year, place_id, rate_id, updated_by) VALUES (3.000, 8, 87.29, null, 84.00, 2, 2022, 2, 7, null);
INSERT INTO public.forecast (amount, month, real_value, updated_time, value, version, year, place_id, rate_id, updated_by) VALUES (3.000, 9, 81.06, null, 84.00, 2, 2022, 2, 7, null);
INSERT INTO public.forecast (amount, month, real_value, updated_time, value, version, year, place_id, rate_id, updated_by) VALUES (3.000, 10, 81.42, null, 84.00, 2, 2022, 2, 7, null);
INSERT INTO public.forecast (amount, month, real_value, updated_time, value, version, year, place_id, rate_id, updated_by) VALUES (3.000, 11, 82.13, null, 84.00, 2, 2022, 2, 7, null);
INSERT INTO public.forecast (amount, month, real_value, updated_time, value, version, year, place_id, rate_id, updated_by) VALUES (1.000, 0, 27.90, null, 28.00, 2, 2022, 3, 7, null);
INSERT INTO public.forecast (amount, month, real_value, updated_time, value, version, year, place_id, rate_id, updated_by) VALUES (1.000, 1, 29.09, null, 28.00, 2, 2022, 3, 7, null);
INSERT INTO public.forecast (amount, month, real_value, updated_time, value, version, year, place_id, rate_id, updated_by) VALUES (1.000, 2, 27.05, null, 28.00, 2, 2022, 3, 7, null);
INSERT INTO public.forecast (amount, month, real_value, updated_time, value, version, year, place_id, rate_id, updated_by) VALUES (1.000, 3, 28.28, null, 28.00, 2, 2022, 3, 7, null);
INSERT INTO public.forecast (amount, month, real_value, updated_time, value, version, year, place_id, rate_id, updated_by) VALUES (1.000, 4, 28.56, null, 28.00, 2, 2022, 3, 7, null);
INSERT INTO public.forecast (amount, month, real_value, updated_time, value, version, year, place_id, rate_id, updated_by) VALUES (1.000, 5, 28.75, null, 28.00, 2, 2022, 3, 7, null);
INSERT INTO public.forecast (amount, month, real_value, updated_time, value, version, year, place_id, rate_id, updated_by) VALUES (1.000, 6, 29.54, null, 28.00, 2, 2022, 3, 7, null);
INSERT INTO public.forecast (amount, month, real_value, updated_time, value, version, year, place_id, rate_id, updated_by) VALUES (1.000, 7, 27.71, null, 28.00, 2, 2022, 3, 7, null);
INSERT INTO public.forecast (amount, month, real_value, updated_time, value, version, year, place_id, rate_id, updated_by) VALUES (1.000, 8, 29.27, null, 28.00, 2, 2022, 3, 7, null);
INSERT INTO public.forecast (amount, month, real_value, updated_time, value, version, year, place_id, rate_id, updated_by) VALUES (1.000, 9, 27.18, null, 28.00, 2, 2022, 3, 7, null);
INSERT INTO public.forecast (amount, month, real_value, updated_time, value, version, year, place_id, rate_id, updated_by) VALUES (1.000, 10, 27.30, null, 28.00, 2, 2022, 3, 7, null);
INSERT INTO public.forecast (amount, month, real_value, updated_time, value, version, year, place_id, rate_id, updated_by) VALUES (1.000, 11, 27.54, null, 28.00, 2, 2022, 3, 7, null);
INSERT INTO public.forecast (amount, month, real_value, updated_time, value, version, year, place_id, rate_id, updated_by) VALUES (5.000, 0, 138.49, null, 140.00, 2, 2022, 4, 7, null);
INSERT INTO public.forecast (amount, month, real_value, updated_time, value, version, year, place_id, rate_id, updated_by) VALUES (5.000, 1, 144.41, null, 140.00, 2, 2022, 4, 7, null);
INSERT INTO public.forecast (amount, month, real_value, updated_time, value, version, year, place_id, rate_id, updated_by) VALUES (5.000, 2, 134.26, null, 140.00, 2, 2022, 4, 7, null);
INSERT INTO public.forecast (amount, month, real_value, updated_time, value, version, year, place_id, rate_id, updated_by) VALUES (5.000, 3, 140.37, null, 140.00, 2, 2022, 4, 7, null);
INSERT INTO public.forecast (amount, month, real_value, updated_time, value, version, year, place_id, rate_id, updated_by) VALUES (5.000, 4, 141.78, null, 140.00, 2, 2022, 4, 7, null);
INSERT INTO public.forecast (amount, month, real_value, updated_time, value, version, year, place_id, rate_id, updated_by) VALUES (5.000, 5, 142.74, null, 140.00, 2, 2022, 4, 7, null);
INSERT INTO public.forecast (amount, month, real_value, updated_time, value, version, year, place_id, rate_id, updated_by) VALUES (5.000, 6, 146.65, null, 140.00, 2, 2022, 4, 7, null);
INSERT INTO public.forecast (amount, month, real_value, updated_time, value, version, year, place_id, rate_id, updated_by) VALUES (5.000, 7, 137.57, null, 140.00, 2, 2022, 4, 7, null);
INSERT INTO public.forecast (amount, month, real_value, updated_time, value, version, year, place_id, rate_id, updated_by) VALUES (5.000, 8, 145.32, null, 140.00, 2, 2022, 4, 7, null);
INSERT INTO public.forecast (amount, month, real_value, updated_time, value, version, year, place_id, rate_id, updated_by) VALUES (5.000, 9, 134.93, null, 140.00, 2, 2022, 4, 7, null);
INSERT INTO public.forecast (amount, month, real_value, updated_time, value, version, year, place_id, rate_id, updated_by) VALUES (5.000, 10, 135.54, null, 140.00, 2, 2022, 4, 7, null);
INSERT INTO public.forecast (amount, month, real_value, updated_time, value, version, year, place_id, rate_id, updated_by) VALUES (5.000, 11, 136.73, null, 140.00, 2, 2022, 4, 7, null);
INSERT INTO public.forecast (amount, month, real_value, updated_time, value, version, year, place_id, rate_id, updated_by) VALUES (2.000, 0, 55.80, null, 56.00, 2, 2022, 5, 7, null);
INSERT INTO public.forecast (amount, month, real_value, updated_time, value, version, year, place_id, rate_id, updated_by) VALUES (2.000, 1, 58.18, null, 56.00, 2, 2022, 5, 7, null);
INSERT INTO public.forecast (amount, month, real_value, updated_time, value, version, year, place_id, rate_id, updated_by) VALUES (2.000, 2, 54.09, null, 56.00, 2, 2022, 5, 7, null);
INSERT INTO public.forecast (amount, month, real_value, updated_time, value, version, year, place_id, rate_id, updated_by) VALUES (2.000, 3, 56.55, null, 56.00, 2, 2022, 5, 7, null);
INSERT INTO public.forecast (amount, month, real_value, updated_time, value, version, year, place_id, rate_id, updated_by) VALUES (2.000, 4, 57.12, null, 56.00, 2, 2022, 5, 7, null);
INSERT INTO public.forecast (amount, month, real_value, updated_time, value, version, year, place_id, rate_id, updated_by) VALUES (2.000, 5, 57.51, null, 56.00, 2, 2022, 5, 7, null);
INSERT INTO public.forecast (amount, month, real_value, updated_time, value, version, year, place_id, rate_id, updated_by) VALUES (2.000, 6, 59.08, null, 56.00, 2, 2022, 5, 7, null);
INSERT INTO public.forecast (amount, month, real_value, updated_time, value, version, year, place_id, rate_id, updated_by) VALUES (2.000, 7, 55.43, null, 56.00, 2, 2022, 5, 7, null);
INSERT INTO public.forecast (amount, month, real_value, updated_time, value, version, year, place_id, rate_id, updated_by) VALUES (2.000, 8, 58.55, null, 56.00, 2, 2022, 5, 7, null);
INSERT INTO public.forecast (amount, month, real_value, updated_time, value, version, year, place_id, rate_id, updated_by) VALUES (2.000, 9, 54.36, null, 56.00, 2, 2022, 5, 7, null);
INSERT INTO public.forecast (amount, month, real_value, updated_time, value, version, year, place_id, rate_id, updated_by) VALUES (2.000, 10, 54.61, null, 56.00, 2, 2022, 5, 7, null);
INSERT INTO public.forecast (amount, month, real_value, updated_time, value, version, year, place_id, rate_id, updated_by) VALUES (2.000, 11, 55.08, null, 56.00, 2, 2022, 5, 7, null);
INSERT INTO public.forecast (amount, month, real_value, updated_time, value, version, year, place_id, rate_id, updated_by) VALUES (3.000, 0, 83.20, null, 84.00, 2, 2022, 6, 7, null);
INSERT INTO public.forecast (amount, month, real_value, updated_time, value, version, year, place_id, rate_id, updated_by) VALUES (3.000, 1, 86.75, null, 84.00, 2, 2022, 6, 7, null);
INSERT INTO public.forecast (amount, month, real_value, updated_time, value, version, year, place_id, rate_id, updated_by) VALUES (3.000, 2, 80.65, null, 84.00, 2, 2022, 6, 7, null);
INSERT INTO public.forecast (amount, month, real_value, updated_time, value, version, year, place_id, rate_id, updated_by) VALUES (3.000, 3, 84.32, null, 84.00, 2, 2022, 6, 7, null);
INSERT INTO public.forecast (amount, month, real_value, updated_time, value, version, year, place_id, rate_id, updated_by) VALUES (3.000, 4, 85.17, null, 84.00, 2, 2022, 6, 7, null);
INSERT INTO public.forecast (amount, month, real_value, updated_time, value, version, year, place_id, rate_id, updated_by) VALUES (3.000, 5, 85.75, null, 84.00, 2, 2022, 6, 7, null);
INSERT INTO public.forecast (amount, month, real_value, updated_time, value, version, year, place_id, rate_id, updated_by) VALUES (3.000, 6, 88.10, null, 84.00, 2, 2022, 6, 7, null);
INSERT INTO public.forecast (amount, month, real_value, updated_time, value, version, year, place_id, rate_id, updated_by) VALUES (3.000, 7, 82.64, null, 84.00, 2, 2022, 6, 7, null);
INSERT INTO public.forecast (amount, month, real_value, updated_time, value, version, year, place_id, rate_id, updated_by) VALUES (3.000, 8, 87.29, null, 84.00, 2, 2022, 6, 7, null);
INSERT INTO public.forecast (amount, month, real_value, updated_time, value, version, year, place_id, rate_id, updated_by) VALUES (3.000, 9, 81.06, null, 84.00, 2, 2022, 6, 7, null);
INSERT INTO public.forecast (amount, month, real_value, updated_time, value, version, year, place_id, rate_id, updated_by) VALUES (3.000, 10, 81.42, null, 84.00, 2, 2022, 6, 7, null);
INSERT INTO public.forecast (amount, month, real_value, updated_time, value, version, year, place_id, rate_id, updated_by) VALUES (3.000, 11, 82.13, null, 84.00, 2, 2022, 6, 7, null);
INSERT INTO public.forecast (amount, month, real_value, updated_time, value, version, year, place_id, rate_id, updated_by) VALUES (4.000, 8, null, null, 112.00, 1, 2023, 1, 7, null);
INSERT INTO public.forecast (amount, month, real_value, updated_time, value, version, year, place_id, rate_id, updated_by) VALUES (4.000, 9, null, null, 112.00, 1, 2023, 1, 7, null);
INSERT INTO public.forecast (amount, month, real_value, updated_time, value, version, year, place_id, rate_id, updated_by) VALUES (4.000, 10, null, null, 112.00, 1, 2023, 1, 7, null);
INSERT INTO public.forecast (amount, month, real_value, updated_time, value, version, year, place_id, rate_id, updated_by) VALUES (4.000, 11, null, null, 112.00, 1, 2023, 1, 7, null);
INSERT INTO public.forecast (amount, month, real_value, updated_time, value, version, year, place_id, rate_id, updated_by) VALUES (3.000, 7, null, null, 84.00, 1, 2023, 2, 7, null);
INSERT INTO public.forecast (amount, month, real_value, updated_time, value, version, year, place_id, rate_id, updated_by) VALUES (3.000, 10, null, null, 84.00, 1, 2023, 2, 7, null);
INSERT INTO public.forecast (amount, month, real_value, updated_time, value, version, year, place_id, rate_id, updated_by) VALUES (3.000, 11, null, null, 84.00, 1, 2023, 2, 7, null);
INSERT INTO public.forecast (amount, month, real_value, updated_time, value, version, year, place_id, rate_id, updated_by) VALUES (1.000, 6, null, null, 28.00, 1, 2023, 3, 7, null);
INSERT INTO public.forecast (amount, month, real_value, updated_time, value, version, year, place_id, rate_id, updated_by) VALUES (1.000, 7, null, null, 28.00, 1, 2023, 3, 7, null);
INSERT INTO public.forecast (amount, month, real_value, updated_time, value, version, year, place_id, rate_id, updated_by) VALUES (1.000, 8, null, null, 28.00, 1, 2023, 3, 7, null);
INSERT INTO public.forecast (amount, month, real_value, updated_time, value, version, year, place_id, rate_id, updated_by) VALUES (1.000, 9, null, null, 28.00, 1, 2023, 3, 7, null);
INSERT INTO public.forecast (amount, month, real_value, updated_time, value, version, year, place_id, rate_id, updated_by) VALUES (1.000, 10, null, null, 28.00, 1, 2023, 3, 7, null);
INSERT INTO public.forecast (amount, month, real_value, updated_time, value, version, year, place_id, rate_id, updated_by) VALUES (1.000, 11, null, null, 28.00, 1, 2023, 3, 7, null);
INSERT INTO public.forecast (amount, month, real_value, updated_time, value, version, year, place_id, rate_id, updated_by) VALUES (5.000, 7, null, null, 140.00, 1, 2023, 4, 7, null);
INSERT INTO public.forecast (amount, month, real_value, updated_time, value, version, year, place_id, rate_id, updated_by) VALUES (5.000, 8, null, null, 140.00, 1, 2023, 4, 7, null);
INSERT INTO public.forecast (amount, month, real_value, updated_time, value, version, year, place_id, rate_id, updated_by) VALUES (5.000, 9, null, null, 140.00, 1, 2023, 4, 7, null);
INSERT INTO public.forecast (amount, month, real_value, updated_time, value, version, year, place_id, rate_id, updated_by) VALUES (5.000, 10, null, null, 140.00, 1, 2023, 4, 7, null);
INSERT INTO public.forecast (amount, month, real_value, updated_time, value, version, year, place_id, rate_id, updated_by) VALUES (5.000, 11, null, null, 140.00, 1, 2023, 4, 7, null);
INSERT INTO public.forecast (amount, month, real_value, updated_time, value, version, year, place_id, rate_id, updated_by) VALUES (2.000, 6, null, null, 56.00, 1, 2023, 5, 7, null);
INSERT INTO public.forecast (amount, month, real_value, updated_time, value, version, year, place_id, rate_id, updated_by) VALUES (2.000, 7, null, null, 56.00, 1, 2023, 5, 7, null);
INSERT INTO public.forecast (amount, month, real_value, updated_time, value, version, year, place_id, rate_id, updated_by) VALUES (2.000, 8, null, null, 56.00, 1, 2023, 5, 7, null);
INSERT INTO public.forecast (amount, month, real_value, updated_time, value, version, year, place_id, rate_id, updated_by) VALUES (2.000, 9, null, null, 56.00, 1, 2023, 5, 7, null);
INSERT INTO public.forecast (amount, month, real_value, updated_time, value, version, year, place_id, rate_id, updated_by) VALUES (2.000, 10, null, null, 56.00, 1, 2023, 5, 7, null);
INSERT INTO public.forecast (amount, month, real_value, updated_time, value, version, year, place_id, rate_id, updated_by) VALUES (2.000, 11, null, null, 56.00, 1, 2023, 5, 7, null);
INSERT INTO public.forecast (amount, month, real_value, updated_time, value, version, year, place_id, rate_id, updated_by) VALUES (3.000, 6, null, null, 84.00, 1, 2023, 6, 7, null);
INSERT INTO public.forecast (amount, month, real_value, updated_time, value, version, year, place_id, rate_id, updated_by) VALUES (3.000, 7, null, null, 84.00, 1, 2023, 6, 7, null);
INSERT INTO public.forecast (amount, month, real_value, updated_time, value, version, year, place_id, rate_id, updated_by) VALUES (3.000, 8, null, null, 84.00, 1, 2023, 6, 7, null);
INSERT INTO public.forecast (amount, month, real_value, updated_time, value, version, year, place_id, rate_id, updated_by) VALUES (3.000, 9, null, null, 84.00, 1, 2023, 6, 7, null);
INSERT INTO public.forecast (amount, month, real_value, updated_time, value, version, year, place_id, rate_id, updated_by) VALUES (3.000, 10, null, null, 84.00, 1, 2023, 6, 7, null);
INSERT INTO public.forecast (amount, month, real_value, updated_time, value, version, year, place_id, rate_id, updated_by) VALUES (3.000, 11, null, null, 84.00, 1, 2023, 6, 7, null);
INSERT INTO public.forecast (amount, month, real_value, updated_time, value, version, year, place_id, rate_id, updated_by) VALUES (4.000, 0, 108.66, null, 112.00, 2, 2023, 1, 7, null);
INSERT INTO public.forecast (amount, month, real_value, updated_time, value, version, year, place_id, rate_id, updated_by) VALUES (3.000, 0, 81.38, null, 84.00, 2, 2023, 2, 7, null);
INSERT INTO public.forecast (amount, month, real_value, updated_time, value, version, year, place_id, rate_id, updated_by) VALUES (1.000, 0, 27.29, null, 28.00, 2, 2023, 3, 7, null);
INSERT INTO public.forecast (amount, month, real_value, updated_time, value, version, year, place_id, rate_id, updated_by) VALUES (5.000, 0, 135.46, null, 140.00, 2, 2023, 4, 7, null);
INSERT INTO public.forecast (amount, month, real_value, updated_time, value, version, year, place_id, rate_id, updated_by) VALUES (2.000, 0, 54.58, null, 56.00, 2, 2023, 5, 7, null);
INSERT INTO public.forecast (amount, month, real_value, updated_time, value, version, year, place_id, rate_id, updated_by) VALUES (3.000, 0, 81.38, null, 84.00, 2, 2023, 6, 7, null);
INSERT INTO public.forecast (amount, month, real_value, updated_time, value, version, year, place_id, rate_id, updated_by) VALUES (4.000, 1, 111.49, null, 112.00, 2, 2023, 1, 7, null);
INSERT INTO public.forecast (amount, month, real_value, updated_time, value, version, year, place_id, rate_id, updated_by) VALUES (3.000, 1, 83.49, null, 84.00, 2, 2023, 2, 7, null);
INSERT INTO public.forecast (amount, month, real_value, updated_time, value, version, year, place_id, rate_id, updated_by) VALUES (1.000, 1, 28.00, null, 28.00, 2, 2023, 3, 7, null);
INSERT INTO public.forecast (amount, month, real_value, updated_time, value, version, year, place_id, rate_id, updated_by) VALUES (5.000, 1, 138.99, null, 140.00, 2, 2023, 4, 7, null);
INSERT INTO public.forecast (amount, month, real_value, updated_time, value, version, year, place_id, rate_id, updated_by) VALUES (2.000, 1, 56.00, null, 56.00, 2, 2023, 5, 7, null);
INSERT INTO public.forecast (amount, month, real_value, updated_time, value, version, year, place_id, rate_id, updated_by) VALUES (3.000, 1, 83.49, null, 84.00, 2, 2023, 6, 7, null);
INSERT INTO public.forecast (amount, month, real_value, updated_time, value, version, year, place_id, rate_id, updated_by) VALUES (4.000, 2, 110.28, null, 112.00, 2, 2023, 1, 7, null);
INSERT INTO public.forecast (amount, month, real_value, updated_time, value, version, year, place_id, rate_id, updated_by) VALUES (3.000, 2, 82.59, null, 84.00, 2, 2023, 2, 7, null);
INSERT INTO public.forecast (amount, month, real_value, updated_time, value, version, year, place_id, rate_id, updated_by) VALUES (1.000, 2, 27.69, null, 28.00, 2, 2023, 3, 7, null);
INSERT INTO public.forecast (amount, month, real_value, updated_time, value, version, year, place_id, rate_id, updated_by) VALUES (5.000, 2, 137.48, null, 140.00, 2, 2023, 4, 7, null);
INSERT INTO public.forecast (amount, month, real_value, updated_time, value, version, year, place_id, rate_id, updated_by) VALUES (2.000, 2, 55.39, null, 56.00, 2, 2023, 5, 7, null);
INSERT INTO public.forecast (amount, month, real_value, updated_time, value, version, year, place_id, rate_id, updated_by) VALUES (3.000, 2, 82.59, null, 84.00, 2, 2023, 6, 7, null);
INSERT INTO public.forecast (amount, month, real_value, updated_time, value, version, year, place_id, rate_id, updated_by) VALUES (4.000, 3, 109.25, null, 112.00, 2, 2023, 1, 7, null);
INSERT INTO public.forecast (amount, month, real_value, updated_time, value, version, year, place_id, rate_id, updated_by) VALUES (3.000, 3, 81.82, null, 84.00, 2, 2023, 2, 7, null);
INSERT INTO public.forecast (amount, month, real_value, updated_time, value, version, year, place_id, rate_id, updated_by) VALUES (1.000, 3, 27.44, null, 28.00, 2, 2023, 3, 7, null);
INSERT INTO public.forecast (amount, month, real_value, updated_time, value, version, year, place_id, rate_id, updated_by) VALUES (5.000, 3, 136.20, null, 140.00, 2, 2023, 4, 7, null);
INSERT INTO public.forecast (amount, month, real_value, updated_time, value, version, year, place_id, rate_id, updated_by) VALUES (2.000, 3, 54.87, null, 56.00, 2, 2023, 5, 7, null);
INSERT INTO public.forecast (amount, month, real_value, updated_time, value, version, year, place_id, rate_id, updated_by) VALUES (3.000, 3, 81.82, null, 84.00, 2, 2023, 6, 7, null);
INSERT INTO public.forecast (amount, month, real_value, updated_time, value, version, year, place_id, rate_id, updated_by) VALUES (4.000, 4, 109.58, null, 112.00, 2, 2023, 1, 7, null);
INSERT INTO public.forecast (amount, month, real_value, updated_time, value, version, year, place_id, rate_id, updated_by) VALUES (3.000, 4, 82.07, null, 84.00, 2, 2023, 2, 7, null);
INSERT INTO public.forecast (amount, month, real_value, updated_time, value, version, year, place_id, rate_id, updated_by) VALUES (1.000, 4, 27.52, null, 28.00, 2, 2023, 3, 7, null);
INSERT INTO public.forecast (amount, month, real_value, updated_time, value, version, year, place_id, rate_id, updated_by) VALUES (5.000, 4, 136.61, null, 140.00, 2, 2023, 4, 7, null);
INSERT INTO public.forecast (amount, month, real_value, updated_time, value, version, year, place_id, rate_id, updated_by) VALUES (2.000, 4, 55.04, null, 56.00, 2, 2023, 5, 7, null);
INSERT INTO public.forecast (amount, month, real_value, updated_time, value, version, year, place_id, rate_id, updated_by) VALUES (3.000, 4, 82.07, null, 84.00, 2, 2023, 6, 7, null);
INSERT INTO public.forecast (amount, month, real_value, updated_time, value, version, year, place_id, rate_id, updated_by) VALUES (4.000, 5, 109.60, null, 112.00, 2, 2023, 1, 7, null);
INSERT INTO public.forecast (amount, month, real_value, updated_time, value, version, year, place_id, rate_id, updated_by) VALUES (3.000, 5, 82.08, null, 84.00, 2, 2023, 2, 7, null);
INSERT INTO public.forecast (amount, month, real_value, updated_time, value, version, year, place_id, rate_id, updated_by) VALUES (1.000, 5, 27.52, null, 28.00, 2, 2023, 3, 7, null);
INSERT INTO public.forecast (amount, month, real_value, updated_time, value, version, year, place_id, rate_id, updated_by) VALUES (5.000, 5, 136.63, null, 140.00, 2, 2023, 4, 7, null);
INSERT INTO public.forecast (amount, month, real_value, updated_time, value, version, year, place_id, rate_id, updated_by) VALUES (2.000, 5, 55.05, null, 56.00, 2, 2023, 5, 7, null);
INSERT INTO public.forecast (amount, month, real_value, updated_time, value, version, year, place_id, rate_id, updated_by) VALUES (3.000, 5, 82.08, null, 84.00, 2, 2023, 6, 7, null);
INSERT INTO public.forecast (amount, month, real_value, updated_time, value, version, year, place_id, rate_id, updated_by) VALUES (4.000, 7, null, null, 112.00, 1, 2023, 1, 7, null);
INSERT INTO public.forecast (amount, month, real_value, updated_time, value, version, year, place_id, rate_id, updated_by) VALUES (4.000, 6, null, null, 112.00, 1, 2023, 1, 7, null);
INSERT INTO public.forecast (amount, month, real_value, updated_time, value, version, year, place_id, rate_id, updated_by) VALUES (3.000, 6, null, null, 84.00, 1, 2023, 2, 7, null);
INSERT INTO public.forecast (amount, month, real_value, updated_time, value, version, year, place_id, rate_id, updated_by) VALUES (3.000, 8, null, null, 84.00, 1, 2023, 2, 7, null);
INSERT INTO public.forecast (amount, month, real_value, updated_time, value, version, year, place_id, rate_id, updated_by) VALUES (3.000, 9, null, null, 84.00, 1, 2023, 2, 7, null);
INSERT INTO public.forecast (amount, month, real_value, updated_time, value, version, year, place_id, rate_id, updated_by) VALUES (5.000, 6, null, null, 140.00, 1, 2023, 4, 7, null);
INSERT INTO public.forecast (amount, month, real_value, updated_time, value, version, year, place_id, rate_id, updated_by) VALUES (5.000, 0, 26.13, null, 25.00, 2, 2022, 4, 8, null);
INSERT INTO public.forecast (amount, month, real_value, updated_time, value, version, year, place_id, rate_id, updated_by) VALUES (5.000, 1, 25.73, null, 25.00, 2, 2022, 4, 8, null);
INSERT INTO public.forecast (amount, month, real_value, updated_time, value, version, year, place_id, rate_id, updated_by) VALUES (5.000, 2, 24.36, null, 25.00, 2, 2022, 4, 8, null);
INSERT INTO public.forecast (amount, month, real_value, updated_time, value, version, year, place_id, rate_id, updated_by) VALUES (5.000, 3, 25.07, null, 25.00, 2, 2022, 4, 8, null);
INSERT INTO public.forecast (amount, month, real_value, updated_time, value, version, year, place_id, rate_id, updated_by) VALUES (5.000, 4, 24.45, null, 25.00, 2, 2022, 4, 8, null);
INSERT INTO public.forecast (amount, month, real_value, updated_time, value, version, year, place_id, rate_id, updated_by) VALUES (5.000, 5, 23.77, null, 25.00, 2, 2022, 4, 8, null);
INSERT INTO public.forecast (amount, month, real_value, updated_time, value, version, year, place_id, rate_id, updated_by) VALUES (5.000, 6, 23.88, null, 25.00, 2, 2022, 4, 8, null);
INSERT INTO public.forecast (amount, month, real_value, updated_time, value, version, year, place_id, rate_id, updated_by) VALUES (5.000, 7, 24.41, null, 25.00, 2, 2022, 4, 8, null);
INSERT INTO public.forecast (amount, month, real_value, updated_time, value, version, year, place_id, rate_id, updated_by) VALUES (5.000, 8, 24.00, null, 25.00, 2, 2022, 4, 8, null);
INSERT INTO public.forecast (amount, month, real_value, updated_time, value, version, year, place_id, rate_id, updated_by) VALUES (5.000, 9, 24.47, null, 25.00, 2, 2022, 4, 8, null);
INSERT INTO public.forecast (amount, month, real_value, updated_time, value, version, year, place_id, rate_id, updated_by) VALUES (5.000, 10, 25.75, null, 25.00, 2, 2022, 4, 8, null);
INSERT INTO public.forecast (amount, month, real_value, updated_time, value, version, year, place_id, rate_id, updated_by) VALUES (5.000, 11, 25.27, null, 25.00, 2, 2022, 4, 8, null);
INSERT INTO public.forecast (amount, month, real_value, updated_time, value, version, year, place_id, rate_id, updated_by) VALUES (2.000, 0, 10.45, null, 10.00, 2, 2022, 5, 8, null);
INSERT INTO public.forecast (amount, month, real_value, updated_time, value, version, year, place_id, rate_id, updated_by) VALUES (2.000, 1, 10.29, null, 10.00, 2, 2022, 5, 8, null);
INSERT INTO public.forecast (amount, month, real_value, updated_time, value, version, year, place_id, rate_id, updated_by) VALUES (2.000, 2, 9.75, null, 10.00, 2, 2022, 5, 8, null);
INSERT INTO public.forecast (amount, month, real_value, updated_time, value, version, year, place_id, rate_id, updated_by) VALUES (2.000, 3, 10.03, null, 10.00, 2, 2022, 5, 8, null);
INSERT INTO public.forecast (amount, month, real_value, updated_time, value, version, year, place_id, rate_id, updated_by) VALUES (2.000, 4, 9.78, null, 10.00, 2, 2022, 5, 8, null);
INSERT INTO public.forecast (amount, month, real_value, updated_time, value, version, year, place_id, rate_id, updated_by) VALUES (2.000, 5, 9.51, null, 10.00, 2, 2022, 5, 8, null);
INSERT INTO public.forecast (amount, month, real_value, updated_time, value, version, year, place_id, rate_id, updated_by) VALUES (2.000, 6, 9.55, null, 10.00, 2, 2022, 5, 8, null);
INSERT INTO public.forecast (amount, month, real_value, updated_time, value, version, year, place_id, rate_id, updated_by) VALUES (2.000, 7, 9.77, null, 10.00, 2, 2022, 5, 8, null);
INSERT INTO public.forecast (amount, month, real_value, updated_time, value, version, year, place_id, rate_id, updated_by) VALUES (2.000, 8, 9.60, null, 10.00, 2, 2022, 5, 8, null);
INSERT INTO public.forecast (amount, month, real_value, updated_time, value, version, year, place_id, rate_id, updated_by) VALUES (2.000, 9, 9.79, null, 10.00, 2, 2022, 5, 8, null);
INSERT INTO public.forecast (amount, month, real_value, updated_time, value, version, year, place_id, rate_id, updated_by) VALUES (2.000, 10, 10.30, null, 10.00, 2, 2022, 5, 8, null);
INSERT INTO public.forecast (amount, month, real_value, updated_time, value, version, year, place_id, rate_id, updated_by) VALUES (2.000, 11, 10.11, null, 10.00, 2, 2022, 5, 8, null);
INSERT INTO public.forecast (amount, month, real_value, updated_time, value, version, year, place_id, rate_id, updated_by) VALUES (3.000, 0, 15.68, null, 15.00, 2, 2022, 6, 8, null);
INSERT INTO public.forecast (amount, month, real_value, updated_time, value, version, year, place_id, rate_id, updated_by) VALUES (3.000, 1, 15.44, null, 15.00, 2, 2022, 6, 8, null);
INSERT INTO public.forecast (amount, month, real_value, updated_time, value, version, year, place_id, rate_id, updated_by) VALUES (3.000, 2, 14.62, null, 15.00, 2, 2022, 6, 8, null);
INSERT INTO public.forecast (amount, month, real_value, updated_time, value, version, year, place_id, rate_id, updated_by) VALUES (3.000, 3, 15.04, null, 15.00, 2, 2022, 6, 8, null);
INSERT INTO public.forecast (amount, month, real_value, updated_time, value, version, year, place_id, rate_id, updated_by) VALUES (3.000, 4, 14.67, null, 15.00, 2, 2022, 6, 8, null);
INSERT INTO public.forecast (amount, month, real_value, updated_time, value, version, year, place_id, rate_id, updated_by) VALUES (3.000, 5, 14.26, null, 15.00, 2, 2022, 6, 8, null);
INSERT INTO public.forecast (amount, month, real_value, updated_time, value, version, year, place_id, rate_id, updated_by) VALUES (3.000, 6, 14.33, null, 15.00, 2, 2022, 6, 8, null);
INSERT INTO public.forecast (amount, month, real_value, updated_time, value, version, year, place_id, rate_id, updated_by) VALUES (3.000, 7, 14.65, null, 15.00, 2, 2022, 6, 8, null);
INSERT INTO public.forecast (amount, month, real_value, updated_time, value, version, year, place_id, rate_id, updated_by) VALUES (3.000, 8, 14.40, null, 15.00, 2, 2022, 6, 8, null);
INSERT INTO public.forecast (amount, month, real_value, updated_time, value, version, year, place_id, rate_id, updated_by) VALUES (3.000, 9, 14.68, null, 15.00, 2, 2022, 6, 8, null);
INSERT INTO public.forecast (amount, month, real_value, updated_time, value, version, year, place_id, rate_id, updated_by) VALUES (3.000, 10, 15.45, null, 15.00, 2, 2022, 6, 8, null);
INSERT INTO public.forecast (amount, month, real_value, updated_time, value, version, year, place_id, rate_id, updated_by) VALUES (3.000, 11, 15.16, null, 15.00, 2, 2022, 6, 8, null);
INSERT INTO public.forecast (amount, month, real_value, updated_time, value, version, year, place_id, rate_id, updated_by) VALUES (5.000, 6, null, null, 25.00, 1, 2023, 4, 8, null);
INSERT INTO public.forecast (amount, month, real_value, updated_time, value, version, year, place_id, rate_id, updated_by) VALUES (5.000, 7, null, null, 25.00, 1, 2023, 4, 8, null);
INSERT INTO public.forecast (amount, month, real_value, updated_time, value, version, year, place_id, rate_id, updated_by) VALUES (5.000, 8, null, null, 25.00, 1, 2023, 4, 8, null);
INSERT INTO public.forecast (amount, month, real_value, updated_time, value, version, year, place_id, rate_id, updated_by) VALUES (5.000, 9, null, null, 25.00, 1, 2023, 4, 8, null);
INSERT INTO public.forecast (amount, month, real_value, updated_time, value, version, year, place_id, rate_id, updated_by) VALUES (5.000, 10, null, null, 25.00, 1, 2023, 4, 8, null);
INSERT INTO public.forecast (amount, month, real_value, updated_time, value, version, year, place_id, rate_id, updated_by) VALUES (5.000, 11, null, null, 25.00, 1, 2023, 4, 8, null);
INSERT INTO public.forecast (amount, month, real_value, updated_time, value, version, year, place_id, rate_id, updated_by) VALUES (2.000, 6, null, null, 10.00, 1, 2023, 5, 8, null);
INSERT INTO public.forecast (amount, month, real_value, updated_time, value, version, year, place_id, rate_id, updated_by) VALUES (2.000, 7, null, null, 10.00, 1, 2023, 5, 8, null);
INSERT INTO public.forecast (amount, month, real_value, updated_time, value, version, year, place_id, rate_id, updated_by) VALUES (2.000, 8, null, null, 10.00, 1, 2023, 5, 8, null);
INSERT INTO public.forecast (amount, month, real_value, updated_time, value, version, year, place_id, rate_id, updated_by) VALUES (2.000, 9, null, null, 10.00, 1, 2023, 5, 8, null);
INSERT INTO public.forecast (amount, month, real_value, updated_time, value, version, year, place_id, rate_id, updated_by) VALUES (2.000, 10, null, null, 10.00, 1, 2023, 5, 8, null);
INSERT INTO public.forecast (amount, month, real_value, updated_time, value, version, year, place_id, rate_id, updated_by) VALUES (2.000, 11, null, null, 10.00, 1, 2023, 5, 8, null);
INSERT INTO public.forecast (amount, month, real_value, updated_time, value, version, year, place_id, rate_id, updated_by) VALUES (3.000, 6, null, null, 15.00, 1, 2023, 6, 8, null);
INSERT INTO public.forecast (amount, month, real_value, updated_time, value, version, year, place_id, rate_id, updated_by) VALUES (3.000, 7, null, null, 15.00, 1, 2023, 6, 8, null);
INSERT INTO public.forecast (amount, month, real_value, updated_time, value, version, year, place_id, rate_id, updated_by) VALUES (3.000, 8, null, null, 15.00, 1, 2023, 6, 8, null);
INSERT INTO public.forecast (amount, month, real_value, updated_time, value, version, year, place_id, rate_id, updated_by) VALUES (3.000, 9, null, null, 15.00, 1, 2023, 6, 8, null);
INSERT INTO public.forecast (amount, month, real_value, updated_time, value, version, year, place_id, rate_id, updated_by) VALUES (3.000, 10, null, null, 15.00, 1, 2023, 6, 8, null);
INSERT INTO public.forecast (amount, month, real_value, updated_time, value, version, year, place_id, rate_id, updated_by) VALUES (3.000, 11, null, null, 15.00, 1, 2023, 6, 8, null);
INSERT INTO public.forecast (amount, month, real_value, updated_time, value, version, year, place_id, rate_id, updated_by) VALUES (5.000, 0, 24.70, null, 25.00, 2, 2023, 4, 8, null);
INSERT INTO public.forecast (amount, month, real_value, updated_time, value, version, year, place_id, rate_id, updated_by) VALUES (2.000, 0, 9.88, null, 10.00, 2, 2023, 5, 8, null);
INSERT INTO public.forecast (amount, month, real_value, updated_time, value, version, year, place_id, rate_id, updated_by) VALUES (3.000, 0, 14.82, null, 15.00, 2, 2023, 6, 8, null);
INSERT INTO public.forecast (amount, month, real_value, updated_time, value, version, year, place_id, rate_id, updated_by) VALUES (5.000, 1, 24.59, null, 25.00, 2, 2023, 4, 8, null);
INSERT INTO public.forecast (amount, month, real_value, updated_time, value, version, year, place_id, rate_id, updated_by) VALUES (2.000, 1, 9.84, null, 10.00, 2, 2023, 5, 8, null);
INSERT INTO public.forecast (amount, month, real_value, updated_time, value, version, year, place_id, rate_id, updated_by) VALUES (3.000, 1, 14.76, null, 15.00, 2, 2023, 6, 8, null);
INSERT INTO public.forecast (amount, month, real_value, updated_time, value, version, year, place_id, rate_id, updated_by) VALUES (5.000, 2, 24.27, null, 25.00, 2, 2023, 4, 8, null);
INSERT INTO public.forecast (amount, month, real_value, updated_time, value, version, year, place_id, rate_id, updated_by) VALUES (2.000, 2, 9.71, null, 10.00, 2, 2023, 5, 8, null);
INSERT INTO public.forecast (amount, month, real_value, updated_time, value, version, year, place_id, rate_id, updated_by) VALUES (3.000, 2, 14.56, null, 15.00, 2, 2023, 6, 8, null);
INSERT INTO public.forecast (amount, month, real_value, updated_time, value, version, year, place_id, rate_id, updated_by) VALUES (5.000, 3, 25.54, null, 25.00, 2, 2023, 4, 8, null);
INSERT INTO public.forecast (amount, month, real_value, updated_time, value, version, year, place_id, rate_id, updated_by) VALUES (2.000, 3, 10.22, null, 10.00, 2, 2023, 5, 8, null);
INSERT INTO public.forecast (amount, month, real_value, updated_time, value, version, year, place_id, rate_id, updated_by) VALUES (3.000, 3, 15.33, null, 15.00, 2, 2023, 6, 8, null);
INSERT INTO public.forecast (amount, month, real_value, updated_time, value, version, year, place_id, rate_id, updated_by) VALUES (5.000, 4, 25.63, null, 25.00, 2, 2023, 4, 8, null);
INSERT INTO public.forecast (amount, month, real_value, updated_time, value, version, year, place_id, rate_id, updated_by) VALUES (2.000, 4, 10.25, null, 10.00, 2, 2023, 5, 8, null);
INSERT INTO public.forecast (amount, month, real_value, updated_time, value, version, year, place_id, rate_id, updated_by) VALUES (3.000, 4, 15.38, null, 15.00, 2, 2023, 6, 8, null);
INSERT INTO public.forecast (amount, month, real_value, updated_time, value, version, year, place_id, rate_id, updated_by) VALUES (5.000, 5, 26.06, null, 25.00, 2, 2023, 4, 8, null);
INSERT INTO public.forecast (amount, month, real_value, updated_time, value, version, year, place_id, rate_id, updated_by) VALUES (2.000, 5, 10.42, null, 10.00, 2, 2023, 5, 8, null);
INSERT INTO public.forecast (amount, month, real_value, updated_time, value, version, year, place_id, rate_id, updated_by) VALUES (3.000, 5, 15.64, null, 15.00, 2, 2023, 6, 8, null);
INSERT INTO public.forecast (amount, month, real_value, updated_time, value, version, year, place_id, rate_id, updated_by) VALUES (1.000, 0, 8.93, null, 9.00, 2, 2022, 3, 9, null);
INSERT INTO public.forecast (amount, month, real_value, updated_time, value, version, year, place_id, rate_id, updated_by) VALUES (1.000, 1, 9.19, null, 9.00, 2, 2022, 3, 9, null);
INSERT INTO public.forecast (amount, month, real_value, updated_time, value, version, year, place_id, rate_id, updated_by) VALUES (1.000, 2, 8.68, null, 9.00, 2, 2022, 3, 9, null);
INSERT INTO public.forecast (amount, month, real_value, updated_time, value, version, year, place_id, rate_id, updated_by) VALUES (1.000, 3, 8.84, null, 9.00, 2, 2022, 3, 9, null);
INSERT INTO public.forecast (amount, month, real_value, updated_time, value, version, year, place_id, rate_id, updated_by) VALUES (1.000, 4, 9.10, null, 9.00, 2, 2022, 3, 9, null);
INSERT INTO public.forecast (amount, month, real_value, updated_time, value, version, year, place_id, rate_id, updated_by) VALUES (1.000, 5, 8.92, null, 9.00, 2, 2022, 3, 9, null);
INSERT INTO public.forecast (amount, month, real_value, updated_time, value, version, year, place_id, rate_id, updated_by) VALUES (1.000, 6, 9.20, null, 9.00, 2, 2022, 3, 9, null);
INSERT INTO public.forecast (amount, month, real_value, updated_time, value, version, year, place_id, rate_id, updated_by) VALUES (1.000, 7, 9.02, null, 9.00, 2, 2022, 3, 9, null);
INSERT INTO public.forecast (amount, month, real_value, updated_time, value, version, year, place_id, rate_id, updated_by) VALUES (1.000, 8, 9.33, null, 9.00, 2, 2022, 3, 9, null);
INSERT INTO public.forecast (amount, month, real_value, updated_time, value, version, year, place_id, rate_id, updated_by) VALUES (1.000, 9, 8.99, null, 9.00, 2, 2022, 3, 9, null);
INSERT INTO public.forecast (amount, month, real_value, updated_time, value, version, year, place_id, rate_id, updated_by) VALUES (1.000, 10, 9.24, null, 9.00, 2, 2022, 3, 9, null);
INSERT INTO public.forecast (amount, month, real_value, updated_time, value, version, year, place_id, rate_id, updated_by) VALUES (1.000, 11, 8.96, null, 9.00, 2, 2022, 3, 9, null);
INSERT INTO public.forecast (amount, month, real_value, updated_time, value, version, year, place_id, rate_id, updated_by) VALUES (1.000, 0, 8.93, null, 9.00, 2, 2022, 4, 9, null);
INSERT INTO public.forecast (amount, month, real_value, updated_time, value, version, year, place_id, rate_id, updated_by) VALUES (1.000, 1, 9.19, null, 9.00, 2, 2022, 4, 9, null);
INSERT INTO public.forecast (amount, month, real_value, updated_time, value, version, year, place_id, rate_id, updated_by) VALUES (1.000, 2, 8.68, null, 9.00, 2, 2022, 4, 9, null);
INSERT INTO public.forecast (amount, month, real_value, updated_time, value, version, year, place_id, rate_id, updated_by) VALUES (1.000, 3, 8.84, null, 9.00, 2, 2022, 4, 9, null);
INSERT INTO public.forecast (amount, month, real_value, updated_time, value, version, year, place_id, rate_id, updated_by) VALUES (1.000, 4, 9.10, null, 9.00, 2, 2022, 4, 9, null);
INSERT INTO public.forecast (amount, month, real_value, updated_time, value, version, year, place_id, rate_id, updated_by) VALUES (1.000, 5, 8.92, null, 9.00, 2, 2022, 4, 9, null);
INSERT INTO public.forecast (amount, month, real_value, updated_time, value, version, year, place_id, rate_id, updated_by) VALUES (1.000, 6, 9.20, null, 9.00, 2, 2022, 4, 9, null);
INSERT INTO public.forecast (amount, month, real_value, updated_time, value, version, year, place_id, rate_id, updated_by) VALUES (1.000, 7, 9.02, null, 9.00, 2, 2022, 4, 9, null);
INSERT INTO public.forecast (amount, month, real_value, updated_time, value, version, year, place_id, rate_id, updated_by) VALUES (1.000, 8, 9.33, null, 9.00, 2, 2022, 4, 9, null);
INSERT INTO public.forecast (amount, month, real_value, updated_time, value, version, year, place_id, rate_id, updated_by) VALUES (1.000, 9, 8.99, null, 9.00, 2, 2022, 4, 9, null);
INSERT INTO public.forecast (amount, month, real_value, updated_time, value, version, year, place_id, rate_id, updated_by) VALUES (1.000, 10, 9.24, null, 9.00, 2, 2022, 4, 9, null);
INSERT INTO public.forecast (amount, month, real_value, updated_time, value, version, year, place_id, rate_id, updated_by) VALUES (1.000, 11, 8.96, null, 9.00, 2, 2022, 4, 9, null);
INSERT INTO public.forecast (amount, month, real_value, updated_time, value, version, year, place_id, rate_id, updated_by) VALUES (1.000, 0, 8.93, null, 9.00, 2, 2022, 6, 9, null);
INSERT INTO public.forecast (amount, month, real_value, updated_time, value, version, year, place_id, rate_id, updated_by) VALUES (1.000, 1, 9.19, null, 9.00, 2, 2022, 6, 9, null);
INSERT INTO public.forecast (amount, month, real_value, updated_time, value, version, year, place_id, rate_id, updated_by) VALUES (1.000, 2, 8.68, null, 9.00, 2, 2022, 6, 9, null);
INSERT INTO public.forecast (amount, month, real_value, updated_time, value, version, year, place_id, rate_id, updated_by) VALUES (1.000, 3, 8.84, null, 9.00, 2, 2022, 6, 9, null);
INSERT INTO public.forecast (amount, month, real_value, updated_time, value, version, year, place_id, rate_id, updated_by) VALUES (1.000, 4, 9.10, null, 9.00, 2, 2022, 6, 9, null);
INSERT INTO public.forecast (amount, month, real_value, updated_time, value, version, year, place_id, rate_id, updated_by) VALUES (1.000, 5, 8.92, null, 9.00, 2, 2022, 6, 9, null);
INSERT INTO public.forecast (amount, month, real_value, updated_time, value, version, year, place_id, rate_id, updated_by) VALUES (1.000, 6, 9.20, null, 9.00, 2, 2022, 6, 9, null);
INSERT INTO public.forecast (amount, month, real_value, updated_time, value, version, year, place_id, rate_id, updated_by) VALUES (1.000, 7, 9.02, null, 9.00, 2, 2022, 6, 9, null);
INSERT INTO public.forecast (amount, month, real_value, updated_time, value, version, year, place_id, rate_id, updated_by) VALUES (1.000, 8, 9.33, null, 9.00, 2, 2022, 6, 9, null);
INSERT INTO public.forecast (amount, month, real_value, updated_time, value, version, year, place_id, rate_id, updated_by) VALUES (1.000, 9, 8.99, null, 9.00, 2, 2022, 6, 9, null);
INSERT INTO public.forecast (amount, month, real_value, updated_time, value, version, year, place_id, rate_id, updated_by) VALUES (1.000, 10, 9.24, null, 9.00, 2, 2022, 6, 9, null);
INSERT INTO public.forecast (amount, month, real_value, updated_time, value, version, year, place_id, rate_id, updated_by) VALUES (1.000, 11, 8.96, null, 9.00, 2, 2022, 6, 9, null);
INSERT INTO public.forecast (amount, month, real_value, updated_time, value, version, year, place_id, rate_id, updated_by) VALUES (1.000, 6, null, null, 9.00, 1, 2023, 3, 9, null);
INSERT INTO public.forecast (amount, month, real_value, updated_time, value, version, year, place_id, rate_id, updated_by) VALUES (1.000, 7, null, null, 9.00, 1, 2023, 3, 9, null);
INSERT INTO public.forecast (amount, month, real_value, updated_time, value, version, year, place_id, rate_id, updated_by) VALUES (1.000, 8, null, null, 9.00, 1, 2023, 3, 9, null);
INSERT INTO public.forecast (amount, month, real_value, updated_time, value, version, year, place_id, rate_id, updated_by) VALUES (1.000, 9, null, null, 9.00, 1, 2023, 3, 9, null);
INSERT INTO public.forecast (amount, month, real_value, updated_time, value, version, year, place_id, rate_id, updated_by) VALUES (1.000, 10, null, null, 9.00, 1, 2023, 3, 9, null);
INSERT INTO public.forecast (amount, month, real_value, updated_time, value, version, year, place_id, rate_id, updated_by) VALUES (1.000, 11, null, null, 9.00, 1, 2023, 3, 9, null);
INSERT INTO public.forecast (amount, month, real_value, updated_time, value, version, year, place_id, rate_id, updated_by) VALUES (1.000, 6, null, null, 9.00, 1, 2023, 4, 9, null);
INSERT INTO public.forecast (amount, month, real_value, updated_time, value, version, year, place_id, rate_id, updated_by) VALUES (1.000, 7, null, null, 9.00, 1, 2023, 4, 9, null);
INSERT INTO public.forecast (amount, month, real_value, updated_time, value, version, year, place_id, rate_id, updated_by) VALUES (1.000, 8, null, null, 9.00, 1, 2023, 4, 9, null);
INSERT INTO public.forecast (amount, month, real_value, updated_time, value, version, year, place_id, rate_id, updated_by) VALUES (1.000, 9, null, null, 9.00, 1, 2023, 4, 9, null);
INSERT INTO public.forecast (amount, month, real_value, updated_time, value, version, year, place_id, rate_id, updated_by) VALUES (1.000, 10, null, null, 9.00, 1, 2023, 4, 9, null);
INSERT INTO public.forecast (amount, month, real_value, updated_time, value, version, year, place_id, rate_id, updated_by) VALUES (1.000, 11, null, null, 9.00, 1, 2023, 4, 9, null);
INSERT INTO public.forecast (amount, month, real_value, updated_time, value, version, year, place_id, rate_id, updated_by) VALUES (1.000, 6, null, null, 9.00, 1, 2023, 6, 9, null);
INSERT INTO public.forecast (amount, month, real_value, updated_time, value, version, year, place_id, rate_id, updated_by) VALUES (1.000, 7, null, null, 9.00, 1, 2023, 6, 9, null);
INSERT INTO public.forecast (amount, month, real_value, updated_time, value, version, year, place_id, rate_id, updated_by) VALUES (1.000, 8, null, null, 9.00, 1, 2023, 6, 9, null);
INSERT INTO public.forecast (amount, month, real_value, updated_time, value, version, year, place_id, rate_id, updated_by) VALUES (1.000, 9, null, null, 9.00, 1, 2023, 6, 9, null);
INSERT INTO public.forecast (amount, month, real_value, updated_time, value, version, year, place_id, rate_id, updated_by) VALUES (1.000, 10, null, null, 9.00, 1, 2023, 6, 9, null);
INSERT INTO public.forecast (amount, month, real_value, updated_time, value, version, year, place_id, rate_id, updated_by) VALUES (1.000, 11, null, null, 9.00, 1, 2023, 6, 9, null);
INSERT INTO public.forecast (amount, month, real_value, updated_time, value, version, year, place_id, rate_id, updated_by) VALUES (1.000, 0, 8.82, null, 9.00, 2, 2023, 3, 9, null);
INSERT INTO public.forecast (amount, month, real_value, updated_time, value, version, year, place_id, rate_id, updated_by) VALUES (1.000, 0, 8.82, null, 9.00, 2, 2023, 4, 9, null);
INSERT INTO public.forecast (amount, month, real_value, updated_time, value, version, year, place_id, rate_id, updated_by) VALUES (1.000, 0, 8.82, null, 9.00, 2, 2023, 6, 9, null);
INSERT INTO public.forecast (amount, month, real_value, updated_time, value, version, year, place_id, rate_id, updated_by) VALUES (1.000, 1, 9.35, null, 9.00, 2, 2023, 3, 9, null);
INSERT INTO public.forecast (amount, month, real_value, updated_time, value, version, year, place_id, rate_id, updated_by) VALUES (1.000, 1, 9.35, null, 9.00, 2, 2023, 4, 9, null);
INSERT INTO public.forecast (amount, month, real_value, updated_time, value, version, year, place_id, rate_id, updated_by) VALUES (1.000, 1, 9.35, null, 9.00, 2, 2023, 6, 9, null);
INSERT INTO public.forecast (amount, month, real_value, updated_time, value, version, year, place_id, rate_id, updated_by) VALUES (1.000, 2, 8.71, null, 9.00, 2, 2023, 3, 9, null);
INSERT INTO public.forecast (amount, month, real_value, updated_time, value, version, year, place_id, rate_id, updated_by) VALUES (1.000, 2, 8.71, null, 9.00, 2, 2023, 4, 9, null);
INSERT INTO public.forecast (amount, month, real_value, updated_time, value, version, year, place_id, rate_id, updated_by) VALUES (1.000, 2, 8.71, null, 9.00, 2, 2023, 6, 9, null);
INSERT INTO public.forecast (amount, month, real_value, updated_time, value, version, year, place_id, rate_id, updated_by) VALUES (1.000, 3, 9.08, null, 9.00, 2, 2023, 3, 9, null);
INSERT INTO public.forecast (amount, month, real_value, updated_time, value, version, year, place_id, rate_id, updated_by) VALUES (1.000, 3, 9.08, null, 9.00, 2, 2023, 4, 9, null);
INSERT INTO public.forecast (amount, month, real_value, updated_time, value, version, year, place_id, rate_id, updated_by) VALUES (1.000, 3, 9.08, null, 9.00, 2, 2023, 6, 9, null);
INSERT INTO public.forecast (amount, month, real_value, updated_time, value, version, year, place_id, rate_id, updated_by) VALUES (1.000, 4, 9.04, null, 9.00, 2, 2023, 3, 9, null);
INSERT INTO public.forecast (amount, month, real_value, updated_time, value, version, year, place_id, rate_id, updated_by) VALUES (1.000, 4, 9.04, null, 9.00, 2, 2023, 4, 9, null);
INSERT INTO public.forecast (amount, month, real_value, updated_time, value, version, year, place_id, rate_id, updated_by) VALUES (1.000, 4, 9.04, null, 9.00, 2, 2023, 6, 9, null);
INSERT INTO public.forecast (amount, month, real_value, updated_time, value, version, year, place_id, rate_id, updated_by) VALUES (1.000, 5, 8.57, null, 9.00, 2, 2023, 3, 9, null);
INSERT INTO public.forecast (amount, month, real_value, updated_time, value, version, year, place_id, rate_id, updated_by) VALUES (1.000, 5, 8.57, null, 9.00, 2, 2023, 4, 9, null);
INSERT INTO public.forecast (amount, month, real_value, updated_time, value, version, year, place_id, rate_id, updated_by) VALUES (1.000, 5, 8.57, null, 9.00, 2, 2023, 6, 9, null);
INSERT INTO public.forecast (amount, month, real_value, updated_time, value, version, year, place_id, rate_id, updated_by) VALUES (1.000, 0, 239.22, null, 250.00, 2, 2022, 1, 10, null);
INSERT INTO public.forecast (amount, month, real_value, updated_time, value, version, year, place_id, rate_id, updated_by) VALUES (1.000, 1, 246.26, null, 250.00, 2, 2022, 1, 10, null);
INSERT INTO public.forecast (amount, month, real_value, updated_time, value, version, year, place_id, rate_id, updated_by) VALUES (1.000, 2, 258.81, null, 250.00, 2, 2022, 1, 10, null);
INSERT INTO public.forecast (amount, month, real_value, updated_time, value, version, year, place_id, rate_id, updated_by) VALUES (1.000, 3, 246.77, null, 250.00, 2, 2022, 1, 10, null);
INSERT INTO public.forecast (amount, month, real_value, updated_time, value, version, year, place_id, rate_id, updated_by) VALUES (1.000, 4, 262.82, null, 250.00, 2, 2022, 1, 10, null);
INSERT INTO public.forecast (amount, month, real_value, updated_time, value, version, year, place_id, rate_id, updated_by) VALUES (1.000, 5, 254.04, null, 250.00, 2, 2022, 1, 10, null);
INSERT INTO public.forecast (amount, month, real_value, updated_time, value, version, year, place_id, rate_id, updated_by) VALUES (1.000, 6, 259.90, null, 250.00, 2, 2022, 1, 10, null);
INSERT INTO public.forecast (amount, month, real_value, updated_time, value, version, year, place_id, rate_id, updated_by) VALUES (1.000, 7, 260.36, null, 250.00, 2, 2022, 1, 10, null);
INSERT INTO public.forecast (amount, month, real_value, updated_time, value, version, year, place_id, rate_id, updated_by) VALUES (1.000, 8, 245.70, null, 250.00, 2, 2022, 1, 10, null);
INSERT INTO public.forecast (amount, month, real_value, updated_time, value, version, year, place_id, rate_id, updated_by) VALUES (1.000, 9, 241.01, null, 250.00, 2, 2022, 1, 10, null);
INSERT INTO public.forecast (amount, month, real_value, updated_time, value, version, year, place_id, rate_id, updated_by) VALUES (1.000, 10, 250.95, null, 250.00, 2, 2022, 1, 10, null);
INSERT INTO public.forecast (amount, month, real_value, updated_time, value, version, year, place_id, rate_id, updated_by) VALUES (1.000, 11, 255.64, null, 250.00, 2, 2022, 1, 10, null);
INSERT INTO public.forecast (amount, month, real_value, updated_time, value, version, year, place_id, rate_id, updated_by) VALUES (1.000, 0, 239.22, null, 250.00, 2, 2022, 2, 10, null);
INSERT INTO public.forecast (amount, month, real_value, updated_time, value, version, year, place_id, rate_id, updated_by) VALUES (1.000, 1, 246.26, null, 250.00, 2, 2022, 2, 10, null);
INSERT INTO public.forecast (amount, month, real_value, updated_time, value, version, year, place_id, rate_id, updated_by) VALUES (1.000, 2, 258.81, null, 250.00, 2, 2022, 2, 10, null);
INSERT INTO public.forecast (amount, month, real_value, updated_time, value, version, year, place_id, rate_id, updated_by) VALUES (1.000, 3, 246.77, null, 250.00, 2, 2022, 2, 10, null);
INSERT INTO public.forecast (amount, month, real_value, updated_time, value, version, year, place_id, rate_id, updated_by) VALUES (1.000, 4, 262.82, null, 250.00, 2, 2022, 2, 10, null);
INSERT INTO public.forecast (amount, month, real_value, updated_time, value, version, year, place_id, rate_id, updated_by) VALUES (1.000, 5, 254.04, null, 250.00, 2, 2022, 2, 10, null);
INSERT INTO public.forecast (amount, month, real_value, updated_time, value, version, year, place_id, rate_id, updated_by) VALUES (1.000, 6, 259.90, null, 250.00, 2, 2022, 2, 10, null);
INSERT INTO public.forecast (amount, month, real_value, updated_time, value, version, year, place_id, rate_id, updated_by) VALUES (1.000, 7, 260.36, null, 250.00, 2, 2022, 2, 10, null);
INSERT INTO public.forecast (amount, month, real_value, updated_time, value, version, year, place_id, rate_id, updated_by) VALUES (1.000, 8, 245.70, null, 250.00, 2, 2022, 2, 10, null);
INSERT INTO public.forecast (amount, month, real_value, updated_time, value, version, year, place_id, rate_id, updated_by) VALUES (1.000, 9, 241.01, null, 250.00, 2, 2022, 2, 10, null);
INSERT INTO public.forecast (amount, month, real_value, updated_time, value, version, year, place_id, rate_id, updated_by) VALUES (1.000, 10, 250.95, null, 250.00, 2, 2022, 2, 10, null);
INSERT INTO public.forecast (amount, month, real_value, updated_time, value, version, year, place_id, rate_id, updated_by) VALUES (1.000, 11, 255.64, null, 250.00, 2, 2022, 2, 10, null);
INSERT INTO public.forecast (amount, month, real_value, updated_time, value, version, year, place_id, rate_id, updated_by) VALUES (1.000, 0, 239.22, null, 250.00, 2, 2022, 5, 10, null);
INSERT INTO public.forecast (amount, month, real_value, updated_time, value, version, year, place_id, rate_id, updated_by) VALUES (1.000, 1, 246.26, null, 250.00, 2, 2022, 5, 10, null);
INSERT INTO public.forecast (amount, month, real_value, updated_time, value, version, year, place_id, rate_id, updated_by) VALUES (1.000, 2, 258.81, null, 250.00, 2, 2022, 5, 10, null);
INSERT INTO public.forecast (amount, month, real_value, updated_time, value, version, year, place_id, rate_id, updated_by) VALUES (1.000, 3, 246.77, null, 250.00, 2, 2022, 5, 10, null);
INSERT INTO public.forecast (amount, month, real_value, updated_time, value, version, year, place_id, rate_id, updated_by) VALUES (1.000, 4, 262.82, null, 250.00, 2, 2022, 5, 10, null);
INSERT INTO public.forecast (amount, month, real_value, updated_time, value, version, year, place_id, rate_id, updated_by) VALUES (1.000, 5, 254.04, null, 250.00, 2, 2022, 5, 10, null);
INSERT INTO public.forecast (amount, month, real_value, updated_time, value, version, year, place_id, rate_id, updated_by) VALUES (1.000, 6, 259.90, null, 250.00, 2, 2022, 5, 10, null);
INSERT INTO public.forecast (amount, month, real_value, updated_time, value, version, year, place_id, rate_id, updated_by) VALUES (1.000, 7, 260.36, null, 250.00, 2, 2022, 5, 10, null);
INSERT INTO public.forecast (amount, month, real_value, updated_time, value, version, year, place_id, rate_id, updated_by) VALUES (1.000, 8, 245.70, null, 250.00, 2, 2022, 5, 10, null);
INSERT INTO public.forecast (amount, month, real_value, updated_time, value, version, year, place_id, rate_id, updated_by) VALUES (1.000, 9, 241.01, null, 250.00, 2, 2022, 5, 10, null);
INSERT INTO public.forecast (amount, month, real_value, updated_time, value, version, year, place_id, rate_id, updated_by) VALUES (1.000, 10, 250.95, null, 250.00, 2, 2022, 5, 10, null);
INSERT INTO public.forecast (amount, month, real_value, updated_time, value, version, year, place_id, rate_id, updated_by) VALUES (1.000, 11, 255.64, null, 250.00, 2, 2022, 5, 10, null);
INSERT INTO public.forecast (amount, month, real_value, updated_time, value, version, year, place_id, rate_id, updated_by) VALUES (1.000, 6, null, null, 250.00, 1, 2023, 1, 10, null);
INSERT INTO public.forecast (amount, month, real_value, updated_time, value, version, year, place_id, rate_id, updated_by) VALUES (1.000, 7, null, null, 250.00, 1, 2023, 1, 10, null);
INSERT INTO public.forecast (amount, month, real_value, updated_time, value, version, year, place_id, rate_id, updated_by) VALUES (1.000, 8, null, null, 250.00, 1, 2023, 1, 10, null);
INSERT INTO public.forecast (amount, month, real_value, updated_time, value, version, year, place_id, rate_id, updated_by) VALUES (1.000, 9, null, null, 250.00, 1, 2023, 1, 10, null);
INSERT INTO public.forecast (amount, month, real_value, updated_time, value, version, year, place_id, rate_id, updated_by) VALUES (1.000, 10, null, null, 250.00, 1, 2023, 1, 10, null);
INSERT INTO public.forecast (amount, month, real_value, updated_time, value, version, year, place_id, rate_id, updated_by) VALUES (1.000, 11, null, null, 250.00, 1, 2023, 1, 10, null);
INSERT INTO public.forecast (amount, month, real_value, updated_time, value, version, year, place_id, rate_id, updated_by) VALUES (1.000, 6, null, null, 250.00, 1, 2023, 2, 10, null);
INSERT INTO public.forecast (amount, month, real_value, updated_time, value, version, year, place_id, rate_id, updated_by) VALUES (1.000, 7, null, null, 250.00, 1, 2023, 2, 10, null);
INSERT INTO public.forecast (amount, month, real_value, updated_time, value, version, year, place_id, rate_id, updated_by) VALUES (1.000, 8, null, null, 250.00, 1, 2023, 2, 10, null);
INSERT INTO public.forecast (amount, month, real_value, updated_time, value, version, year, place_id, rate_id, updated_by) VALUES (1.000, 9, null, null, 250.00, 1, 2023, 2, 10, null);
INSERT INTO public.forecast (amount, month, real_value, updated_time, value, version, year, place_id, rate_id, updated_by) VALUES (1.000, 10, null, null, 250.00, 1, 2023, 2, 10, null);
INSERT INTO public.forecast (amount, month, real_value, updated_time, value, version, year, place_id, rate_id, updated_by) VALUES (1.000, 11, null, null, 250.00, 1, 2023, 2, 10, null);
INSERT INTO public.forecast (amount, month, real_value, updated_time, value, version, year, place_id, rate_id, updated_by) VALUES (1.000, 6, null, null, 250.00, 1, 2023, 5, 10, null);
INSERT INTO public.forecast (amount, month, real_value, updated_time, value, version, year, place_id, rate_id, updated_by) VALUES (1.000, 7, null, null, 250.00, 1, 2023, 5, 10, null);
INSERT INTO public.forecast (amount, month, real_value, updated_time, value, version, year, place_id, rate_id, updated_by) VALUES (1.000, 8, null, null, 250.00, 1, 2023, 5, 10, null);
INSERT INTO public.forecast (amount, month, real_value, updated_time, value, version, year, place_id, rate_id, updated_by) VALUES (1.000, 9, null, null, 250.00, 1, 2023, 5, 10, null);
INSERT INTO public.forecast (amount, month, real_value, updated_time, value, version, year, place_id, rate_id, updated_by) VALUES (1.000, 10, null, null, 250.00, 1, 2023, 5, 10, null);
INSERT INTO public.forecast (amount, month, real_value, updated_time, value, version, year, place_id, rate_id, updated_by) VALUES (1.000, 11, null, null, 250.00, 1, 2023, 5, 10, null);
INSERT INTO public.forecast (amount, month, real_value, updated_time, value, version, year, place_id, rate_id, updated_by) VALUES (1.000, 0, 239.75, null, 250.00, 2, 2023, 1, 10, null);
INSERT INTO public.forecast (amount, month, real_value, updated_time, value, version, year, place_id, rate_id, updated_by) VALUES (1.000, 0, 239.75, null, 250.00, 2, 2023, 2, 10, null);
INSERT INTO public.forecast (amount, month, real_value, updated_time, value, version, year, place_id, rate_id, updated_by) VALUES (1.000, 0, 239.75, null, 250.00, 2, 2023, 5, 10, null);
INSERT INTO public.forecast (amount, month, real_value, updated_time, value, version, year, place_id, rate_id, updated_by) VALUES (1.000, 1, 262.33, null, 250.00, 2, 2023, 1, 10, null);
INSERT INTO public.forecast (amount, month, real_value, updated_time, value, version, year, place_id, rate_id, updated_by) VALUES (1.000, 1, 262.33, null, 250.00, 2, 2023, 2, 10, null);
INSERT INTO public.forecast (amount, month, real_value, updated_time, value, version, year, place_id, rate_id, updated_by) VALUES (1.000, 1, 262.33, null, 250.00, 2, 2023, 5, 10, null);
INSERT INTO public.forecast (amount, month, real_value, updated_time, value, version, year, place_id, rate_id, updated_by) VALUES (1.000, 2, 260.34, null, 250.00, 2, 2023, 1, 10, null);
INSERT INTO public.forecast (amount, month, real_value, updated_time, value, version, year, place_id, rate_id, updated_by) VALUES (1.000, 2, 260.34, null, 250.00, 2, 2023, 2, 10, null);
INSERT INTO public.forecast (amount, month, real_value, updated_time, value, version, year, place_id, rate_id, updated_by) VALUES (1.000, 2, 260.34, null, 250.00, 2, 2023, 5, 10, null);
INSERT INTO public.forecast (amount, month, real_value, updated_time, value, version, year, place_id, rate_id, updated_by) VALUES (1.000, 3, 241.37, null, 250.00, 2, 2023, 1, 10, null);
INSERT INTO public.forecast (amount, month, real_value, updated_time, value, version, year, place_id, rate_id, updated_by) VALUES (1.000, 3, 241.37, null, 250.00, 2, 2023, 2, 10, null);
INSERT INTO public.forecast (amount, month, real_value, updated_time, value, version, year, place_id, rate_id, updated_by) VALUES (1.000, 3, 241.37, null, 250.00, 2, 2023, 5, 10, null);
INSERT INTO public.forecast (amount, month, real_value, updated_time, value, version, year, place_id, rate_id, updated_by) VALUES (1.000, 4, 252.55, null, 250.00, 2, 2023, 1, 10, null);
INSERT INTO public.forecast (amount, month, real_value, updated_time, value, version, year, place_id, rate_id, updated_by) VALUES (1.000, 4, 252.55, null, 250.00, 2, 2023, 2, 10, null);
INSERT INTO public.forecast (amount, month, real_value, updated_time, value, version, year, place_id, rate_id, updated_by) VALUES (1.000, 4, 252.55, null, 250.00, 2, 2023, 5, 10, null);
INSERT INTO public.forecast (amount, month, real_value, updated_time, value, version, year, place_id, rate_id, updated_by) VALUES (1.000, 5, 259.68, null, 250.00, 2, 2023, 1, 10, null);
INSERT INTO public.forecast (amount, month, real_value, updated_time, value, version, year, place_id, rate_id, updated_by) VALUES (1.000, 5, 259.68, null, 250.00, 2, 2023, 2, 10, null);
INSERT INTO public.forecast (amount, month, real_value, updated_time, value, version, year, place_id, rate_id, updated_by) VALUES (1.000, 5, 259.68, null, 250.00, 2, 2023, 5, 10, null);
INSERT INTO public.forecast (amount, month, real_value, updated_time, value, version, year, place_id, rate_id, updated_by) VALUES (42.978, 6, null, '2023-06-11 13:48:31.699294', 300.85, 4, 2023, 1, 4, -4);
INSERT INTO public.forecast (amount, month, real_value, updated_time, value, version, year, place_id, rate_id, updated_by) VALUES (42.978, 7, null, '2023-06-11 13:48:31.706989', 300.85, 4, 2023, 1, 4, -4);
INSERT INTO public.forecast (amount, month, real_value, updated_time, value, version, year, place_id, rate_id, updated_by) VALUES (41.592, 8, null, '2023-06-11 13:48:31.713036', 291.14, 4, 2023, 1, 4, -4);
INSERT INTO public.forecast (amount, month, real_value, updated_time, value, version, year, place_id, rate_id, updated_by) VALUES (42.978, 9, null, '2023-06-11 13:48:31.719238', 300.85, 4, 2023, 1, 4, -4);
INSERT INTO public.forecast (amount, month, real_value, updated_time, value, version, year, place_id, rate_id, updated_by) VALUES (41.592, 10, null, '2023-06-11 13:48:31.724612', 291.14, 4, 2023, 1, 4, -4);
INSERT INTO public.forecast (amount, month, real_value, updated_time, value, version, year, place_id, rate_id, updated_by) VALUES (42.978, 11, null, '2023-06-11 13:48:31.730561', 300.85, 4, 2023, 1, 4, -4);
INSERT INTO public.forecast (amount, month, real_value, updated_time, value, version, year, place_id, rate_id, updated_by) VALUES (42.468, 7, null, '2023-06-11 13:48:49.603731', 169.87, 4, 2023, 1, 5, -4);
INSERT INTO public.forecast (amount, month, real_value, updated_time, value, version, year, place_id, rate_id, updated_by) VALUES (42.468, 11, null, '2023-06-11 13:48:49.609217', 169.87, 4, 2023, 1, 5, -4);
INSERT INTO public.forecast (amount, month, real_value, updated_time, value, version, year, place_id, rate_id, updated_by) VALUES (42.468, 6, null, '2023-06-11 13:48:49.615197', 169.87, 4, 2023, 1, 5, -4);
INSERT INTO public.forecast (amount, month, real_value, updated_time, value, version, year, place_id, rate_id, updated_by) VALUES (41.098, 8, null, '2023-06-11 13:48:49.621241', 164.39, 4, 2023, 1, 5, -4);
INSERT INTO public.forecast (amount, month, real_value, updated_time, value, version, year, place_id, rate_id, updated_by) VALUES (42.468, 9, null, '2023-06-11 13:48:49.627269', 169.87, 4, 2023, 1, 5, -4);
INSERT INTO public.forecast (amount, month, real_value, updated_time, value, version, year, place_id, rate_id, updated_by) VALUES (41.098, 10, null, '2023-06-11 13:48:49.633452', 164.39, 4, 2023, 1, 5, -4);
INSERT INTO public.forecast (amount, month, real_value, updated_time, value, version, year, place_id, rate_id, updated_by) VALUES (43.590, 6, null, '2023-06-11 13:51:17.666896', 305.13, 4, 2023, 2, 4, -4);
INSERT INTO public.forecast (amount, month, real_value, updated_time, value, version, year, place_id, rate_id, updated_by) VALUES (43.590, 7, null, '2023-06-11 13:51:17.672897', 305.13, 4, 2023, 2, 4, -4);
INSERT INTO public.forecast (amount, month, real_value, updated_time, value, version, year, place_id, rate_id, updated_by) VALUES (42.184, 8, null, '2023-06-11 13:51:17.678897', 295.29, 4, 2023, 2, 4, -4);
INSERT INTO public.forecast (amount, month, real_value, updated_time, value, version, year, place_id, rate_id, updated_by) VALUES (40.502, 9, null, '2023-06-11 13:51:36.005794', 162.01, 5, 2023, 2, 5, -4);
INSERT INTO public.forecast (amount, month, real_value, updated_time, value, version, year, place_id, rate_id, updated_by) VALUES (102.938, 10, null, '2023-06-11 13:52:15.971137', 411.75, 4, 2023, 3, 5, -4);
INSERT INTO public.forecast (amount, month, real_value, updated_time, value, version, year, place_id, rate_id, updated_by) VALUES (106.370, 11, null, '2023-06-11 13:52:15.977283', 425.48, 4, 2023, 3, 5, -4);
INSERT INTO public.forecast (amount, month, real_value, updated_time, value, version, year, place_id, rate_id, updated_by) VALUES (53.502, 7, null, '2023-06-11 13:52:38.619524', 214.01, 4, 2023, 4, 5, -4);
INSERT INTO public.forecast (amount, month, real_value, updated_time, value, version, year, place_id, rate_id, updated_by) VALUES (51.776, 8, null, '2023-06-11 13:52:38.625684', 207.10, 4, 2023, 4, 5, -4);
INSERT INTO public.forecast (amount, month, real_value, updated_time, value, version, year, place_id, rate_id, updated_by) VALUES (53.502, 9, null, '2023-06-11 13:52:38.631848', 214.01, 4, 2023, 4, 5, -4);
INSERT INTO public.forecast (amount, month, real_value, updated_time, value, version, year, place_id, rate_id, updated_by) VALUES (41.920, 9, null, '2023-06-11 13:53:27.118869', 293.44, 4, 2023, 6, 4, -4);
--endregion

--region cost
--Cost
INSERT INTO public.cost (month, real_rate, total_consumption, version, year, category_id) VALUES (0, 99.648, 6.000, 1, 2022, 1);
INSERT INTO public.cost (month, real_rate, total_consumption, version, year, category_id) VALUES (1, 103.683, 6.000, 1, 2022, 1);
INSERT INTO public.cost (month, real_rate, total_consumption, version, year, category_id) VALUES (2, 100.187, 6.000, 1, 2022, 1);
INSERT INTO public.cost (month, real_rate, total_consumption, version, year, category_id) VALUES (3, 104.822, 6.000, 1, 2022, 1);
INSERT INTO public.cost (month, real_rate, total_consumption, version, year, category_id) VALUES (4, 99.254, 6.000, 1, 2022, 1);
INSERT INTO public.cost (month, real_rate, total_consumption, version, year, category_id) VALUES (5, 103.932, 6.000, 1, 2022, 1);
INSERT INTO public.cost (month, real_rate, total_consumption, version, year, category_id) VALUES (6, 97.786, 6.000, 1, 2022, 1);
INSERT INTO public.cost (month, real_rate, total_consumption, version, year, category_id) VALUES (7, 98.745, 6.000, 1, 2022, 1);
INSERT INTO public.cost (month, real_rate, total_consumption, version, year, category_id) VALUES (8, 104.218, 6.000, 1, 2022, 1);
INSERT INTO public.cost (month, real_rate, total_consumption, version, year, category_id) VALUES (9, 104.356, 6.000, 1, 2022, 1);
INSERT INTO public.cost (month, real_rate, total_consumption, version, year, category_id) VALUES (10, 101.655, 6.000, 1, 2022, 1);
INSERT INTO public.cost (month, real_rate, total_consumption, version, year, category_id) VALUES (11, 99.236, 6.000, 1, 2022, 1);
INSERT INTO public.cost (month, real_rate, total_consumption, version, year, category_id) VALUES (0, 48.219, 6.000, 1, 2022, 2);
INSERT INTO public.cost (month, real_rate, total_consumption, version, year, category_id) VALUES (1, 48.903, 6.000, 1, 2022, 2);
INSERT INTO public.cost (month, real_rate, total_consumption, version, year, category_id) VALUES (2, 49.508, 6.000, 1, 2022, 2);
INSERT INTO public.cost (month, real_rate, total_consumption, version, year, category_id) VALUES (3, 47.724, 6.000, 1, 2022, 2);
INSERT INTO public.cost (month, real_rate, total_consumption, version, year, category_id) VALUES (4, 49.985, 6.000, 1, 2022, 2);
INSERT INTO public.cost (month, real_rate, total_consumption, version, year, category_id) VALUES (5, 48.011, 6.000, 1, 2022, 2);
INSERT INTO public.cost (month, real_rate, total_consumption, version, year, category_id) VALUES (6, 48.431, 6.000, 1, 2022, 2);
INSERT INTO public.cost (month, real_rate, total_consumption, version, year, category_id) VALUES (7, 50.834, 6.000, 1, 2022, 2);
INSERT INTO public.cost (month, real_rate, total_consumption, version, year, category_id) VALUES (8, 52.050, 6.000, 1, 2022, 2);
INSERT INTO public.cost (month, real_rate, total_consumption, version, year, category_id) VALUES (9, 48.233, 6.000, 1, 2022, 2);
INSERT INTO public.cost (month, real_rate, total_consumption, version, year, category_id) VALUES (10, 50.293, 6.000, 1, 2022, 2);
INSERT INTO public.cost (month, real_rate, total_consumption, version, year, category_id) VALUES (11, 48.052, 6.000, 1, 2022, 2);
INSERT INTO public.cost (month, real_rate, total_consumption, version, year, category_id) VALUES (0, 4.906, 408.000, 1, 2022, 3);
INSERT INTO public.cost (month, real_rate, total_consumption, version, year, category_id) VALUES (1, 4.837, 408.000, 1, 2022, 3);
INSERT INTO public.cost (month, real_rate, total_consumption, version, year, category_id) VALUES (2, 4.903, 408.000, 1, 2022, 3);
INSERT INTO public.cost (month, real_rate, total_consumption, version, year, category_id) VALUES (3, 4.804, 408.000, 1, 2022, 3);
INSERT INTO public.cost (month, real_rate, total_consumption, version, year, category_id) VALUES (4, 4.880, 408.000, 1, 2022, 3);
INSERT INTO public.cost (month, real_rate, total_consumption, version, year, category_id) VALUES (5, 4.766, 408.000, 1, 2022, 3);
INSERT INTO public.cost (month, real_rate, total_consumption, version, year, category_id) VALUES (6, 4.892, 408.000, 1, 2022, 3);
INSERT INTO public.cost (month, real_rate, total_consumption, version, year, category_id) VALUES (7, 4.963, 408.000, 1, 2022, 3);
INSERT INTO public.cost (month, real_rate, total_consumption, version, year, category_id) VALUES (8, 4.933, 408.000, 1, 2022, 3);
INSERT INTO public.cost (month, real_rate, total_consumption, version, year, category_id) VALUES (9, 4.898, 408.000, 1, 2022, 3);
INSERT INTO public.cost (month, real_rate, total_consumption, version, year, category_id) VALUES (10, 4.761, 408.000, 1, 2022, 3);
INSERT INTO public.cost (month, real_rate, total_consumption, version, year, category_id) VALUES (11, 5.107, 408.000, 1, 2022, 3);
INSERT INTO public.cost (month, real_rate, total_consumption, version, year, category_id) VALUES (0, 6.848, 75.346, 1, 2022, 4);
INSERT INTO public.cost (month, real_rate, total_consumption, version, year, category_id) VALUES (1, 7.336, 126.920, 1, 2022, 4);
INSERT INTO public.cost (month, real_rate, total_consumption, version, year, category_id) VALUES (2, 7.256, 217.188, 1, 2022, 4);
INSERT INTO public.cost (month, real_rate, total_consumption, version, year, category_id) VALUES (3, 7.081, 140.053, 1, 2022, 4);
INSERT INTO public.cost (month, real_rate, total_consumption, version, year, category_id) VALUES (4, 6.690, 137.843, 1, 2022, 4);
INSERT INTO public.cost (month, real_rate, total_consumption, version, year, category_id) VALUES (5, 6.798, 145.940, 1, 2022, 4);
INSERT INTO public.cost (month, real_rate, total_consumption, version, year, category_id) VALUES (6, 6.798, 153.353, 1, 2022, 4);
INSERT INTO public.cost (month, real_rate, total_consumption, version, year, category_id) VALUES (7, 7.098, 128.403, 1, 2022, 4);
INSERT INTO public.cost (month, real_rate, total_consumption, version, year, category_id) VALUES (8, 6.784, 121.258, 1, 2022, 4);
INSERT INTO public.cost (month, real_rate, total_consumption, version, year, category_id) VALUES (9, 6.910, 126.348, 1, 2022, 4);
INSERT INTO public.cost (month, real_rate, total_consumption, version, year, category_id) VALUES (10, 6.692, 108.722, 1, 2022, 4);
INSERT INTO public.cost (month, real_rate, total_consumption, version, year, category_id) VALUES (11, 7.150, 116.136, 1, 2022, 4);
INSERT INTO public.cost (month, real_rate, total_consumption, version, year, category_id) VALUES (0, 4.165, 115.531, 1, 2022, 5);
INSERT INTO public.cost (month, real_rate, total_consumption, version, year, category_id) VALUES (1, 3.831, 214.542, 1, 2022, 5);
INSERT INTO public.cost (month, real_rate, total_consumption, version, year, category_id) VALUES (2, 4.081, 310.548, 1, 2022, 5);
INSERT INTO public.cost (month, real_rate, total_consumption, version, year, category_id) VALUES (3, 3.869, 168.365, 1, 2022, 5);
INSERT INTO public.cost (month, real_rate, total_consumption, version, year, category_id) VALUES (4, 3.852, 197.731, 1, 2022, 5);
INSERT INTO public.cost (month, real_rate, total_consumption, version, year, category_id) VALUES (5, 4.149, 196.285, 1, 2022, 5);
INSERT INTO public.cost (month, real_rate, total_consumption, version, year, category_id) VALUES (6, 4.107, 182.784, 1, 2022, 5);
INSERT INTO public.cost (month, real_rate, total_consumption, version, year, category_id) VALUES (7, 3.961, 190.385, 1, 2022, 5);
INSERT INTO public.cost (month, real_rate, total_consumption, version, year, category_id) VALUES (8, 3.991, 230.152, 1, 2022, 5);
INSERT INTO public.cost (month, real_rate, total_consumption, version, year, category_id) VALUES (9, 4.067, 235.964, 1, 2022, 5);
INSERT INTO public.cost (month, real_rate, total_consumption, version, year, category_id) VALUES (10, 3.861, 205.502, 1, 2022, 5);
INSERT INTO public.cost (month, real_rate, total_consumption, version, year, category_id) VALUES (11, 3.960, 203.486, 1, 2022, 5);
INSERT INTO public.cost (month, real_rate, total_consumption, version, year, category_id) VALUES (0, 19.566, 3.000, 1, 2022, 6);
INSERT INTO public.cost (month, real_rate, total_consumption, version, year, category_id) VALUES (1, 19.602, 3.000, 1, 2022, 6);
INSERT INTO public.cost (month, real_rate, total_consumption, version, year, category_id) VALUES (2, 20.066, 3.000, 1, 2022, 6);
INSERT INTO public.cost (month, real_rate, total_consumption, version, year, category_id) VALUES (3, 20.891, 3.000, 1, 2022, 6);
INSERT INTO public.cost (month, real_rate, total_consumption, version, year, category_id) VALUES (4, 19.815, 3.000, 1, 2022, 6);
INSERT INTO public.cost (month, real_rate, total_consumption, version, year, category_id) VALUES (5, 19.734, 3.000, 1, 2022, 6);
INSERT INTO public.cost (month, real_rate, total_consumption, version, year, category_id) VALUES (6, 20.006, 3.000, 1, 2022, 6);
INSERT INTO public.cost (month, real_rate, total_consumption, version, year, category_id) VALUES (7, 20.731, 3.000, 1, 2022, 6);
INSERT INTO public.cost (month, real_rate, total_consumption, version, year, category_id) VALUES (8, 20.728, 3.000, 1, 2022, 6);
INSERT INTO public.cost (month, real_rate, total_consumption, version, year, category_id) VALUES (9, 20.545, 3.000, 1, 2022, 6);
INSERT INTO public.cost (month, real_rate, total_consumption, version, year, category_id) VALUES (10, 19.361, 3.000, 1, 2022, 6);
INSERT INTO public.cost (month, real_rate, total_consumption, version, year, category_id) VALUES (11, 20.706, 3.000, 1, 2022, 6);
INSERT INTO public.cost (month, real_rate, total_consumption, version, year, category_id) VALUES (0, 27.677, 18.000, 1, 2022, 7);
INSERT INTO public.cost (month, real_rate, total_consumption, version, year, category_id) VALUES (1, 28.859, 18.000, 1, 2022, 7);
INSERT INTO public.cost (month, real_rate, total_consumption, version, year, category_id) VALUES (2, 26.830, 18.000, 1, 2022, 7);
INSERT INTO public.cost (month, real_rate, total_consumption, version, year, category_id) VALUES (3, 28.052, 18.000, 1, 2022, 7);
INSERT INTO public.cost (month, real_rate, total_consumption, version, year, category_id) VALUES (4, 28.333, 18.000, 1, 2022, 7);
INSERT INTO public.cost (month, real_rate, total_consumption, version, year, category_id) VALUES (5, 28.525, 18.000, 1, 2022, 7);
INSERT INTO public.cost (month, real_rate, total_consumption, version, year, category_id) VALUES (6, 29.307, 18.000, 1, 2022, 7);
INSERT INTO public.cost (month, real_rate, total_consumption, version, year, category_id) VALUES (7, 27.492, 18.000, 1, 2022, 7);
INSERT INTO public.cost (month, real_rate, total_consumption, version, year, category_id) VALUES (8, 29.040, 18.000, 1, 2022, 7);
INSERT INTO public.cost (month, real_rate, total_consumption, version, year, category_id) VALUES (9, 26.965, 18.000, 1, 2022, 7);
INSERT INTO public.cost (month, real_rate, total_consumption, version, year, category_id) VALUES (10, 27.087, 18.000, 1, 2022, 7);
INSERT INTO public.cost (month, real_rate, total_consumption, version, year, category_id) VALUES (11, 27.323, 18.000, 1, 2022, 7);
INSERT INTO public.cost (month, real_rate, total_consumption, version, year, category_id) VALUES (0, 5.226, 10.000, 1, 2022, 8);
INSERT INTO public.cost (month, real_rate, total_consumption, version, year, category_id) VALUES (1, 5.146, 10.000, 1, 2022, 8);
INSERT INTO public.cost (month, real_rate, total_consumption, version, year, category_id) VALUES (2, 4.872, 10.000, 1, 2022, 8);
INSERT INTO public.cost (month, real_rate, total_consumption, version, year, category_id) VALUES (3, 5.013, 10.000, 1, 2022, 8);
INSERT INTO public.cost (month, real_rate, total_consumption, version, year, category_id) VALUES (4, 4.891, 10.000, 1, 2022, 8);
INSERT INTO public.cost (month, real_rate, total_consumption, version, year, category_id) VALUES (5, 4.755, 10.000, 1, 2022, 8);
INSERT INTO public.cost (month, real_rate, total_consumption, version, year, category_id) VALUES (6, 4.776, 10.000, 1, 2022, 8);
INSERT INTO public.cost (month, real_rate, total_consumption, version, year, category_id) VALUES (7, 4.883, 10.000, 1, 2022, 8);
INSERT INTO public.cost (month, real_rate, total_consumption, version, year, category_id) VALUES (8, 4.801, 10.000, 1, 2022, 8);
INSERT INTO public.cost (month, real_rate, total_consumption, version, year, category_id) VALUES (9, 4.895, 10.000, 1, 2022, 8);
INSERT INTO public.cost (month, real_rate, total_consumption, version, year, category_id) VALUES (10, 5.150, 10.000, 1, 2022, 8);
INSERT INTO public.cost (month, real_rate, total_consumption, version, year, category_id) VALUES (11, 5.054, 10.000, 1, 2022, 8);
INSERT INTO public.cost (month, real_rate, total_consumption, version, year, category_id) VALUES (0, 8.913, 3.000, 1, 2022, 9);
INSERT INTO public.cost (month, real_rate, total_consumption, version, year, category_id) VALUES (1, 9.169, 3.000, 1, 2022, 9);
INSERT INTO public.cost (month, real_rate, total_consumption, version, year, category_id) VALUES (2, 8.666, 3.000, 1, 2022, 9);
INSERT INTO public.cost (month, real_rate, total_consumption, version, year, category_id) VALUES (3, 8.827, 3.000, 1, 2022, 9);
INSERT INTO public.cost (month, real_rate, total_consumption, version, year, category_id) VALUES (4, 9.081, 3.000, 1, 2022, 9);
INSERT INTO public.cost (month, real_rate, total_consumption, version, year, category_id) VALUES (5, 8.898, 3.000, 1, 2022, 9);
INSERT INTO public.cost (month, real_rate, total_consumption, version, year, category_id) VALUES (6, 9.185, 3.000, 1, 2022, 9);
INSERT INTO public.cost (month, real_rate, total_consumption, version, year, category_id) VALUES (7, 9.000, 3.000, 1, 2022, 9);
INSERT INTO public.cost (month, real_rate, total_consumption, version, year, category_id) VALUES (8, 9.308, 3.000, 1, 2022, 9);
INSERT INTO public.cost (month, real_rate, total_consumption, version, year, category_id) VALUES (9, 8.971, 3.000, 1, 2022, 9);
INSERT INTO public.cost (month, real_rate, total_consumption, version, year, category_id) VALUES (10, 9.221, 3.000, 1, 2022, 9);
INSERT INTO public.cost (month, real_rate, total_consumption, version, year, category_id) VALUES (11, 8.943, 3.000, 1, 2022, 9);
INSERT INTO public.cost (month, real_rate, total_consumption, version, year, category_id) VALUES (0, 238.746, 3.000, 1, 2022, 10);
INSERT INTO public.cost (month, real_rate, total_consumption, version, year, category_id) VALUES (1, 245.767, 3.000, 1, 2022, 10);
INSERT INTO public.cost (month, real_rate, total_consumption, version, year, category_id) VALUES (2, 258.291, 3.000, 1, 2022, 10);
INSERT INTO public.cost (month, real_rate, total_consumption, version, year, category_id) VALUES (3, 246.273, 3.000, 1, 2022, 10);
INSERT INTO public.cost (month, real_rate, total_consumption, version, year, category_id) VALUES (4, 262.291, 3.000, 1, 2022, 10);
INSERT INTO public.cost (month, real_rate, total_consumption, version, year, category_id) VALUES (5, 253.529, 3.000, 1, 2022, 10);
INSERT INTO public.cost (month, real_rate, total_consumption, version, year, category_id) VALUES (6, 259.377, 3.000, 1, 2022, 10);
INSERT INTO public.cost (month, real_rate, total_consumption, version, year, category_id) VALUES (7, 259.838, 3.000, 1, 2022, 10);
INSERT INTO public.cost (month, real_rate, total_consumption, version, year, category_id) VALUES (8, 245.214, 3.000, 1, 2022, 10);
INSERT INTO public.cost (month, real_rate, total_consumption, version, year, category_id) VALUES (9, 240.524, 3.000, 1, 2022, 10);
INSERT INTO public.cost (month, real_rate, total_consumption, version, year, category_id) VALUES (10, 250.449, 3.000, 1, 2022, 10);
INSERT INTO public.cost (month, real_rate, total_consumption, version, year, category_id) VALUES (11, 255.126, 3.000, 1, 2022, 10);
INSERT INTO public.cost (month, real_rate, total_consumption, version, year, category_id) VALUES (0, 95.534, 6.000, 1, 2023, 1);
INSERT INTO public.cost (month, real_rate, total_consumption, version, year, category_id) VALUES (1, 103.466, 6.000, 1, 2023, 1);
INSERT INTO public.cost (month, real_rate, total_consumption, version, year, category_id) VALUES (2, 99.604, 6.000, 1, 2023, 1);
INSERT INTO public.cost (month, real_rate, total_consumption, version, year, category_id) VALUES (3, 95.140, 6.000, 1, 2023, 1);
INSERT INTO public.cost (month, real_rate, total_consumption, version, year, category_id) VALUES (4, 98.165, 6.000, 1, 2023, 1);
INSERT INTO public.cost (month, real_rate, total_consumption, version, year, category_id) VALUES (5, 95.346, 6.000, 1, 2023, 1);
INSERT INTO public.cost (month, real_rate, total_consumption, version, year, category_id) VALUES (0, 48.725, 6.000, 1, 2023, 2);
INSERT INTO public.cost (month, real_rate, total_consumption, version, year, category_id) VALUES (1, 50.994, 6.000, 1, 2023, 2);
INSERT INTO public.cost (month, real_rate, total_consumption, version, year, category_id) VALUES (2, 51.212, 6.000, 1, 2023, 2);
INSERT INTO public.cost (month, real_rate, total_consumption, version, year, category_id) VALUES (3, 47.678, 6.000, 1, 2023, 2);
INSERT INTO public.cost (month, real_rate, total_consumption, version, year, category_id) VALUES (4, 48.696, 6.000, 1, 2023, 2);
INSERT INTO public.cost (month, real_rate, total_consumption, version, year, category_id) VALUES (5, 48.482, 6.000, 1, 2023, 2);
INSERT INTO public.cost (month, real_rate, total_consumption, version, year, category_id) VALUES (0, 5.189, 408.000, 1, 2023, 3);
INSERT INTO public.cost (month, real_rate, total_consumption, version, year, category_id) VALUES (1, 4.951, 408.000, 1, 2023, 3);
INSERT INTO public.cost (month, real_rate, total_consumption, version, year, category_id) VALUES (2, 4.913, 408.000, 1, 2023, 3);
INSERT INTO public.cost (month, real_rate, total_consumption, version, year, category_id) VALUES (3, 4.940, 408.000, 1, 2023, 3);
INSERT INTO public.cost (month, real_rate, total_consumption, version, year, category_id) VALUES (4, 5.011, 408.000, 1, 2023, 3);
INSERT INTO public.cost (month, real_rate, total_consumption, version, year, category_id) VALUES (5, 5.074, 408.000, 1, 2023, 3);
INSERT INTO public.cost (month, real_rate, total_consumption, version, year, category_id) VALUES (0, 7.131, 694.668, 1, 2023, 4);
INSERT INTO public.cost (month, real_rate, total_consumption, version, year, category_id) VALUES (1, 6.847, 614.224, 1, 2023, 4);
INSERT INTO public.cost (month, real_rate, total_consumption, version, year, category_id) VALUES (2, 6.738, 791.613, 1, 2023, 4);
INSERT INTO public.cost (month, real_rate, total_consumption, version, year, category_id) VALUES (3, 7.074, 37.831, 1, 2023, 4);
INSERT INTO public.cost (month, real_rate, total_consumption, version, year, category_id) VALUES (4, 6.863, 70.176, 1, 2023, 4);
INSERT INTO public.cost (month, real_rate, total_consumption, version, year, category_id) VALUES (5, 7.160, 31.004, 1, 2023, 4);
INSERT INTO public.cost (month, real_rate, total_consumption, version, year, category_id) VALUES (0, 3.829, 1020.171, 1, 2023, 5);
INSERT INTO public.cost (month, real_rate, total_consumption, version, year, category_id) VALUES (1, 4.040, 973.105, 1, 2023, 5);
INSERT INTO public.cost (month, real_rate, total_consumption, version, year, category_id) VALUES (2, 3.913, 1178.200, 1, 2023, 5);
INSERT INTO public.cost (month, real_rate, total_consumption, version, year, category_id) VALUES (3, 4.001, 25.827, 1, 2023, 5);
INSERT INTO public.cost (month, real_rate, total_consumption, version, year, category_id) VALUES (4, 4.051, 7.952, 1, 2023, 5);
INSERT INTO public.cost (month, real_rate, total_consumption, version, year, category_id) VALUES (5, 3.837, 55.327, 1, 2023, 5);
INSERT INTO public.cost (month, real_rate, total_consumption, version, year, category_id) VALUES (0, 20.235, 3.000, 1, 2023, 6);
INSERT INTO public.cost (month, real_rate, total_consumption, version, year, category_id) VALUES (1, 20.788, 3.000, 1, 2023, 6);
INSERT INTO public.cost (month, real_rate, total_consumption, version, year, category_id) VALUES (2, 19.249, 3.000, 1, 2023, 6);
INSERT INTO public.cost (month, real_rate, total_consumption, version, year, category_id) VALUES (3, 19.545, 3.000, 1, 2023, 6);
INSERT INTO public.cost (month, real_rate, total_consumption, version, year, category_id) VALUES (4, 20.599, 3.000, 1, 2023, 6);
INSERT INTO public.cost (month, real_rate, total_consumption, version, year, category_id) VALUES (5, 19.289, 3.000, 1, 2023, 6);
INSERT INTO public.cost (month, real_rate, total_consumption, version, year, category_id) VALUES (0, 27.071, 18.000, 1, 2023, 7);
INSERT INTO public.cost (month, real_rate, total_consumption, version, year, category_id) VALUES (1, 27.776, 18.000, 1, 2023, 7);
INSERT INTO public.cost (month, real_rate, total_consumption, version, year, category_id) VALUES (2, 27.474, 18.000, 1, 2023, 7);
INSERT INTO public.cost (month, real_rate, total_consumption, version, year, category_id) VALUES (3, 27.218, 18.000, 1, 2023, 7);
INSERT INTO public.cost (month, real_rate, total_consumption, version, year, category_id) VALUES (4, 27.300, 18.000, 1, 2023, 7);
INSERT INTO public.cost (month, real_rate, total_consumption, version, year, category_id) VALUES (5, 27.304, 18.000, 1, 2023, 7);
INSERT INTO public.cost (month, real_rate, total_consumption, version, year, category_id) VALUES (0, 4.941, 10.000, 1, 2023, 8);
INSERT INTO public.cost (month, real_rate, total_consumption, version, year, category_id) VALUES (1, 4.919, 10.000, 1, 2023, 8);
INSERT INTO public.cost (month, real_rate, total_consumption, version, year, category_id) VALUES (2, 4.855, 10.000, 1, 2023, 8);
INSERT INTO public.cost (month, real_rate, total_consumption, version, year, category_id) VALUES (3, 5.108, 10.000, 1, 2023, 8);
INSERT INTO public.cost (month, real_rate, total_consumption, version, year, category_id) VALUES (4, 5.125, 10.000, 1, 2023, 8);
INSERT INTO public.cost (month, real_rate, total_consumption, version, year, category_id) VALUES (5, 5.212, 10.000, 1, 2023, 8);
INSERT INTO public.cost (month, real_rate, total_consumption, version, year, category_id) VALUES (0, 8.797, 3.000, 1, 2023, 9);
INSERT INTO public.cost (month, real_rate, total_consumption, version, year, category_id) VALUES (1, 9.328, 3.000, 1, 2023, 9);
INSERT INTO public.cost (month, real_rate, total_consumption, version, year, category_id) VALUES (2, 8.694, 3.000, 1, 2023, 9);
INSERT INTO public.cost (month, real_rate, total_consumption, version, year, category_id) VALUES (3, 9.064, 3.000, 1, 2023, 9);
INSERT INTO public.cost (month, real_rate, total_consumption, version, year, category_id) VALUES (4, 9.018, 3.000, 1, 2023, 9);
INSERT INTO public.cost (month, real_rate, total_consumption, version, year, category_id) VALUES (5, 8.551, 3.000, 1, 2023, 9);
INSERT INTO public.cost (month, real_rate, total_consumption, version, year, category_id) VALUES (0, 239.271, 3.000, 1, 2023, 10);
INSERT INTO public.cost (month, real_rate, total_consumption, version, year, category_id) VALUES (1, 261.801, 3.000, 1, 2023, 10);
INSERT INTO public.cost (month, real_rate, total_consumption, version, year, category_id) VALUES (2, 259.818, 3.000, 1, 2023, 10);
INSERT INTO public.cost (month, real_rate, total_consumption, version, year, category_id) VALUES (3, 240.888, 3.000, 1, 2023, 10);
INSERT INTO public.cost (month, real_rate, total_consumption, version, year, category_id) VALUES (4, 252.044, 3.000, 1, 2023, 10);
INSERT INTO public.cost (month, real_rate, total_consumption, version, year, category_id) VALUES (5, 259.160, 3.000, 1, 2023, 10);
--endregion

--region report
--Report
INSERT INTO public.report (id, created_time, total_consumption, total_cost, updated_time, version, year, category_id, place_id, created_by, updated_by) VALUES (47, '2023-06-03 22:38:00.766728', 12.024, 1219.956, '2023-06-05 17:51:23.134439', 3, 2022, 1, 1, -2, -2);
INSERT INTO public.report (id, created_time, total_consumption, total_cost, updated_time, version, year, category_id, place_id, created_by, updated_by) VALUES (48, '2023-06-03 22:38:00.789729', 12.024, 591.424, '2023-06-05 17:51:23.158794', 3, 2022, 2, 1, -2, -2);
INSERT INTO public.report (id, created_time, total_consumption, total_cost, updated_time, version, year, category_id, place_id, created_by, updated_by) VALUES (49, '2023-06-03 22:38:00.808731', 651.168, 3182.618, '2023-06-05 17:51:23.177496', 3, 2022, 3, 1, -2, -2);
INSERT INTO public.report (id, created_time, total_consumption, total_cost, updated_time, version, year, category_id, place_id, created_by, updated_by) VALUES (50, '2023-06-03 22:38:00.829728', 412.158, 2870.407, '2023-06-05 17:51:23.193605', 3, 2022, 4, 1, -2, -2);
INSERT INTO public.report (id, created_time, total_consumption, total_cost, updated_time, version, year, category_id, place_id, created_by, updated_by) VALUES (51, '2023-06-03 22:38:00.851731', 424.071, 1695.876, '2023-06-05 17:51:23.214252', 3, 2022, 5, 1, -2, -2);
INSERT INTO public.report (id, created_time, total_consumption, total_cost, updated_time, version, year, category_id, place_id, created_by, updated_by) VALUES (52, '2023-06-03 22:38:00.872728', 12.024, 242.234, '2023-06-05 17:51:23.244370', 3, 2022, 6, 1, -2, -2);
INSERT INTO public.report (id, created_time, total_consumption, total_cost, updated_time, version, year, category_id, place_id, created_by, updated_by) VALUES (53, '2023-06-03 22:38:00.892747', 48.168, 1346.656, '2023-06-05 17:51:23.283731', 3, 2022, 7, 1, -2, -2);
INSERT INTO public.report (id, created_time, total_consumption, total_cost, updated_time, version, year, category_id, place_id, created_by, updated_by) VALUES (54, '2023-06-03 22:38:00.907727', 12.024, 3021.456, '2023-06-05 17:51:23.318164', 3, 2022, 10, 1, -2, -2);
INSERT INTO public.report (id, created_time, total_consumption, total_cost, updated_time, version, year, category_id, place_id, created_by, updated_by) VALUES (55, '2023-06-03 22:38:00.925749', 12.024, 1219.956, '2023-06-05 17:51:23.358081', 3, 2022, 1, 2, -2, -2);
INSERT INTO public.report (id, created_time, total_consumption, total_cost, updated_time, version, year, category_id, place_id, created_by, updated_by) VALUES (56, '2023-06-03 22:38:00.938727', 12.024, 591.424, '2023-06-05 17:51:23.385066', 3, 2022, 2, 2, -2, -2);
INSERT INTO public.report (id, created_time, total_consumption, total_cost, updated_time, version, year, category_id, place_id, created_by, updated_by) VALUES (57, '2023-06-03 22:38:00.950736', 484.704, 2369.015, '2023-06-05 17:51:23.407067', 3, 2022, 3, 2, -2, -2);
INSERT INTO public.report (id, created_time, total_consumption, total_cost, updated_time, version, year, category_id, place_id, created_by, updated_by) VALUES (58, '2023-06-03 22:38:00.964728', 460.083, 3201.353, '2023-06-05 17:51:23.426084', 3, 2022, 4, 2, -2, -2);
INSERT INTO public.report (id, created_time, total_consumption, total_cost, updated_time, version, year, category_id, place_id, created_by, updated_by) VALUES (59, '2023-06-03 22:38:00.980624', 377.496, 1505.043, '2023-06-05 17:51:23.444066', 3, 2022, 5, 2, -2, -2);
INSERT INTO public.report (id, created_time, total_consumption, total_cost, updated_time, version, year, category_id, place_id, created_by, updated_by) VALUES (60, '2023-06-03 22:38:00.995972', 12.024, 242.234, '2023-06-05 17:51:23.468066', 3, 2022, 6, 2, -2, -2);
INSERT INTO public.report (id, created_time, total_consumption, total_cost, updated_time, version, year, category_id, place_id, created_by, updated_by) VALUES (61, '2023-06-03 22:38:01.015020', 36.072, 1008.482, '2023-06-05 17:51:23.492072', 3, 2022, 7, 2, -2, -2);
INSERT INTO public.report (id, created_time, total_consumption, total_cost, updated_time, version, year, category_id, place_id, created_by, updated_by) VALUES (62, '2023-06-03 22:38:01.032135', 12.024, 3021.456, '2023-06-05 17:51:23.527068', 3, 2022, 10, 2, -2, -2);
INSERT INTO public.report (id, created_time, total_consumption, total_cost, updated_time, version, year, category_id, place_id, created_by, updated_by) VALUES (63, '2023-06-03 22:38:01.059895', 12.024, 1219.956, '2023-06-05 17:51:23.552066', 3, 2022, 1, 3, -2, -2);
INSERT INTO public.report (id, created_time, total_consumption, total_cost, updated_time, version, year, category_id, place_id, created_by, updated_by) VALUES (64, '2023-06-03 22:38:01.080371', 12.024, 591.424, '2023-06-05 17:51:23.568518', 3, 2022, 2, 3, -2, -2);
INSERT INTO public.report (id, created_time, total_consumption, total_cost, updated_time, version, year, category_id, place_id, created_by, updated_by) VALUES (65, '2023-06-03 22:38:01.099272', 386.784, 1890.426, '2023-06-05 17:51:23.582809', 3, 2022, 3, 3, -2, -2);
INSERT INTO public.report (id, created_time, total_consumption, total_cost, updated_time, version, year, category_id, place_id, created_by, updated_by) VALUES (66, '2023-06-03 22:38:01.124786', 406.912, 1629.559, '2023-06-05 17:51:23.596914', 3, 2022, 5, 3, -2, -2);
INSERT INTO public.report (id, created_time, total_consumption, total_cost, updated_time, version, year, category_id, place_id, created_by, updated_by) VALUES (67, '2023-06-03 22:38:01.150894', 12.024, 242.234, '2023-06-05 17:51:23.609323', 3, 2022, 6, 3, -2, -2);
INSERT INTO public.report (id, created_time, total_consumption, total_cost, updated_time, version, year, category_id, place_id, created_by, updated_by) VALUES (68, '2023-06-03 22:38:01.170954', 12.096, 338.173, '2023-06-05 17:51:23.623110', 3, 2022, 7, 3, -2, -2);
INSERT INTO public.report (id, created_time, total_consumption, total_cost, updated_time, version, year, category_id, place_id, created_by, updated_by) VALUES (69, '2023-06-03 22:38:01.187957', 12.024, 108.401, '2023-06-05 17:51:23.640504', 3, 2022, 9, 3, -2, -2);
INSERT INTO public.report (id, created_time, total_consumption, total_cost, updated_time, version, year, category_id, place_id, created_by, updated_by) VALUES (70, '2023-06-03 22:38:01.206954', 12.024, 1219.956, '2023-06-05 17:51:23.668316', 3, 2022, 1, 4, -2, -2);
INSERT INTO public.report (id, created_time, total_consumption, total_cost, updated_time, version, year, category_id, place_id, created_by, updated_by) VALUES (71, '2023-06-03 22:38:01.221954', 12.024, 591.424, '2023-06-05 17:51:23.685077', 3, 2022, 2, 4, -2, -2);
INSERT INTO public.report (id, created_time, total_consumption, total_cost, updated_time, version, year, category_id, place_id, created_by, updated_by) VALUES (72, '2023-06-03 22:38:01.239955', 1405.152, 6867.755, '2023-06-05 17:51:23.701672', 3, 2022, 3, 4, -2, -2);
INSERT INTO public.report (id, created_time, total_consumption, total_cost, updated_time, version, year, category_id, place_id, created_by, updated_by) VALUES (73, '2023-06-03 22:38:01.259957', 409.363, 1628.583, '2023-06-05 17:51:23.719734', 3, 2022, 5, 4, -2, -2);
INSERT INTO public.report (id, created_time, total_consumption, total_cost, updated_time, version, year, category_id, place_id, created_by, updated_by) VALUES (74, '2023-06-03 22:38:01.285958', 60.048, 1678.789, '2023-06-05 17:51:23.745872', 3, 2022, 7, 4, -2, -2);
INSERT INTO public.report (id, created_time, total_consumption, total_cost, updated_time, version, year, category_id, place_id, created_by, updated_by) VALUES (75, '2023-06-03 22:38:01.305960', 60.000, 297.310, '2023-06-05 17:51:23.775041', 3, 2022, 8, 4, -2, -2);
INSERT INTO public.report (id, created_time, total_consumption, total_cost, updated_time, version, year, category_id, place_id, created_by, updated_by) VALUES (76, '2023-06-03 22:38:01.325958', 12.024, 108.401, '2023-06-05 17:51:23.811748', 3, 2022, 9, 4, -2, -2);
INSERT INTO public.report (id, created_time, total_consumption, total_cost, updated_time, version, year, category_id, place_id, created_by, updated_by) VALUES (77, '2023-06-03 22:38:01.345955', 12.024, 1219.956, '2023-06-05 17:51:23.836910', 3, 2022, 1, 5, -2, -2);
INSERT INTO public.report (id, created_time, total_consumption, total_cost, updated_time, version, year, category_id, place_id, created_by, updated_by) VALUES (78, '2023-06-03 22:38:01.363954', 12.024, 591.424, '2023-06-05 17:51:23.857263', 3, 2022, 2, 5, -2, -2);
INSERT INTO public.report (id, created_time, total_consumption, total_cost, updated_time, version, year, category_id, place_id, created_by, updated_by) VALUES (79, '2023-06-03 22:38:01.377953', 817.632, 3996.220, '2023-06-05 17:51:23.873314', 3, 2022, 3, 5, -2, -2);
INSERT INTO public.report (id, created_time, total_consumption, total_cost, updated_time, version, year, category_id, place_id, created_by, updated_by) VALUES (80, '2023-06-03 22:38:01.394051', 391.390, 2732.384, '2023-06-05 17:51:23.887885', 3, 2022, 4, 5, -2, -2);
INSERT INTO public.report (id, created_time, total_consumption, total_cost, updated_time, version, year, category_id, place_id, created_by, updated_by) VALUES (81, '2023-06-03 22:38:01.406955', 426.522, 1697.907, '2023-06-05 17:51:23.908388', 3, 2022, 5, 5, -2, -2);
INSERT INTO public.report (id, created_time, total_consumption, total_cost, updated_time, version, year, category_id, place_id, created_by, updated_by) VALUES (82, '2023-06-03 22:38:01.420955', 24.192, 676.348, '2023-06-05 17:51:23.924526', 3, 2022, 7, 5, -2, -2);
INSERT INTO public.report (id, created_time, total_consumption, total_cost, updated_time, version, year, category_id, place_id, created_by, updated_by) VALUES (83, '2023-06-03 22:38:01.437175', 24.000, 118.924, '2023-06-05 17:51:23.943759', 3, 2022, 8, 5, -2, -2);
INSERT INTO public.report (id, created_time, total_consumption, total_cost, updated_time, version, year, category_id, place_id, created_by, updated_by) VALUES (84, '2023-06-03 22:38:01.451615', 12.024, 3021.456, '2023-06-05 17:51:23.965666', 3, 2022, 10, 5, -2, -2);
INSERT INTO public.report (id, created_time, total_consumption, total_cost, updated_time, version, year, category_id, place_id, created_by, updated_by) VALUES (85, '2023-06-03 22:38:01.469451', 12.024, 1219.956, '2023-06-05 17:51:23.984031', 3, 2022, 1, 6, -2, -2);
INSERT INTO public.report (id, created_time, total_consumption, total_cost, updated_time, version, year, category_id, place_id, created_by, updated_by) VALUES (86, '2023-06-03 22:38:01.487361', 12.024, 591.424, '2023-06-05 17:51:24.005280', 3, 2022, 2, 6, -2, -2);
INSERT INTO public.report (id, created_time, total_consumption, total_cost, updated_time, version, year, category_id, place_id, created_by, updated_by) VALUES (87, '2023-06-03 22:38:01.510786', 1165.248, 5695.212, '2023-06-05 17:51:24.031192', 3, 2022, 3, 6, -2, -2);
INSERT INTO public.report (id, created_time, total_consumption, total_cost, updated_time, version, year, category_id, place_id, created_by, updated_by) VALUES (88, '2023-06-03 22:38:01.534125', 337.075, 2352.547, '2023-06-05 17:51:24.062714', 3, 2022, 4, 6, -2, -2);
INSERT INTO public.report (id, created_time, total_consumption, total_cost, updated_time, version, year, category_id, place_id, created_by, updated_by) VALUES (89, '2023-06-03 22:38:01.554850', 411.814, 1651.638, '2023-06-05 17:51:24.098725', 3, 2022, 5, 6, -2, -2);
INSERT INTO public.report (id, created_time, total_consumption, total_cost, updated_time, version, year, category_id, place_id, created_by, updated_by) VALUES (90, '2023-06-03 22:38:01.574647', 36.072, 1008.482, '2023-06-05 17:51:24.178917', 3, 2022, 7, 6, -2, -2);
INSERT INTO public.report (id, created_time, total_consumption, total_cost, updated_time, version, year, category_id, place_id, created_by, updated_by) VALUES (91, '2023-06-03 22:38:01.591299', 36.000, 178.385, '2023-06-05 17:51:24.204925', 3, 2022, 8, 6, -2, -2);
INSERT INTO public.report (id, created_time, total_consumption, total_cost, updated_time, version, year, category_id, place_id, created_by, updated_by) VALUES (92, '2023-06-03 22:38:01.606773', 12.024, 108.401, '2023-06-05 17:51:24.248059', 3, 2022, 9, 6, -2, -2);
--endregion